// Auto-generated cp932 double-byte -> Unicode table (9604 entries).
#pragma once
#include <stdint.h>
static const uint32_t cp932_table_COUNT = 9604;
static const uint32_t cp932_table_TABLE[9604] = {
0x81403000,
0x81413001,
0x81423002,
0x8143FF0C,
0x8144FF0E,
0x814530FB,
0x8146FF1A,
0x8147FF1B,
0x8148FF1F,
0x8149FF01,
0x814A309B,
0x814B309C,
0x814C00B4,
0x814DFF40,
0x814E00A8,
0x814FFF3E,
0x8150FFE3,
0x8151FF3F,
0x815230FD,
0x815330FE,
0x8154309D,
0x8155309E,
0x81563003,
0x81574EDD,
0x81583005,
0x81593006,
0x815A3007,
0x815B30FC,
0x815C2015,
0x815D2010,
0x815EFF0F,
0x815FFF3C,
0x8160FF5E,
0x81612225,
0x8162FF5C,
0x81632026,
0x81642025,
0x81652018,
0x81662019,
0x8167201C,
0x8168201D,
0x8169FF08,
0x816AFF09,
0x816B3014,
0x816C3015,
0x816DFF3B,
0x816EFF3D,
0x816FFF5B,
0x8170FF5D,
0x81713008,
0x81723009,
0x8173300A,
0x8174300B,
0x8175300C,
0x8176300D,
0x8177300E,
0x8178300F,
0x81793010,
0x817A3011,
0x817BFF0B,
0x817CFF0D,
0x817D00B1,
0x817E00D7,
0x818000F7,
0x8181FF1D,
0x81822260,
0x8183FF1C,
0x8184FF1E,
0x81852266,
0x81862267,
0x8187221E,
0x81882234,
0x81892642,
0x818A2640,
0x818B00B0,
0x818C2032,
0x818D2033,
0x818E2103,
0x818FFFE5,
0x8190FF04,
0x8191FFE0,
0x8192FFE1,
0x8193FF05,
0x8194FF03,
0x8195FF06,
0x8196FF0A,
0x8197FF20,
0x819800A7,
0x81992606,
0x819A2605,
0x819B25CB,
0x819C25CF,
0x819D25CE,
0x819E25C7,
0x819F25C6,
0x81A025A1,
0x81A125A0,
0x81A225B3,
0x81A325B2,
0x81A425BD,
0x81A525BC,
0x81A6203B,
0x81A73012,
0x81A82192,
0x81A92190,
0x81AA2191,
0x81AB2193,
0x81AC3013,
0x81B82208,
0x81B9220B,
0x81BA2286,
0x81BB2287,
0x81BC2282,
0x81BD2283,
0x81BE222A,
0x81BF2229,
0x81C82227,
0x81C92228,
0x81CAFFE2,
0x81CB21D2,
0x81CC21D4,
0x81CD2200,
0x81CE2203,
0x81DA2220,
0x81DB22A5,
0x81DC2312,
0x81DD2202,
0x81DE2207,
0x81DF2261,
0x81E02252,
0x81E1226A,
0x81E2226B,
0x81E3221A,
0x81E4223D,
0x81E5221D,
0x81E62235,
0x81E7222B,
0x81E8222C,
0x81F0212B,
0x81F12030,
0x81F2266F,
0x81F3266D,
0x81F4266A,
0x81F52020,
0x81F62021,
0x81F700B6,
0x81FC25EF,
0x824FFF10,
0x8250FF11,
0x8251FF12,
0x8252FF13,
0x8253FF14,
0x8254FF15,
0x8255FF16,
0x8256FF17,
0x8257FF18,
0x8258FF19,
0x8260FF21,
0x8261FF22,
0x8262FF23,
0x8263FF24,
0x8264FF25,
0x8265FF26,
0x8266FF27,
0x8267FF28,
0x8268FF29,
0x8269FF2A,
0x826AFF2B,
0x826BFF2C,
0x826CFF2D,
0x826DFF2E,
0x826EFF2F,
0x826FFF30,
0x8270FF31,
0x8271FF32,
0x8272FF33,
0x8273FF34,
0x8274FF35,
0x8275FF36,
0x8276FF37,
0x8277FF38,
0x8278FF39,
0x8279FF3A,
0x8281FF41,
0x8282FF42,
0x8283FF43,
0x8284FF44,
0x8285FF45,
0x8286FF46,
0x8287FF47,
0x8288FF48,
0x8289FF49,
0x828AFF4A,
0x828BFF4B,
0x828CFF4C,
0x828DFF4D,
0x828EFF4E,
0x828FFF4F,
0x8290FF50,
0x8291FF51,
0x8292FF52,
0x8293FF53,
0x8294FF54,
0x8295FF55,
0x8296FF56,
0x8297FF57,
0x8298FF58,
0x8299FF59,
0x829AFF5A,
0x829F3041,
0x82A03042,
0x82A13043,
0x82A23044,
0x82A33045,
0x82A43046,
0x82A53047,
0x82A63048,
0x82A73049,
0x82A8304A,
0x82A9304B,
0x82AA304C,
0x82AB304D,
0x82AC304E,
0x82AD304F,
0x82AE3050,
0x82AF3051,
0x82B03052,
0x82B13053,
0x82B23054,
0x82B33055,
0x82B43056,
0x82B53057,
0x82B63058,
0x82B73059,
0x82B8305A,
0x82B9305B,
0x82BA305C,
0x82BB305D,
0x82BC305E,
0x82BD305F,
0x82BE3060,
0x82BF3061,
0x82C03062,
0x82C13063,
0x82C23064,
0x82C33065,
0x82C43066,
0x82C53067,
0x82C63068,
0x82C73069,
0x82C8306A,
0x82C9306B,
0x82CA306C,
0x82CB306D,
0x82CC306E,
0x82CD306F,
0x82CE3070,
0x82CF3071,
0x82D03072,
0x82D13073,
0x82D23074,
0x82D33075,
0x82D43076,
0x82D53077,
0x82D63078,
0x82D73079,
0x82D8307A,
0x82D9307B,
0x82DA307C,
0x82DB307D,
0x82DC307E,
0x82DD307F,
0x82DE3080,
0x82DF3081,
0x82E03082,
0x82E13083,
0x82E23084,
0x82E33085,
0x82E43086,
0x82E53087,
0x82E63088,
0x82E73089,
0x82E8308A,
0x82E9308B,
0x82EA308C,
0x82EB308D,
0x82EC308E,
0x82ED308F,
0x82EE3090,
0x82EF3091,
0x82F03092,
0x82F13093,
0x834030A1,
0x834130A2,
0x834230A3,
0x834330A4,
0x834430A5,
0x834530A6,
0x834630A7,
0x834730A8,
0x834830A9,
0x834930AA,
0x834A30AB,
0x834B30AC,
0x834C30AD,
0x834D30AE,
0x834E30AF,
0x834F30B0,
0x835030B1,
0x835130B2,
0x835230B3,
0x835330B4,
0x835430B5,
0x835530B6,
0x835630B7,
0x835730B8,
0x835830B9,
0x835930BA,
0x835A30BB,
0x835B30BC,
0x835C30BD,
0x835D30BE,
0x835E30BF,
0x835F30C0,
0x836030C1,
0x836130C2,
0x836230C3,
0x836330C4,
0x836430C5,
0x836530C6,
0x836630C7,
0x836730C8,
0x836830C9,
0x836930CA,
0x836A30CB,
0x836B30CC,
0x836C30CD,
0x836D30CE,
0x836E30CF,
0x836F30D0,
0x837030D1,
0x837130D2,
0x837230D3,
0x837330D4,
0x837430D5,
0x837530D6,
0x837630D7,
0x837730D8,
0x837830D9,
0x837930DA,
0x837A30DB,
0x837B30DC,
0x837C30DD,
0x837D30DE,
0x837E30DF,
0x838030E0,
0x838130E1,
0x838230E2,
0x838330E3,
0x838430E4,
0x838530E5,
0x838630E6,
0x838730E7,
0x838830E8,
0x838930E9,
0x838A30EA,
0x838B30EB,
0x838C30EC,
0x838D30ED,
0x838E30EE,
0x838F30EF,
0x839030F0,
0x839130F1,
0x839230F2,
0x839330F3,
0x839430F4,
0x839530F5,
0x839630F6,
0x839F0391,
0x83A00392,
0x83A10393,
0x83A20394,
0x83A30395,
0x83A40396,
0x83A50397,
0x83A60398,
0x83A70399,
0x83A8039A,
0x83A9039B,
0x83AA039C,
0x83AB039D,
0x83AC039E,
0x83AD039F,
0x83AE03A0,
0x83AF03A1,
0x83B003A3,
0x83B103A4,
0x83B203A5,
0x83B303A6,
0x83B403A7,
0x83B503A8,
0x83B603A9,
0x83BF03B1,
0x83C003B2,
0x83C103B3,
0x83C203B4,
0x83C303B5,
0x83C403B6,
0x83C503B7,
0x83C603B8,
0x83C703B9,
0x83C803BA,
0x83C903BB,
0x83CA03BC,
0x83CB03BD,
0x83CC03BE,
0x83CD03BF,
0x83CE03C0,
0x83CF03C1,
0x83D003C3,
0x83D103C4,
0x83D203C5,
0x83D303C6,
0x83D403C7,
0x83D503C8,
0x83D603C9,
0x84400410,
0x84410411,
0x84420412,
0x84430413,
0x84440414,
0x84450415,
0x84460401,
0x84470416,
0x84480417,
0x84490418,
0x844A0419,
0x844B041A,
0x844C041B,
0x844D041C,
0x844E041D,
0x844F041E,
0x8450041F,
0x84510420,
0x84520421,
0x84530422,
0x84540423,
0x84550424,
0x84560425,
0x84570426,
0x84580427,
0x84590428,
0x845A0429,
0x845B042A,
0x845C042B,
0x845D042C,
0x845E042D,
0x845F042E,
0x8460042F,
0x84700430,
0x84710431,
0x84720432,
0x84730433,
0x84740434,
0x84750435,
0x84760451,
0x84770436,
0x84780437,
0x84790438,
0x847A0439,
0x847B043A,
0x847C043B,
0x847D043C,
0x847E043D,
0x8480043E,
0x8481043F,
0x84820440,
0x84830441,
0x84840442,
0x84850443,
0x84860444,
0x84870445,
0x84880446,
0x84890447,
0x848A0448,
0x848B0449,
0x848C044A,
0x848D044B,
0x848E044C,
0x848F044D,
0x8490044E,
0x8491044F,
0x849F2500,
0x84A02502,
0x84A1250C,
0x84A22510,
0x84A32518,
0x84A42514,
0x84A5251C,
0x84A6252C,
0x84A72524,
0x84A82534,
0x84A9253C,
0x84AA2501,
0x84AB2503,
0x84AC250F,
0x84AD2513,
0x84AE251B,
0x84AF2517,
0x84B02523,
0x84B12533,
0x84B2252B,
0x84B3253B,
0x84B4254B,
0x84B52520,
0x84B6252F,
0x84B72528,
0x84B82537,
0x84B9253F,
0x84BA251D,
0x84BB2530,
0x84BC2525,
0x84BD2538,
0x84BE2542,
0x87402460,
0x87412461,
0x87422462,
0x87432463,
0x87442464,
0x87452465,
0x87462466,
0x87472467,
0x87482468,
0x87492469,
0x874A246A,
0x874B246B,
0x874C246C,
0x874D246D,
0x874E246E,
0x874F246F,
0x87502470,
0x87512471,
0x87522472,
0x87532473,
0x87542160,
0x87552161,
0x87562162,
0x87572163,
0x87582164,
0x87592165,
0x875A2166,
0x875B2167,
0x875C2168,
0x875D2169,
0x875F3349,
0x87603314,
0x87613322,
0x8762334D,
0x87633318,
0x87643327,
0x87653303,
0x87663336,
0x87673351,
0x87683357,
0x8769330D,
0x876A3326,
0x876B3323,
0x876C332B,
0x876D334A,
0x876E333B,
0x876F339C,
0x8770339D,
0x8771339E,
0x8772338E,
0x8773338F,
0x877433C4,
0x877533A1,
0x877E337B,
0x8780301D,
0x8781301F,
0x87822116,
0x878333CD,
0x87842121,
0x878532A4,
0x878632A5,
0x878732A6,
0x878832A7,
0x878932A8,
0x878A3231,
0x878B3232,
0x878C3239,
0x878D337E,
0x878E337D,
0x878F337C,
0x87902252,
0x87912261,
0x8792222B,
0x8793222E,
0x87942211,
0x8795221A,
0x879622A5,
0x87972220,
0x8798221F,
0x879922BF,
0x879A2235,
0x879B2229,
0x879C222A,
0x889F4E9C,
0x88A05516,
0x88A15A03,
0x88A2963F,
0x88A354C0,
0x88A4611B,
0x88A56328,
0x88A659F6,
0x88A79022,
0x88A88475,
0x88A9831C,
0x88AA7A50,
0x88AB60AA,
0x88AC63E1,
0x88AD6E25,
0x88AE65ED,
0x88AF8466,
0x88B082A6,
0x88B19BF5,
0x88B26893,
0x88B35727,
0x88B465A1,
0x88B56271,
0x88B65B9B,
0x88B759D0,
0x88B8867B,
0x88B998F4,
0x88BA7D62,
0x88BB7DBE,
0x88BC9B8E,
0x88BD6216,
0x88BE7C9F,
0x88BF88B7,
0x88C05B89,
0x88C15EB5,
0x88C26309,
0x88C36697,
0x88C46848,
0x88C595C7,
0x88C6978D,
0x88C7674F,
0x88C84EE5,
0x88C94F0A,
0x88CA4F4D,
0x88CB4F9D,
0x88CC5049,
0x88CD56F2,
0x88CE5937,
0x88CF59D4,
0x88D05A01,
0x88D15C09,
0x88D260DF,
0x88D3610F,
0x88D46170,
0x88D56613,
0x88D66905,
0x88D770BA,
0x88D8754F,
0x88D97570,
0x88DA79FB,
0x88DB7DAD,
0x88DC7DEF,
0x88DD80C3,
0x88DE840E,
0x88DF8863,
0x88E08B02,
0x88E19055,
0x88E2907A,
0x88E3533B,
0x88E44E95,
0x88E54EA5,
0x88E657DF,
0x88E780B2,
0x88E890C1,
0x88E978EF,
0x88EA4E00,
0x88EB58F1,
0x88EC6EA2,
0x88ED9038,
0x88EE7A32,
0x88EF8328,
0x88F0828B,
0x88F19C2F,
0x88F25141,
0x88F35370,
0x88F454BD,
0x88F554E1,
0x88F656E0,
0x88F759FB,
0x88F85F15,
0x88F998F2,
0x88FA6DEB,
0x88FB80E4,
0x88FC852D,
0x89409662,
0x89419670,
0x894296A0,
0x894397FB,
0x8944540B,
0x894553F3,
0x89465B87,
0x894770CF,
0x89487FBD,
0x89498FC2,
0x894A96E8,
0x894B536F,
0x894C9D5C,
0x894D7ABA,
0x894E4E11,
0x894F7893,
0x895081FC,
0x89516E26,
0x89525618,
0x89535504,
0x89546B1D,
0x8955851A,
0x89569C3B,
0x895759E5,
0x895853A9,
0x89596D66,
0x895A74DC,
0x895B958F,
0x895C5642,
0x895D4E91,
0x895E904B,
0x895F96F2,
0x8960834F,
0x8961990C,
0x896253E1,
0x896355B6,
0x89645B30,
0x89655F71,
0x89666620,
0x896766F3,
0x89686804,
0x89696C38,
0x896A6CF3,
0x896B6D29,
0x896C745B,
0x896D76C8,
0x896E7A4E,
0x896F9834,
0x897082F1,
0x8971885B,
0x89728A60,
0x897392ED,
0x89746DB2,
0x897575AB,
0x897676CA,
0x897799C5,
0x897860A6,
0x89798B01,
0x897A8D8A,
0x897B95B2,
0x897C698E,
0x897D53AD,
0x897E5186,
0x89805712,
0x89815830,
0x89825944,
0x89835BB4,
0x89845EF6,
0x89856028,
0x898663A9,
0x898763F4,
0x89886CBF,
0x89896F14,
0x898A708E,
0x898B7114,
0x898C7159,
0x898D71D5,
0x898E733F,
0x898F7E01,
0x89908276,
0x899182D1,
0x89928597,
0x89939060,
0x8994925B,
0x89959D1B,
0x89965869,
0x899765BC,
0x89986C5A,
0x89997525,
0x899A51F9,
0x899B592E,
0x899C5965,
0x899D5F80,
0x899E5FDC,
0x899F62BC,
0x89A065FA,
0x89A16A2A,
0x89A26B27,
0x89A36BB4,
0x89A4738B,
0x89A57FC1,
0x89A68956,
0x89A79D2C,
0x89A89D0E,
0x89A99EC4,
0x89AA5CA1,
0x89AB6C96,
0x89AC837B,
0x89AD5104,
0x89AE5C4B,
0x89AF61B6,
0x89B081C6,
0x89B16876,
0x89B27261,
0x89B34E59,
0x89B44FFA,
0x89B55378,
0x89B66069,
0x89B76E29,
0x89B87A4F,
0x89B997F3,
0x89BA4E0B,
0x89BB5316,
0x89BC4EEE,
0x89BD4F55,
0x89BE4F3D,
0x89BF4FA1,
0x89C04F73,
0x89C152A0,
0x89C253EF,
0x89C35609,
0x89C4590F,
0x89C55AC1,
0x89C65BB6,
0x89C75BE1,
0x89C879D1,
0x89C96687,
0x89CA679C,
0x89CB67B6,
0x89CC6B4C,
0x89CD6CB3,
0x89CE706B,
0x89CF73C2,
0x89D0798D,
0x89D179BE,
0x89D27A3C,
0x89D37B87,
0x89D482B1,
0x89D582DB,
0x89D68304,
0x89D78377,
0x89D883EF,
0x89D983D3,
0x89DA8766,
0x89DB8AB2,
0x89DC5629,
0x89DD8CA8,
0x89DE8FE6,
0x89DF904E,
0x89E0971E,
0x89E1868A,
0x89E24FC4,
0x89E35CE8,
0x89E46211,
0x89E57259,
0x89E6753B,
0x89E781E5,
0x89E882BD,
0x89E986FE,
0x89EA8CC0,
0x89EB96C5,
0x89EC9913,
0x89ED99D5,
0x89EE4ECB,
0x89EF4F1A,
0x89F089E3,
0x89F156DE,
0x89F2584A,
0x89F358CA,
0x89F45EFB,
0x89F55FEB,
0x89F6602A,
0x89F76094,
0x89F86062,
0x89F961D0,
0x89FA6212,
0x89FB62D0,
0x89FC6539,
0x8A409B41,
0x8A416666,
0x8A4268B0,
0x8A436D77,
0x8A447070,
0x8A45754C,
0x8A467686,
0x8A477D75,
0x8A4882A5,
0x8A4987F9,
0x8A4A958B,
0x8A4B968E,
0x8A4C8C9D,
0x8A4D51F1,
0x8A4E52BE,
0x8A4F5916,
0x8A5054B3,
0x8A515BB3,
0x8A525D16,
0x8A536168,
0x8A546982,
0x8A556DAF,
0x8A56788D,
0x8A5784CB,
0x8A588857,
0x8A598A72,
0x8A5A93A7,
0x8A5B9AB8,
0x8A5C6D6C,
0x8A5D99A8,
0x8A5E86D9,
0x8A5F57A3,
0x8A6067FF,
0x8A6186CE,
0x8A62920E,
0x8A635283,
0x8A645687,
0x8A655404,
0x8A665ED3,
0x8A6762E1,
0x8A6864B9,
0x8A69683C,
0x8A6A6838,
0x8A6B6BBB,
0x8A6C7372,
0x8A6D78BA,
0x8A6E7A6B,
0x8A6F899A,
0x8A7089D2,
0x8A718D6B,
0x8A728F03,
0x8A7390ED,
0x8A7495A3,
0x8A759694,
0x8A769769,
0x8A775B66,
0x8A785CB3,
0x8A79697D,
0x8A7A984D,
0x8A7B984E,
0x8A7C639B,
0x8A7D7B20,
0x8A7E6A2B,
0x8A806A7F,
0x8A8168B6,
0x8A829C0D,
0x8A836F5F,
0x8A845272,
0x8A85559D,
0x8A866070,
0x8A8762EC,
0x8A886D3B,
0x8A896E07,
0x8A8A6ED1,
0x8A8B845B,
0x8A8C8910,
0x8A8D8F44,
0x8A8E4E14,
0x8A8F9C39,
0x8A9053F6,
0x8A91691B,
0x8A926A3A,
0x8A939784,
0x8A94682A,
0x8A95515C,
0x8A967AC3,
0x8A9784B2,
0x8A9891DC,
0x8A99938C,
0x8A9A565B,
0x8A9B9D28,
0x8A9C6822,
0x8A9D8305,
0x8A9E8431,
0x8A9F7CA5,
0x8AA05208,
0x8AA182C5,
0x8AA274E6,
0x8AA34E7E,
0x8AA44F83,
0x8AA551A0,
0x8AA65BD2,
0x8AA7520A,
0x8AA852D8,
0x8AA952E7,
0x8AAA5DFB,
0x8AAB559A,
0x8AAC582A,
0x8AAD59E6,
0x8AAE5B8C,
0x8AAF5B98,
0x8AB05BDB,
0x8AB15E72,
0x8AB25E79,
0x8AB360A3,
0x8AB4611F,
0x8AB56163,
0x8AB661BE,
0x8AB763DB,
0x8AB86562,
0x8AB967D1,
0x8ABA6853,
0x8ABB68FA,
0x8ABC6B3E,
0x8ABD6B53,
0x8ABE6C57,
0x8ABF6F22,
0x8AC06F97,
0x8AC16F45,
0x8AC274B0,
0x8AC37518,
0x8AC476E3,
0x8AC5770B,
0x8AC67AFF,
0x8AC77BA1,
0x8AC87C21,
0x8AC97DE9,
0x8ACA7F36,
0x8ACB7FF0,
0x8ACC809D,
0x8ACD8266,
0x8ACE839E,
0x8ACF89B3,
0x8AD08ACC,
0x8AD18CAB,
0x8AD29084,
0x8AD39451,
0x8AD49593,
0x8AD59591,
0x8AD695A2,
0x8AD79665,
0x8AD897D3,
0x8AD99928,
0x8ADA8218,
0x8ADB4E38,
0x8ADC542B,
0x8ADD5CB8,
0x8ADE5DCC,
0x8ADF73A9,
0x8AE0764C,
0x8AE1773C,
0x8AE25CA9,
0x8AE37FEB,
0x8AE48D0B,
0x8AE596C1,
0x8AE69811,
0x8AE79854,
0x8AE89858,
0x8AE94F01,
0x8AEA4F0E,
0x8AEB5371,
0x8AEC559C,
0x8AED5668,
0x8AEE57FA,
0x8AEF5947,
0x8AF05B09,
0x8AF15BC4,
0x8AF25C90,
0x8AF35E0C,
0x8AF45E7E,
0x8AF55FCC,
0x8AF663EE,
0x8AF7673A,
0x8AF865D7,
0x8AF965E2,
0x8AFA671F,
0x8AFB68CB,
0x8AFC68C4,
0x8B406A5F,
0x8B415E30,
0x8B426BC5,
0x8B436C17,
0x8B446C7D,
0x8B45757F,
0x8B467948,
0x8B475B63,
0x8B487A00,
0x8B497D00,
0x8B4A5FBD,
0x8B4B898F,
0x8B4C8A18,
0x8B4D8CB4,
0x8B4E8D77,
0x8B4F8ECC,
0x8B508F1D,
0x8B5198E2,
0x8B529A0E,
0x8B539B3C,
0x8B544E80,
0x8B55507D,
0x8B565100,
0x8B575993,
0x8B585B9C,
0x8B59622F,
0x8B5A6280,
0x8B5B64EC,
0x8B5C6B3A,
0x8B5D72A0,
0x8B5E7591,
0x8B5F7947,
0x8B607FA9,
0x8B6187FB,
0x8B628ABC,
0x8B638B70,
0x8B6463AC,
0x8B6583CA,
0x8B6697A0,
0x8B675409,
0x8B685403,
0x8B6955AB,
0x8B6A6854,
0x8B6B6A58,
0x8B6C8A70,
0x8B6D7827,
0x8B6E6775,
0x8B6F9ECD,
0x8B705374,
0x8B715BA2,
0x8B72811A,
0x8B738650,
0x8B749006,
0x8B754E18,
0x8B764E45,
0x8B774EC7,
0x8B784F11,
0x8B7953CA,
0x8B7A5438,
0x8B7B5BAE,
0x8B7C5F13,
0x8B7D6025,
0x8B7E6551,
0x8B80673D,
0x8B816C42,
0x8B826C72,
0x8B836CE3,
0x8B847078,
0x8B857403,
0x8B867A76,
0x8B877AAE,
0x8B887B08,
0x8B897D1A,
0x8B8A7CFE,
0x8B8B7D66,
0x8B8C65E7,
0x8B8D725B,
0x8B8E53BB,
0x8B8F5C45,
0x8B905DE8,
0x8B9162D2,
0x8B9262E0,
0x8B936319,
0x8B946E20,
0x8B95865A,
0x8B968A31,
0x8B978DDD,
0x8B9892F8,
0x8B996F01,
0x8B9A79A6,
0x8B9B9B5A,
0x8B9C4EA8,
0x8B9D4EAB,
0x8B9E4EAC,
0x8B9F4F9B,
0x8BA04FA0,
0x8BA150D1,
0x8BA25147,
0x8BA37AF6,
0x8BA45171,
0x8BA551F6,
0x8BA65354,
0x8BA75321,
0x8BA8537F,
0x8BA953EB,
0x8BAA55AC,
0x8BAB5883,
0x8BAC5CE1,
0x8BAD5F37,
0x8BAE5F4A,
0x8BAF602F,
0x8BB06050,
0x8BB1606D,
0x8BB2631F,
0x8BB36559,
0x8BB46A4B,
0x8BB56CC1,
0x8BB672C2,
0x8BB772ED,
0x8BB877EF,
0x8BB980F8,
0x8BBA8105,
0x8BBB8208,
0x8BBC854E,
0x8BBD90F7,
0x8BBE93E1,
0x8BBF97FF,
0x8BC09957,
0x8BC19A5A,
0x8BC24EF0,
0x8BC351DD,
0x8BC45C2D,
0x8BC56681,
0x8BC6696D,
0x8BC75C40,
0x8BC866F2,
0x8BC96975,
0x8BCA7389,
0x8BCB6850,
0x8BCC7C81,
0x8BCD50C5,
0x8BCE52E4,
0x8BCF5747,
0x8BD05DFE,
0x8BD19326,
0x8BD265A4,
0x8BD36B23,
0x8BD46B3D,
0x8BD57434,
0x8BD67981,
0x8BD779BD,
0x8BD87B4B,
0x8BD97DCA,
0x8BDA82B9,
0x8BDB83CC,
0x8BDC887F,
0x8BDD895F,
0x8BDE8B39,
0x8BDF8FD1,
0x8BE091D1,
0x8BE1541F,
0x8BE29280,
0x8BE34E5D,
0x8BE45036,
0x8BE553E5,
0x8BE6533A,
0x8BE772D7,
0x8BE87396,
0x8BE977E9,
0x8BEA82E6,
0x8BEB8EAF,
0x8BEC99C6,
0x8BED99C8,
0x8BEE99D2,
0x8BEF5177,
0x8BF0611A,
0x8BF1865E,
0x8BF255B0,
0x8BF37A7A,
0x8BF45076,
0x8BF55BD3,
0x8BF69047,
0x8BF79685,
0x8BF84E32,
0x8BF96ADB,
0x8BFA91E7,
0x8BFB5C51,
0x8BFC5C48,
0x8C406398,
0x8C417A9F,
0x8C426C93,
0x8C439774,
0x8C448F61,
0x8C457AAA,
0x8C46718A,
0x8C479688,
0x8C487C82,
0x8C496817,
0x8C4A7E70,
0x8C4B6851,
0x8C4C936C,
0x8C4D52F2,
0x8C4E541B,
0x8C4F85AB,
0x8C508A13,
0x8C517FA4,
0x8C528ECD,
0x8C5390E1,
0x8C545366,
0x8C558888,
0x8C567941,
0x8C574FC2,
0x8C5850BE,
0x8C595211,
0x8C5A5144,
0x8C5B5553,
0x8C5C572D,
0x8C5D73EA,
0x8C5E578B,
0x8C5F5951,
0x8C605F62,
0x8C615F84,
0x8C626075,
0x8C636176,
0x8C646167,
0x8C6561A9,
0x8C6663B2,
0x8C67643A,
0x8C68656C,
0x8C69666F,
0x8C6A6842,
0x8C6B6E13,
0x8C6C7566,
0x8C6D7A3D,
0x8C6E7CFB,
0x8C6F7D4C,
0x8C707D99,
0x8C717E4B,
0x8C727F6B,
0x8C73830E,
0x8C74834A,
0x8C7586CD,
0x8C768A08,
0x8C778A63,
0x8C788B66,
0x8C798EFD,
0x8C7A981A,
0x8C7B9D8F,
0x8C7C82B8,
0x8C7D8FCE,
0x8C7E9BE8,
0x8C805287,
0x8C81621F,
0x8C826483,
0x8C836FC0,
0x8C849699,
0x8C856841,
0x8C865091,
0x8C876B20,
0x8C886C7A,
0x8C896F54,
0x8C8A7A74,
0x8C8B7D50,
0x8C8C8840,
0x8C8D8A23,
0x8C8E6708,
0x8C8F4EF6,
0x8C905039,
0x8C915026,
0x8C925065,
0x8C93517C,
0x8C945238,
0x8C955263,
0x8C9655A7,
0x8C97570F,
0x8C985805,
0x8C995ACC,
0x8C9A5EFA,
0x8C9B61B2,
0x8C9C61F8,
0x8C9D62F3,
0x8C9E6372,
0x8C9F691C,
0x8CA06A29,
0x8CA1727D,
0x8CA272AC,
0x8CA3732E,
0x8CA47814,
0x8CA5786F,
0x8CA67D79,
0x8CA7770C,
0x8CA880A9,
0x8CA9898B,
0x8CAA8B19,
0x8CAB8CE2,
0x8CAC8ED2,
0x8CAD9063,
0x8CAE9375,
0x8CAF967A,
0x8CB09855,
0x8CB19A13,
0x8CB29E78,
0x8CB35143,
0x8CB4539F,
0x8CB553B3,
0x8CB65E7B,
0x8CB75F26,
0x8CB86E1B,
0x8CB96E90,
0x8CBA7384,
0x8CBB73FE,
0x8CBC7D43,
0x8CBD8237,
0x8CBE8A00,
0x8CBF8AFA,
0x8CC09650,
0x8CC14E4E,
0x8CC2500B,
0x8CC353E4,
0x8CC4547C,
0x8CC556FA,
0x8CC659D1,
0x8CC75B64,
0x8CC85DF1,
0x8CC95EAB,
0x8CCA5F27,
0x8CCB6238,
0x8CCC6545,
0x8CCD67AF,
0x8CCE6E56,
0x8CCF72D0,
0x8CD07CCA,
0x8CD188B4,
0x8CD280A1,
0x8CD380E1,
0x8CD483F0,
0x8CD5864E,
0x8CD68A87,
0x8CD78DE8,
0x8CD89237,
0x8CD996C7,
0x8CDA9867,
0x8CDB9F13,
0x8CDC4E94,
0x8CDD4E92,
0x8CDE4F0D,
0x8CDF5348,
0x8CE05449,
0x8CE1543E,
0x8CE25A2F,
0x8CE35F8C,
0x8CE45FA1,
0x8CE5609F,
0x8CE668A7,
0x8CE76A8E,
0x8CE8745A,
0x8CE97881,
0x8CEA8A9E,
0x8CEB8AA4,
0x8CEC8B77,
0x8CED9190,
0x8CEE4E5E,
0x8CEF9BC9,
0x8CF04EA4,
0x8CF14F7C,
0x8CF24FAF,
0x8CF35019,
0x8CF45016,
0x8CF55149,
0x8CF6516C,
0x8CF7529F,
0x8CF852B9,
0x8CF952FE,
0x8CFA539A,
0x8CFB53E3,
0x8CFC5411,
0x8D40540E,
0x8D415589,
0x8D425751,
0x8D4357A2,
0x8D44597D,
0x8D455B54,
0x8D465B5D,
0x8D475B8F,
0x8D485DE5,
0x8D495DE7,
0x8D4A5DF7,
0x8D4B5E78,
0x8D4C5E83,
0x8D4D5E9A,
0x8D4E5EB7,
0x8D4F5F18,
0x8D506052,
0x8D51614C,
0x8D526297,
0x8D5362D8,
0x8D5463A7,
0x8D55653B,
0x8D566602,
0x8D576643,
0x8D5866F4,
0x8D59676D,
0x8D5A6821,
0x8D5B6897,
0x8D5C69CB,
0x8D5D6C5F,
0x8D5E6D2A,
0x8D5F6D69,
0x8D606E2F,
0x8D616E9D,
0x8D627532,
0x8D637687,
0x8D64786C,
0x8D657A3F,
0x8D667CE0,
0x8D677D05,
0x8D687D18,
0x8D697D5E,
0x8D6A7DB1,
0x8D6B8015,
0x8D6C8003,
0x8D6D80AF,
0x8D6E80B1,
0x8D6F8154,
0x8D70818F,
0x8D71822A,
0x8D728352,
0x8D73884C,
0x8D748861,
0x8D758B1B,
0x8D768CA2,
0x8D778CFC,
0x8D7890CA,
0x8D799175,
0x8D7A9271,
0x8D7B783F,
0x8D7C92FC,
0x8D7D95A4,
0x8D7E964D,
0x8D809805,
0x8D819999,
0x8D829AD8,
0x8D839D3B,
0x8D84525B,
0x8D8552AB,
0x8D8653F7,
0x8D875408,
0x8D8858D5,
0x8D8962F7,
0x8D8A6FE0,
0x8D8B8C6A,
0x8D8C8F5F,
0x8D8D9EB9,
0x8D8E514B,
0x8D8F523B,
0x8D90544A,
0x8D9156FD,
0x8D927A40,
0x8D939177,
0x8D949D60,
0x8D959ED2,
0x8D967344,
0x8D976F09,
0x8D988170,
0x8D997511,
0x8D9A5FFD,
0x8D9B60DA,
0x8D9C9AA8,
0x8D9D72DB,
0x8D9E8FBC,
0x8D9F6B64,
0x8DA09803,
0x8DA14ECA,
0x8DA256F0,
0x8DA35764,
0x8DA458BE,
0x8DA55A5A,
0x8DA66068,
0x8DA761C7,
0x8DA8660F,
0x8DA96606,
0x8DAA6839,
0x8DAB68B1,
0x8DAC6DF7,
0x8DAD75D5,
0x8DAE7D3A,
0x8DAF826E,
0x8DB09B42,
0x8DB14E9B,
0x8DB24F50,
0x8DB353C9,
0x8DB45506,
0x8DB55D6F,
0x8DB65DE6,
0x8DB75DEE,
0x8DB867FB,
0x8DB96C99,
0x8DBA7473,
0x8DBB7802,
0x8DBC8A50,
0x8DBD9396,
0x8DBE88DF,
0x8DBF5750,
0x8DC05EA7,
0x8DC1632B,
0x8DC250B5,
0x8DC350AC,
0x8DC4518D,
0x8DC56700,
0x8DC654C9,
0x8DC7585E,
0x8DC859BB,
0x8DC95BB0,
0x8DCA5F69,
0x8DCB624D,
0x8DCC63A1,
0x8DCD683D,
0x8DCE6B73,
0x8DCF6E08,
0x8DD0707D,
0x8DD191C7,
0x8DD27280,
0x8DD37815,
0x8DD47826,
0x8DD5796D,
0x8DD6658E,
0x8DD77D30,
0x8DD883DC,
0x8DD988C1,
0x8DDA8F09,
0x8DDB969B,
0x8DDC5264,
0x8DDD5728,
0x8DDE6750,
0x8DDF7F6A,
0x8DE08CA1,
0x8DE151B4,
0x8DE25742,
0x8DE3962A,
0x8DE4583A,
0x8DE5698A,
0x8DE680B4,
0x8DE754B2,
0x8DE85D0E,
0x8DE957FC,
0x8DEA7895,
0x8DEB9DFA,
0x8DEC4F5C,
0x8DED524A,
0x8DEE548B,
0x8DEF643E,
0x8DF06628,
0x8DF16714,
0x8DF267F5,
0x8DF37A84,
0x8DF47B56,
0x8DF57D22,
0x8DF6932F,
0x8DF7685C,
0x8DF89BAD,
0x8DF97B39,
0x8DFA5319,
0x8DFB518A,
0x8DFC5237,
0x8E405BDF,
0x8E4162F6,
0x8E4264AE,
0x8E4364E6,
0x8E44672D,
0x8E456BBA,
0x8E4685A9,
0x8E4796D1,
0x8E487690,
0x8E499BD6,
0x8E4A634C,
0x8E4B9306,
0x8E4C9BAB,
0x8E4D76BF,
0x8E4E6652,
0x8E4F4E09,
0x8E505098,
0x8E5153C2,
0x8E525C71,
0x8E5360E8,
0x8E546492,
0x8E556563,
0x8E56685F,
0x8E5771E6,
0x8E5873CA,
0x8E597523,
0x8E5A7B97,
0x8E5B7E82,
0x8E5C8695,
0x8E5D8B83,
0x8E5E8CDB,
0x8E5F9178,
0x8E609910,
0x8E6165AC,
0x8E6266AB,
0x8E636B8B,
0x8E644ED5,
0x8E654ED4,
0x8E664F3A,
0x8E674F7F,
0x8E68523A,
0x8E6953F8,
0x8E6A53F2,
0x8E6B55E3,
0x8E6C56DB,
0x8E6D58EB,
0x8E6E59CB,
0x8E6F59C9,
0x8E7059FF,
0x8E715B50,
0x8E725C4D,
0x8E735E02,
0x8E745E2B,
0x8E755FD7,
0x8E76601D,
0x8E776307,
0x8E78652F,
0x8E795B5C,
0x8E7A65AF,
0x8E7B65BD,
0x8E7C65E8,
0x8E7D679D,
0x8E7E6B62,
0x8E806B7B,
0x8E816C0F,
0x8E827345,
0x8E837949,
0x8E8479C1,
0x8E857CF8,
0x8E867D19,
0x8E877D2B,
0x8E8880A2,
0x8E898102,
0x8E8A81F3,
0x8E8B8996,
0x8E8C8A5E,
0x8E8D8A69,
0x8E8E8A66,
0x8E8F8A8C,
0x8E908AEE,
0x8E918CC7,
0x8E928CDC,
0x8E9396CC,
0x8E9498FC,
0x8E956B6F,
0x8E964E8B,
0x8E974F3C,
0x8E984F8D,
0x8E995150,
0x8E9A5B57,
0x8E9B5BFA,
0x8E9C6148,
0x8E9D6301,
0x8E9E6642,
0x8E9F6B21,
0x8EA06ECB,
0x8EA16CBB,
0x8EA2723E,
0x8EA374BD,
0x8EA475D4,
0x8EA578C1,
0x8EA6793A,
0x8EA7800C,
0x8EA88033,
0x8EA981EA,
0x8EAA8494,
0x8EAB8F9E,
0x8EAC6C50,
0x8EAD9E7F,
0x8EAE5F0F,
0x8EAF8B58,
0x8EB09D2B,
0x8EB17AFA,
0x8EB28EF8,
0x8EB35B8D,
0x8EB496EB,
0x8EB54E03,
0x8EB653F1,
0x8EB757F7,
0x8EB85931,
0x8EB95AC9,
0x8EBA5BA4,
0x8EBB6089,
0x8EBC6E7F,
0x8EBD6F06,
0x8EBE75BE,
0x8EBF8CEA,
0x8EC05B9F,
0x8EC18500,
0x8EC27BE0,
0x8EC35072,
0x8EC467F4,
0x8EC5829D,
0x8EC65C61,
0x8EC7854A,
0x8EC87E1E,
0x8EC9820E,
0x8ECA5199,
0x8ECB5C04,
0x8ECC6368,
0x8ECD8D66,
0x8ECE659C,
0x8ECF716E,
0x8ED0793E,
0x8ED17D17,
0x8ED28005,
0x8ED38B1D,
0x8ED48ECA,
0x8ED5906E,
0x8ED686C7,
0x8ED790AA,
0x8ED8501F,
0x8ED952FA,
0x8EDA5C3A,
0x8EDB6753,
0x8EDC707C,
0x8EDD7235,
0x8EDE914C,
0x8EDF91C8,
0x8EE0932B,
0x8EE182E5,
0x8EE25BC2,
0x8EE35F31,
0x8EE460F9,
0x8EE54E3B,
0x8EE653D6,
0x8EE75B88,
0x8EE8624B,
0x8EE96731,
0x8EEA6B8A,
0x8EEB72E9,
0x8EEC73E0,
0x8EED7A2E,
0x8EEE816B,
0x8EEF8DA3,
0x8EF09152,
0x8EF19996,
0x8EF25112,
0x8EF353D7,
0x8EF4546A,
0x8EF55BFF,
0x8EF66388,
0x8EF76A39,
0x8EF87DAC,
0x8EF99700,
0x8EFA56DA,
0x8EFB53CE,
0x8EFC5468,
0x8F405B97,
0x8F415C31,
0x8F425DDE,
0x8F434FEE,
0x8F446101,
0x8F4562FE,
0x8F466D32,
0x8F4779C0,
0x8F4879CB,
0x8F497D42,
0x8F4A7E4D,
0x8F4B7FD2,
0x8F4C81ED,
0x8F4D821F,
0x8F4E8490,
0x8F4F8846,
0x8F508972,
0x8F518B90,
0x8F528E74,
0x8F538F2F,
0x8F549031,
0x8F55914B,
0x8F56916C,
0x8F5796C6,
0x8F58919C,
0x8F594EC0,
0x8F5A4F4F,
0x8F5B5145,
0x8F5C5341,
0x8F5D5F93,
0x8F5E620E,
0x8F5F67D4,
0x8F606C41,
0x8F616E0B,
0x8F627363,
0x8F637E26,
0x8F6491CD,
0x8F659283,
0x8F6653D4,
0x8F675919,
0x8F685BBF,
0x8F696DD1,
0x8F6A795D,
0x8F6B7E2E,
0x8F6C7C9B,
0x8F6D587E,
0x8F6E719F,
0x8F6F51FA,
0x8F708853,
0x8F718FF0,
0x8F724FCA,
0x8F735CFB,
0x8F746625,
0x8F7577AC,
0x8F767AE3,
0x8F77821C,
0x8F7899FF,
0x8F7951C6,
0x8F7A5FAA,
0x8F7B65EC,
0x8F7C696F,
0x8F7D6B89,
0x8F7E6DF3,
0x8F806E96,
0x8F816F64,
0x8F8276FE,
0x8F837D14,
0x8F845DE1,
0x8F859075,
0x8F869187,
0x8F879806,
0x8F8851E6,
0x8F89521D,
0x8F8A6240,
0x8F8B6691,
0x8F8C66D9,
0x8F8D6E1A,
0x8F8E5EB6,
0x8F8F7DD2,
0x8F907F72,
0x8F9166F8,
0x8F9285AF,
0x8F9385F7,
0x8F948AF8,
0x8F9552A9,
0x8F9653D9,
0x8F975973,
0x8F985E8F,
0x8F995F90,
0x8F9A6055,
0x8F9B92E4,
0x8F9C9664,
0x8F9D50B7,
0x8F9E511F,
0x8F9F52DD,
0x8FA05320,
0x8FA15347,
0x8FA253EC,
0x8FA354E8,
0x8FA45546,
0x8FA55531,
0x8FA65617,
0x8FA75968,
0x8FA859BE,
0x8FA95A3C,
0x8FAA5BB5,
0x8FAB5C06,
0x8FAC5C0F,
0x8FAD5C11,
0x8FAE5C1A,
0x8FAF5E84,
0x8FB05E8A,
0x8FB15EE0,
0x8FB25F70,
0x8FB3627F,
0x8FB46284,
0x8FB562DB,
0x8FB6638C,
0x8FB76377,
0x8FB86607,
0x8FB9660C,
0x8FBA662D,
0x8FBB6676,
0x8FBC677E,
0x8FBD68A2,
0x8FBE6A1F,
0x8FBF6A35,
0x8FC06CBC,
0x8FC16D88,
0x8FC26E09,
0x8FC36E58,
0x8FC4713C,
0x8FC57126,
0x8FC67167,
0x8FC775C7,
0x8FC87701,
0x8FC9785D,
0x8FCA7901,
0x8FCB7965,
0x8FCC79F0,
0x8FCD7AE0,
0x8FCE7B11,
0x8FCF7CA7,
0x8FD07D39,
0x8FD18096,
0x8FD283D6,
0x8FD3848B,
0x8FD48549,
0x8FD5885D,
0x8FD688F3,
0x8FD78A1F,
0x8FD88A3C,
0x8FD98A54,
0x8FDA8A73,
0x8FDB8C61,
0x8FDC8CDE,
0x8FDD91A4,
0x8FDE9266,
0x8FDF937E,
0x8FE09418,
0x8FE1969C,
0x8FE29798,
0x8FE34E0A,
0x8FE44E08,
0x8FE54E1E,
0x8FE64E57,
0x8FE75197,
0x8FE85270,
0x8FE957CE,
0x8FEA5834,
0x8FEB58CC,
0x8FEC5B22,
0x8FED5E38,
0x8FEE60C5,
0x8FEF64FE,
0x8FF06761,
0x8FF16756,
0x8FF26D44,
0x8FF372B6,
0x8FF47573,
0x8FF57A63,
0x8FF684B8,
0x8FF78B72,
0x8FF891B8,
0x8FF99320,
0x8FFA5631,
0x8FFB57F4,
0x8FFC98FE,
0x904062ED,
0x9041690D,
0x90426B96,
0x904371ED,
0x90447E54,
0x90458077,
0x90468272,
0x904789E6,
0x904898DF,
0x90498755,
0x904A8FB1,
0x904B5C3B,
0x904C4F38,
0x904D4FE1,
0x904E4FB5,
0x904F5507,
0x90505A20,
0x90515BDD,
0x90525BE9,
0x90535FC3,
0x9054614E,
0x9055632F,
0x905665B0,
0x9057664B,
0x905868EE,
0x9059699B,
0x905A6D78,
0x905B6DF1,
0x905C7533,
0x905D75B9,
0x905E771F,
0x905F795E,
0x906079E6,
0x90617D33,
0x906281E3,
0x906382AF,
0x906485AA,
0x906589AA,
0x90668A3A,
0x90678EAB,
0x90688F9B,
0x90699032,
0x906A91DD,
0x906B9707,
0x906C4EBA,
0x906D4EC1,
0x906E5203,
0x906F5875,
0x907058EC,
0x90715C0B,
0x9072751A,
0x90735C3D,
0x9074814E,
0x90758A0A,
0x90768FC5,
0x90779663,
0x9078976D,
0x90797B25,
0x907A8ACF,
0x907B9808,
0x907C9162,
0x907D56F3,
0x907E53A8,
0x90809017,
0x90815439,
0x90825782,
0x90835E25,
0x908463A8,
0x90856C34,
0x9086708A,
0x90877761,
0x90887C8B,
0x90897FE0,
0x908A8870,
0x908B9042,
0x908C9154,
0x908D9310,
0x908E9318,
0x908F968F,
0x9090745E,
0x90919AC4,
0x90925D07,
0x90935D69,
0x90946570,
0x909567A2,
0x90968DA8,
0x909796DB,
0x9098636E,
0x90996749,
0x909A6919,
0x909B83C5,
0x909C9817,
0x909D96C0,
0x909E88FE,
0x909F6F84,
0x90A0647A,
0x90A15BF8,
0x90A24E16,
0x90A3702C,
0x90A4755D,
0x90A5662F,
0x90A651C4,
0x90A75236,
0x90A852E2,
0x90A959D3,
0x90AA5F81,
0x90AB6027,
0x90AC6210,
0x90AD653F,
0x90AE6574,
0x90AF661F,
0x90B06674,
0x90B168F2,
0x90B26816,
0x90B36B63,
0x90B46E05,
0x90B57272,
0x90B6751F,
0x90B776DB,
0x90B87CBE,
0x90B98056,
0x90BA58F0,
0x90BB88FD,
0x90BC897F,
0x90BD8AA0,
0x90BE8A93,
0x90BF8ACB,
0x90C0901D,
0x90C19192,
0x90C29752,
0x90C39759,
0x90C46589,
0x90C57A0E,
0x90C68106,
0x90C796BB,
0x90C85E2D,
0x90C960DC,
0x90CA621A,
0x90CB65A5,
0x90CC6614,
0x90CD6790,
0x90CE77F3,
0x90CF7A4D,
0x90D07C4D,
0x90D17E3E,
0x90D2810A,
0x90D38CAC,
0x90D48D64,
0x90D58DE1,
0x90D68E5F,
0x90D778A9,
0x90D85207,
0x90D962D9,
0x90DA63A5,
0x90DB6442,
0x90DC6298,
0x90DD8A2D,
0x90DE7A83,
0x90DF7BC0,
0x90E08AAC,
0x90E196EA,
0x90E27D76,
0x90E3820C,
0x90E48749,
0x90E54ED9,
0x90E65148,
0x90E75343,
0x90E85360,
0x90E95BA3,
0x90EA5C02,
0x90EB5C16,
0x90EC5DDD,
0x90ED6226,
0x90EE6247,
0x90EF64B0,
0x90F06813,
0x90F16834,
0x90F26CC9,
0x90F36D45,
0x90F46D17,
0x90F567D3,
0x90F66F5C,
0x90F7714E,
0x90F8717D,
0x90F965CB,
0x90FA7A7F,
0x90FB7BAD,
0x90FC7DDA,
0x91407E4A,
0x91417FA8,
0x9142817A,
0x9143821B,
0x91448239,
0x914585A6,
0x91468A6E,
0x91478CCE,
0x91488DF5,
0x91499078,
0x914A9077,
0x914B92AD,
0x914C9291,
0x914D9583,
0x914E9BAE,
0x914F524D,
0x91505584,
0x91516F38,
0x91527136,
0x91535168,
0x91547985,
0x91557E55,
0x915681B3,
0x91577CCE,
0x9158564C,
0x91595851,
0x915A5CA8,
0x915B63AA,
0x915C66FE,
0x915D66FD,
0x915E695A,
0x915F72D9,
0x9160758F,
0x9161758E,
0x9162790E,
0x91637956,
0x916479DF,
0x91657C97,
0x91667D20,
0x91677D44,
0x91688607,
0x91698A34,
0x916A963B,
0x916B9061,
0x916C9F20,
0x916D50E7,
0x916E5275,
0x916F53CC,
0x917053E2,
0x91715009,
0x917255AA,
0x917358EE,
0x9174594F,
0x9175723D,
0x91765B8B,
0x91775C64,
0x9178531D,
0x917960E3,
0x917A60F3,
0x917B635C,
0x917C6383,
0x917D633F,
0x917E63BB,
0x918064CD,
0x918165E9,
0x918266F9,
0x91835DE3,
0x918469CD,
0x918569FD,
0x91866F15,
0x918771E5,
0x91884E89,
0x918975E9,
0x918A76F8,
0x918B7A93,
0x918C7CDF,
0x918D7DCF,
0x918E7D9C,
0x918F8061,
0x91908349,
0x91918358,
0x9192846C,
0x919384BC,
0x919485FB,
0x919588C5,
0x91968D70,
0x91979001,
0x9198906D,
0x91999397,
0x919A971C,
0x919B9A12,
0x919C50CF,
0x919D5897,
0x919E618E,
0x919F81D3,
0x91A08535,
0x91A18D08,
0x91A29020,
0x91A34FC3,
0x91A45074,
0x91A55247,
0x91A65373,
0x91A7606F,
0x91A86349,
0x91A9675F,
0x91AA6E2C,
0x91AB8DB3,
0x91AC901F,
0x91AD4FD7,
0x91AE5C5E,
0x91AF8CCA,
0x91B065CF,
0x91B17D9A,
0x91B25352,
0x91B38896,
0x91B45176,
0x91B563C3,
0x91B65B58,
0x91B75B6B,
0x91B85C0A,
0x91B9640D,
0x91BA6751,
0x91BB905C,
0x91BC4ED6,
0x91BD591A,
0x91BE592A,
0x91BF6C70,
0x91C08A51,
0x91C1553E,
0x91C25815,
0x91C359A5,
0x91C460F0,
0x91C56253,
0x91C667C1,
0x91C78235,
0x91C86955,
0x91C99640,
0x91CA99C4,
0x91CB9A28,
0x91CC4F53,
0x91CD5806,
0x91CE5BFE,
0x91CF8010,
0x91D05CB1,
0x91D15E2F,
0x91D25F85,
0x91D36020,
0x91D4614B,
0x91D56234,
0x91D666FF,
0x91D76CF0,
0x91D86EDE,
0x91D980CE,
0x91DA817F,
0x91DB82D4,
0x91DC888B,
0x91DD8CB8,
0x91DE9000,
0x91DF902E,
0x91E0968A,
0x91E19EDB,
0x91E29BDB,
0x91E34EE3,
0x91E453F0,
0x91E55927,
0x91E67B2C,
0x91E7918D,
0x91E8984C,
0x91E99DF9,
0x91EA6EDD,
0x91EB7027,
0x91EC5353,
0x91ED5544,
0x91EE5B85,
0x91EF6258,
0x91F0629E,
0x91F162D3,
0x91F26CA2,
0x91F36FEF,
0x91F47422,
0x91F58A17,
0x91F69438,
0x91F76FC1,
0x91F88AFE,
0x91F98338,
0x91FA51E7,
0x91FB86F8,
0x91FC53EA,
0x924053E9,
0x92414F46,
0x92429054,
0x92438FB0,
0x9244596A,
0x92458131,
0x92465DFD,
0x92477AEA,
0x92488FBF,
0x924968DA,
0x924A8C37,
0x924B72F8,
0x924C9C48,
0x924D6A3D,
0x924E8AB0,
0x924F4E39,
0x92505358,
0x92515606,
0x92525766,
0x925362C5,
0x925463A2,
0x925565E6,
0x92566B4E,
0x92576DE1,
0x92586E5B,
0x925970AD,
0x925A77ED,
0x925B7AEF,
0x925C7BAA,
0x925D7DBB,
0x925E803D,
0x925F80C6,
0x926086CB,
0x92618A95,
0x9262935B,
0x926356E3,
0x926458C7,
0x92655F3E,
0x926665AD,
0x92676696,
0x92686A80,
0x92696BB5,
0x926A7537,
0x926B8AC7,
0x926C5024,
0x926D77E5,
0x926E5730,
0x926F5F1B,
0x92706065,
0x9271667A,
0x92726C60,
0x927375F4,
0x92747A1A,
0x92757F6E,
0x927681F4,
0x92778718,
0x92789045,
0x927999B3,
0x927A7BC9,
0x927B755C,
0x927C7AF9,
0x927D7B51,
0x927E84C4,
0x92809010,
0x928179E9,
0x92827A92,
0x92838336,
0x92845AE1,
0x92857740,
0x92864E2D,
0x92874EF2,
0x92885B99,
0x92895FE0,
0x928A62BD,
0x928B663C,
0x928C67F1,
0x928D6CE8,
0x928E866B,
0x928F8877,
0x92908A3B,
0x9291914E,
0x929292F3,
0x929399D0,
0x92946A17,
0x92957026,
0x9296732A,
0x929782E7,
0x92988457,
0x92998CAF,
0x929A4E01,
0x929B5146,
0x929C51CB,
0x929D558B,
0x929E5BF5,
0x929F5E16,
0x92A05E33,
0x92A15E81,
0x92A25F14,
0x92A35F35,
0x92A45F6B,
0x92A55FB4,
0x92A661F2,
0x92A76311,
0x92A866A2,
0x92A9671D,
0x92AA6F6E,
0x92AB7252,
0x92AC753A,
0x92AD773A,
0x92AE8074,
0x92AF8139,
0x92B08178,
0x92B18776,
0x92B28ABF,
0x92B38ADC,
0x92B48D85,
0x92B58DF3,
0x92B6929A,
0x92B79577,
0x92B89802,
0x92B99CE5,
0x92BA52C5,
0x92BB6357,
0x92BC76F4,
0x92BD6715,
0x92BE6C88,
0x92BF73CD,
0x92C08CC3,
0x92C193AE,
0x92C29673,
0x92C36D25,
0x92C4589C,
0x92C5690E,
0x92C669CC,
0x92C78FFD,
0x92C8939A,
0x92C975DB,
0x92CA901A,
0x92CB585A,
0x92CC6802,
0x92CD63B4,
0x92CE69FB,
0x92CF4F43,
0x92D06F2C,
0x92D167D8,
0x92D28FBB,
0x92D38526,
0x92D47DB4,
0x92D59354,
0x92D6693F,
0x92D76F70,
0x92D8576A,
0x92D958F7,
0x92DA5B2C,
0x92DB7D2C,
0x92DC722A,
0x92DD540A,
0x92DE91E3,
0x92DF9DB4,
0x92E04EAD,
0x92E14F4E,
0x92E2505C,
0x92E35075,
0x92E45243,
0x92E58C9E,
0x92E65448,
0x92E75824,
0x92E85B9A,
0x92E95E1D,
0x92EA5E95,
0x92EB5EAD,
0x92EC5EF7,
0x92ED5F1F,
0x92EE608C,
0x92EF62B5,
0x92F0633A,
0x92F163D0,
0x92F268AF,
0x92F36C40,
0x92F47887,
0x92F5798E,
0x92F67A0B,
0x92F77DE0,
0x92F88247,
0x92F98A02,
0x92FA8AE6,
0x92FB8E44,
0x92FC9013,
0x934090B8,
0x9341912D,
0x934291D8,
0x93439F0E,
0x93446CE5,
0x93456458,
0x934664E2,
0x93476575,
0x93486EF4,
0x93497684,
0x934A7B1B,
0x934B9069,
0x934C93D1,
0x934D6EBA,
0x934E54F2,
0x934F5FB9,
0x935064A4,
0x93518F4D,
0x93528FED,
0x93539244,
0x93545178,
0x9355586B,
0x93565929,
0x93575C55,
0x93585E97,
0x93596DFB,
0x935A7E8F,
0x935B751C,
0x935C8CBC,
0x935D8EE2,
0x935E985B,
0x935F70B9,
0x93604F1D,
0x93616BBF,
0x93626FB1,
0x93637530,
0x936496FB,
0x9365514E,
0x93665410,
0x93675835,
0x93685857,
0x936959AC,
0x936A5C60,
0x936B5F92,
0x936C6597,
0x936D675C,
0x936E6E21,
0x936F767B,
0x937083DF,
0x93718CED,
0x93729014,
0x937390FD,
0x9374934D,
0x93757825,
0x9376783A,
0x937752AA,
0x93785EA6,
0x9379571F,
0x937A5974,
0x937B6012,
0x937C5012,
0x937D515A,
0x937E51AC,
0x938051CD,
0x93815200,
0x93825510,
0x93835854,
0x93845858,
0x93855957,
0x93865B95,
0x93875CF6,
0x93885D8B,
0x938960BC,
0x938A6295,
0x938B642D,
0x938C6771,
0x938D6843,
0x938E68BC,
0x938F68DF,
0x939076D7,
0x93916DD8,
0x93926E6F,
0x93936D9B,
0x9394706F,
0x939571C8,
0x93965F53,
0x939775D8,
0x93987977,
0x93997B49,
0x939A7B54,
0x939B7B52,
0x939C7CD6,
0x939D7D71,
0x939E5230,
0x939F8463,
0x93A08569,
0x93A185E4,
0x93A28A0E,
0x93A38B04,
0x93A48C46,
0x93A58E0F,
0x93A69003,
0x93A7900F,
0x93A89419,
0x93A99676,
0x93AA982D,
0x93AB9A30,
0x93AC95D8,
0x93AD50CD,
0x93AE52D5,
0x93AF540C,
0x93B05802,
0x93B15C0E,
0x93B261A7,
0x93B3649E,
0x93B46D1E,
0x93B577B3,
0x93B67AE5,
0x93B780F4,
0x93B88404,
0x93B99053,
0x93BA9285,
0x93BB5CE0,
0x93BC9D07,
0x93BD533F,
0x93BE5F97,
0x93BF5FB3,
0x93C06D9C,
0x93C17279,
0x93C27763,
0x93C379BF,
0x93C47BE4,
0x93C56BD2,
0x93C672EC,
0x93C78AAD,
0x93C86803,
0x93C96A61,
0x93CA51F8,
0x93CB7A81,
0x93CC6934,
0x93CD5C4A,
0x93CE9CF6,
0x93CF82EB,
0x93D05BC5,
0x93D19149,
0x93D2701E,
0x93D35678,
0x93D45C6F,
0x93D560C7,
0x93D66566,
0x93D76C8C,
0x93D88C5A,
0x93D99041,
0x93DA9813,
0x93DB5451,
0x93DC66C7,
0x93DD920D,
0x93DE5948,
0x93DF90A3,
0x93E05185,
0x93E14E4D,
0x93E251EA,
0x93E38599,
0x93E48B0E,
0x93E57058,
0x93E6637A,
0x93E7934B,
0x93E86962,
0x93E999B4,
0x93EA7E04,
0x93EB7577,
0x93EC5357,
0x93ED6960,
0x93EE8EDF,
0x93EF96E3,
0x93F06C5D,
0x93F14E8C,
0x93F25C3C,
0x93F35F10,
0x93F48FE9,
0x93F55302,
0x93F68CD1,
0x93F78089,
0x93F88679,
0x93F95EFF,
0x93FA65E5,
0x93FB4E73,
0x93FC5165,
0x94405982,
0x94415C3F,
0x944297EE,
0x94434EFB,
0x9444598A,
0x94455FCD,
0x94468A8D,
0x94476FE1,
0x944879B0,
0x94497962,
0x944A5BE7,
0x944B8471,
0x944C732B,
0x944D71B1,
0x944E5E74,
0x944F5FF5,
0x9450637B,
0x9451649A,
0x945271C3,
0x94537C98,
0x94544E43,
0x94555EFC,
0x94564E4B,
0x945757DC,
0x945856A2,
0x945960A9,
0x945A6FC3,
0x945B7D0D,
0x945C80FD,
0x945D8133,
0x945E81BF,
0x945F8FB2,
0x94608997,
0x946186A4,
0x94625DF4,
0x9463628A,
0x946464AD,
0x94658987,
0x94666777,
0x94676CE2,
0x94686D3E,
0x94697436,
0x946A7834,
0x946B5A46,
0x946C7F75,
0x946D82AD,
0x946E99AC,
0x946F4FF3,
0x94705EC3,
0x947162DD,
0x94726392,
0x94736557,
0x9474676F,
0x947576C3,
0x9476724C,
0x947780CC,
0x947880BA,
0x94798F29,
0x947A914D,
0x947B500D,
0x947C57F9,
0x947D5A92,
0x947E6885,
0x94806973,
0x94817164,
0x948272FD,
0x94838CB7,
0x948458F2,
0x94858CE0,
0x9486966A,
0x94879019,
0x9488877F,
0x948979E4,
0x948A77E7,
0x948B8429,
0x948C4F2F,
0x948D5265,
0x948E535A,
0x948F62CD,
0x949067CF,
0x94916CCA,
0x9492767D,
0x94937B94,
0x94947C95,
0x94958236,
0x94968584,
0x94978FEB,
0x949866DD,
0x94996F20,
0x949A7206,
0x949B7E1B,
0x949C83AB,
0x949D99C1,
0x949E9EA6,
0x949F51FD,
0x94A07BB1,
0x94A17872,
0x94A27BB8,
0x94A38087,
0x94A47B48,
0x94A56AE8,
0x94A65E61,
0x94A7808C,
0x94A87551,
0x94A97560,
0x94AA516B,
0x94AB9262,
0x94AC6E8C,
0x94AD767A,
0x94AE9197,
0x94AF9AEA,
0x94B04F10,
0x94B17F70,
0x94B2629C,
0x94B37B4F,
0x94B495A5,
0x94B59CE9,
0x94B6567A,
0x94B75859,
0x94B886E4,
0x94B996BC,
0x94BA4F34,
0x94BB5224,
0x94BC534A,
0x94BD53CD,
0x94BE53DB,
0x94BF5E06,
0x94C0642C,
0x94C16591,
0x94C2677F,
0x94C36C3E,
0x94C46C4E,
0x94C57248,
0x94C672AF,
0x94C773ED,
0x94C87554,
0x94C97E41,
0x94CA822C,
0x94CB85E9,
0x94CC8CA9,
0x94CD7BC4,
0x94CE91C6,
0x94CF7169,
0x94D09812,
0x94D198EF,
0x94D2633D,
0x94D36669,
0x94D4756A,
0x94D576E4,
0x94D678D0,
0x94D78543,
0x94D886EE,
0x94D9532A,
0x94DA5351,
0x94DB5426,
0x94DC5983,
0x94DD5E87,
0x94DE5F7C,
0x94DF60B2,
0x94E06249,
0x94E16279,
0x94E262AB,
0x94E36590,
0x94E46BD4,
0x94E56CCC,
0x94E675B2,
0x94E776AE,
0x94E87891,
0x94E979D8,
0x94EA7DCB,
0x94EB7F77,
0x94EC80A5,
0x94ED88AB,
0x94EE8AB9,
0x94EF8CBB,
0x94F0907F,
0x94F1975E,
0x94F298DB,
0x94F36A0B,
0x94F47C38,
0x94F55099,
0x94F65C3E,
0x94F75FAE,
0x94F86787,
0x94F96BD8,
0x94FA7435,
0x94FB7709,
0x94FC7F8E,
0x95409F3B,
0x954167CA,
0x95427A17,
0x95435339,
0x9544758B,
0x95459AED,
0x95465F66,
0x9547819D,
0x954883F1,
0x95498098,
0x954A5F3C,
0x954B5FC5,
0x954C7562,
0x954D7B46,
0x954E903C,
0x954F6867,
0x955059EB,
0x95515A9B,
0x95527D10,
0x9553767E,
0x95548B2C,
0x95554FF5,
0x95565F6A,
0x95576A19,
0x95586C37,
0x95596F02,
0x955A74E2,
0x955B7968,
0x955C8868,
0x955D8A55,
0x955E8C79,
0x955F5EDF,
0x956063CF,
0x956175C5,
0x956279D2,
0x956382D7,
0x95649328,
0x956592F2,
0x9566849C,
0x956786ED,
0x95689C2D,
0x956954C1,
0x956A5F6C,
0x956B658C,
0x956C6D5C,
0x956D7015,
0x956E8CA7,
0x956F8CD3,
0x9570983B,
0x9571654F,
0x957274F6,
0x95734E0D,
0x95744ED8,
0x957557E0,
0x9576592B,
0x95775A66,
0x95785BCC,
0x957951A8,
0x957A5E03,
0x957B5E9C,
0x957C6016,
0x957D6276,
0x957E6577,
0x958065A7,
0x9581666E,
0x95826D6E,
0x95837236,
0x95847B26,
0x95858150,
0x9586819A,
0x95878299,
0x95888B5C,
0x95898CA0,
0x958A8CE6,
0x958B8D74,
0x958C961C,
0x958D9644,
0x958E4FAE,
0x958F64AB,
0x95906B66,
0x9591821E,
0x95928461,
0x9593856A,
0x959490E8,
0x95955C01,
0x95966953,
0x959798A8,
0x9598847A,
0x95998557,
0x959A4F0F,
0x959B526F,
0x959C5FA9,
0x959D5E45,
0x959E670D,
0x959F798F,
0x95A08179,
0x95A18907,
0x95A28986,
0x95A36DF5,
0x95A45F17,
0x95A56255,
0x95A66CB8,
0x95A74ECF,
0x95A87269,
0x95A99B92,
0x95AA5206,
0x95AB543B,
0x95AC5674,
0x95AD58B3,
0x95AE61A4,
0x95AF626E,
0x95B0711A,
0x95B1596E,
0x95B27C89,
0x95B37CDE,
0x95B47D1B,
0x95B596F0,
0x95B66587,
0x95B7805E,
0x95B84E19,
0x95B94F75,
0x95BA5175,
0x95BB5840,
0x95BC5E63,
0x95BD5E73,
0x95BE5F0A,
0x95BF67C4,
0x95C04E26,
0x95C1853D,
0x95C29589,
0x95C3965B,
0x95C47C73,
0x95C59801,
0x95C650FB,
0x95C758C1,
0x95C87656,
0x95C978A7,
0x95CA5225,
0x95CB77A5,
0x95CC8511,
0x95CD7B86,
0x95CE504F,
0x95CF5909,
0x95D07247,
0x95D17BC7,
0x95D27DE8,
0x95D38FBA,
0x95D48FD4,
0x95D5904D,
0x95D64FBF,
0x95D752C9,
0x95D85A29,
0x95D95F01,
0x95DA97AD,
0x95DB4FDD,
0x95DC8217,
0x95DD92EA,
0x95DE5703,
0x95DF6355,
0x95E06B69,
0x95E1752B,
0x95E288DC,
0x95E38F14,
0x95E47A42,
0x95E552DF,
0x95E65893,
0x95E76155,
0x95E8620A,
0x95E966AE,
0x95EA6BCD,
0x95EB7C3F,
0x95EC83E9,
0x95ED5023,
0x95EE4FF8,
0x95EF5305,
0x95F05446,
0x95F15831,
0x95F25949,
0x95F35B9D,
0x95F45CF0,
0x95F55CEF,
0x95F65D29,
0x95F75E96,
0x95F862B1,
0x95F96367,
0x95FA653E,
0x95FB65B9,
0x95FC670B,
0x96406CD5,
0x96416CE1,
0x964270F9,
0x96437832,
0x96447E2B,
0x964580DE,
0x964682B3,
0x9647840C,
0x964884EC,
0x96498702,
0x964A8912,
0x964B8A2A,
0x964C8C4A,
0x964D90A6,
0x964E92D2,
0x964F98FD,
0x96509CF3,
0x96519D6C,
0x96524E4F,
0x96534EA1,
0x9654508D,
0x96555256,
0x9656574A,
0x965759A8,
0x96585E3D,
0x96595FD8,
0x965A5FD9,
0x965B623F,
0x965C66B4,
0x965D671B,
0x965E67D0,
0x965F68D2,
0x96605192,
0x96617D21,
0x966280AA,
0x966381A8,
0x96648B00,
0x96658C8C,
0x96668CBF,
0x9667927E,
0x96689632,
0x96695420,
0x966A982C,
0x966B5317,
0x966C50D5,
0x966D535C,
0x966E58A8,
0x966F64B2,
0x96706734,
0x96717267,
0x96727766,
0x96737A46,
0x967491E6,
0x967552C3,
0x96766CA1,
0x96776B86,
0x96785800,
0x96795E4C,
0x967A5954,
0x967B672C,
0x967C7FFB,
0x967D51E1,
0x967E76C6,
0x96806469,
0x968178E8,
0x96829B54,
0x96839EBB,
0x968457CB,
0x968559B9,
0x96866627,
0x9687679A,
0x96886BCE,
0x968954E9,
0x968A69D9,
0x968B5E55,
0x968C819C,
0x968D6795,
0x968E9BAA,
0x968F67FE,
0x96909C52,
0x9691685D,
0x96924EA6,
0x96934FE3,
0x969453C8,
0x969562B9,
0x9696672B,
0x96976CAB,
0x96988FC4,
0x96994FAD,
0x969A7E6D,
0x969B9EBF,
0x969C4E07,
0x969D6162,
0x969E6E80,
0x969F6F2B,
0x96A08513,
0x96A15473,
0x96A2672A,
0x96A39B45,
0x96A45DF3,
0x96A57B95,
0x96A65CAC,
0x96A75BC6,
0x96A8871C,
0x96A96E4A,
0x96AA84D1,
0x96AB7A14,
0x96AC8108,
0x96AD5999,
0x96AE7C8D,
0x96AF6C11,
0x96B07720,
0x96B152D9,
0x96B25922,
0x96B37121,
0x96B4725F,
0x96B577DB,
0x96B69727,
0x96B79D61,
0x96B8690B,
0x96B95A7F,
0x96BA5A18,
0x96BB51A5,
0x96BC540D,
0x96BD547D,
0x96BE660E,
0x96BF76DF,
0x96C08FF7,
0x96C19298,
0x96C29CF4,
0x96C359EA,
0x96C4725D,
0x96C56EC5,
0x96C6514D,
0x96C768C9,
0x96C87DBF,
0x96C97DEC,
0x96CA9762,
0x96CB9EBA,
0x96CC6478,
0x96CD6A21,
0x96CE8302,
0x96CF5984,
0x96D05B5F,
0x96D16BDB,
0x96D2731B,
0x96D376F2,
0x96D47DB2,
0x96D58017,
0x96D68499,
0x96D75132,
0x96D86728,
0x96D99ED9,
0x96DA76EE,
0x96DB6762,
0x96DC52FF,
0x96DD9905,
0x96DE5C24,
0x96DF623B,
0x96E07C7E,
0x96E18CB0,
0x96E2554F,
0x96E360B6,
0x96E47D0B,
0x96E59580,
0x96E65301,
0x96E74E5F,
0x96E851B6,
0x96E9591C,
0x96EA723A,
0x96EB8036,
0x96EC91CE,
0x96ED5F25,
0x96EE77E2,
0x96EF5384,
0x96F05F79,
0x96F17D04,
0x96F285AC,
0x96F38A33,
0x96F48E8D,
0x96F59756,
0x96F667F3,
0x96F785AE,
0x96F89453,
0x96F96109,
0x96FA6108,
0x96FB6CB9,
0x96FC7652,
0x97408AED,
0x97418F38,
0x9742552F,
0x97434F51,
0x9744512A,
0x974552C7,
0x974653CB,
0x97475BA5,
0x97485E7D,
0x974960A0,
0x974A6182,
0x974B63D6,
0x974C6709,
0x974D67DA,
0x974E6E67,
0x974F6D8C,
0x97507336,
0x97517337,
0x97527531,
0x97537950,
0x975488D5,
0x97558A98,
0x9756904A,
0x97579091,
0x975890F5,
0x975996C4,
0x975A878D,
0x975B5915,
0x975C4E88,
0x975D4F59,
0x975E4E0E,
0x975F8A89,
0x97608F3F,
0x97619810,
0x976250AD,
0x97635E7C,
0x97645996,
0x97655BB9,
0x97665EB8,
0x976763DA,
0x976863FA,
0x976964C1,
0x976A66DC,
0x976B694A,
0x976C69D8,
0x976D6D0B,
0x976E6EB6,
0x976F7194,
0x97707528,
0x97717AAF,
0x97727F8A,
0x97738000,
0x97748449,
0x977584C9,
0x97768981,
0x97778B21,
0x97788E0A,
0x97799065,
0x977A967D,
0x977B990A,
0x977C617E,
0x977D6291,
0x977E6B32,
0x97806C83,
0x97816D74,
0x97827FCC,
0x97837FFC,
0x97846DC0,
0x97857F85,
0x978687BA,
0x978788F8,
0x97886765,
0x978983B1,
0x978A983C,
0x978B96F7,
0x978C6D1B,
0x978D7D61,
0x978E843D,
0x978F916A,
0x97904E71,
0x97915375,
0x97925D50,
0x97936B04,
0x97946FEB,
0x979585CD,
0x9796862D,
0x979789A7,
0x97985229,
0x9799540F,
0x979A5C65,
0x979B674E,
0x979C68A8,
0x979D7406,
0x979E7483,
0x979F75E2,
0x97A088CF,
0x97A188E1,
0x97A291CC,
0x97A396E2,
0x97A49678,
0x97A55F8B,
0x97A67387,
0x97A77ACB,
0x97A8844E,
0x97A963A0,
0x97AA7565,
0x97AB5289,
0x97AC6D41,
0x97AD6E9C,
0x97AE7409,
0x97AF7559,
0x97B0786B,
0x97B17C92,
0x97B29686,
0x97B37ADC,
0x97B49F8D,
0x97B54FB6,
0x97B6616E,
0x97B765C5,
0x97B8865C,
0x97B94E86,
0x97BA4EAE,
0x97BB50DA,
0x97BC4E21,
0x97BD51CC,
0x97BE5BEE,
0x97BF6599,
0x97C06881,
0x97C16DBC,
0x97C2731F,
0x97C37642,
0x97C477AD,
0x97C57A1C,
0x97C67CE7,
0x97C7826F,
0x97C88AD2,
0x97C9907C,
0x97CA91CF,
0x97CB9675,
0x97CC9818,
0x97CD529B,
0x97CE7DD1,
0x97CF502B,
0x97D05398,
0x97D16797,
0x97D26DCB,
0x97D371D0,
0x97D47433,
0x97D581E8,
0x97D68F2A,
0x97D796A3,
0x97D89C57,
0x97D99E9F,
0x97DA7460,
0x97DB5841,
0x97DC6D99,
0x97DD7D2F,
0x97DE985E,
0x97DF4EE4,
0x97E04F36,
0x97E14F8B,
0x97E251B7,
0x97E352B1,
0x97E45DBA,
0x97E5601C,
0x97E673B2,
0x97E7793C,
0x97E882D3,
0x97E99234,
0x97EA96B7,
0x97EB96F6,
0x97EC970A,
0x97ED9E97,
0x97EE9F62,
0x97EF66A6,
0x97F06B74,
0x97F15217,
0x97F252A3,
0x97F370C8,
0x97F488C2,
0x97F55EC9,
0x97F6604B,
0x97F76190,
0x97F86F23,
0x97F97149,
0x97FA7C3E,
0x97FB7DF4,
0x97FC806F,
0x984084EE,
0x98419023,
0x9842932C,
0x98435442,
0x98449B6F,
0x98456AD3,
0x98467089,
0x98478CC2,
0x98488DEF,
0x98499732,
0x984A52B4,
0x984B5A41,
0x984C5ECA,
0x984D5F04,
0x984E6717,
0x984F697C,
0x98506994,
0x98516D6A,
0x98526F0F,
0x98537262,
0x985472FC,
0x98557BED,
0x98568001,
0x9857807E,
0x9858874B,
0x985990CE,
0x985A516D,
0x985B9E93,
0x985C7984,
0x985D808B,
0x985E9332,
0x985F8AD6,
0x9860502D,
0x9861548C,
0x98628A71,
0x98636B6A,
0x98648CC4,
0x98658107,
0x986660D1,
0x986767A0,
0x98689DF2,
0x98694E99,
0x986A4E98,
0x986B9C10,
0x986C8A6B,
0x986D85C1,
0x986E8568,
0x986F6900,
0x98706E7E,
0x98717897,
0x98728155,
0x989F5F0C,
0x98A04E10,
0x98A14E15,
0x98A24E2A,
0x98A34E31,
0x98A44E36,
0x98A54E3C,
0x98A64E3F,
0x98A74E42,
0x98A84E56,
0x98A94E58,
0x98AA4E82,
0x98AB4E85,
0x98AC8C6B,
0x98AD4E8A,
0x98AE8212,
0x98AF5F0D,
0x98B04E8E,
0x98B14E9E,
0x98B24E9F,
0x98B34EA0,
0x98B44EA2,
0x98B54EB0,
0x98B64EB3,
0x98B74EB6,
0x98B84ECE,
0x98B94ECD,
0x98BA4EC4,
0x98BB4EC6,
0x98BC4EC2,
0x98BD4ED7,
0x98BE4EDE,
0x98BF4EED,
0x98C04EDF,
0x98C14EF7,
0x98C24F09,
0x98C34F5A,
0x98C44F30,
0x98C54F5B,
0x98C64F5D,
0x98C74F57,
0x98C84F47,
0x98C94F76,
0x98CA4F88,
0x98CB4F8F,
0x98CC4F98,
0x98CD4F7B,
0x98CE4F69,
0x98CF4F70,
0x98D04F91,
0x98D14F6F,
0x98D24F86,
0x98D34F96,
0x98D45118,
0x98D54FD4,
0x98D64FDF,
0x98D74FCE,
0x98D84FD8,
0x98D94FDB,
0x98DA4FD1,
0x98DB4FDA,
0x98DC4FD0,
0x98DD4FE4,
0x98DE4FE5,
0x98DF501A,
0x98E05028,
0x98E15014,
0x98E2502A,
0x98E35025,
0x98E45005,
0x98E54F1C,
0x98E64FF6,
0x98E75021,
0x98E85029,
0x98E9502C,
0x98EA4FFE,
0x98EB4FEF,
0x98EC5011,
0x98ED5006,
0x98EE5043,
0x98EF5047,
0x98F06703,
0x98F15055,
0x98F25050,
0x98F35048,
0x98F4505A,
0x98F55056,
0x98F6506C,
0x98F75078,
0x98F85080,
0x98F9509A,
0x98FA5085,
0x98FB50B4,
0x98FC50B2,
0x994050C9,
0x994150CA,
0x994250B3,
0x994350C2,
0x994450D6,
0x994550DE,
0x994650E5,
0x994750ED,
0x994850E3,
0x994950EE,
0x994A50F9,
0x994B50F5,
0x994C5109,
0x994D5101,
0x994E5102,
0x994F5116,
0x99505115,
0x99515114,
0x9952511A,
0x99535121,
0x9954513A,
0x99555137,
0x9956513C,
0x9957513B,
0x9958513F,
0x99595140,
0x995A5152,
0x995B514C,
0x995C5154,
0x995D5162,
0x995E7AF8,
0x995F5169,
0x9960516A,
0x9961516E,
0x99625180,
0x99635182,
0x996456D8,
0x9965518C,
0x99665189,
0x9967518F,
0x99685191,
0x99695193,
0x996A5195,
0x996B5196,
0x996C51A4,
0x996D51A6,
0x996E51A2,
0x996F51A9,
0x997051AA,
0x997151AB,
0x997251B3,
0x997351B1,
0x997451B2,
0x997551B0,
0x997651B5,
0x997751BD,
0x997851C5,
0x997951C9,
0x997A51DB,
0x997B51E0,
0x997C8655,
0x997D51E9,
0x997E51ED,
0x998051F0,
0x998151F5,
0x998251FE,
0x99835204,
0x9984520B,
0x99855214,
0x9986520E,
0x99875227,
0x9988522A,
0x9989522E,
0x998A5233,
0x998B5239,
0x998C524F,
0x998D5244,
0x998E524B,
0x998F524C,
0x9990525E,
0x99915254,
0x9992526A,
0x99935274,
0x99945269,
0x99955273,
0x9996527F,
0x9997527D,
0x9998528D,
0x99995294,
0x999A5292,
0x999B5271,
0x999C5288,
0x999D5291,
0x999E8FA8,
0x999F8FA7,
0x99A052AC,
0x99A152AD,
0x99A252BC,
0x99A352B5,
0x99A452C1,
0x99A552CD,
0x99A652D7,
0x99A752DE,
0x99A852E3,
0x99A952E6,
0x99AA98ED,
0x99AB52E0,
0x99AC52F3,
0x99AD52F5,
0x99AE52F8,
0x99AF52F9,
0x99B05306,
0x99B15308,
0x99B27538,
0x99B3530D,
0x99B45310,
0x99B5530F,
0x99B65315,
0x99B7531A,
0x99B85323,
0x99B9532F,
0x99BA5331,
0x99BB5333,
0x99BC5338,
0x99BD5340,
0x99BE5346,
0x99BF5345,
0x99C04E17,
0x99C15349,
0x99C2534D,
0x99C351D6,
0x99C4535E,
0x99C55369,
0x99C6536E,
0x99C75918,
0x99C8537B,
0x99C95377,
0x99CA5382,
0x99CB5396,
0x99CC53A0,
0x99CD53A6,
0x99CE53A5,
0x99CF53AE,
0x99D053B0,
0x99D153B6,
0x99D253C3,
0x99D37C12,
0x99D496D9,
0x99D553DF,
0x99D666FC,
0x99D771EE,
0x99D853EE,
0x99D953E8,
0x99DA53ED,
0x99DB53FA,
0x99DC5401,
0x99DD543D,
0x99DE5440,
0x99DF542C,
0x99E0542D,
0x99E1543C,
0x99E2542E,
0x99E35436,
0x99E45429,
0x99E5541D,
0x99E6544E,
0x99E7548F,
0x99E85475,
0x99E9548E,
0x99EA545F,
0x99EB5471,
0x99EC5477,
0x99ED5470,
0x99EE5492,
0x99EF547B,
0x99F05480,
0x99F15476,
0x99F25484,
0x99F35490,
0x99F45486,
0x99F554C7,
0x99F654A2,
0x99F754B8,
0x99F854A5,
0x99F954AC,
0x99FA54C4,
0x99FB54C8,
0x99FC54A8,
0x9A4054AB,
0x9A4154C2,
0x9A4254A4,
0x9A4354BE,
0x9A4454BC,
0x9A4554D8,
0x9A4654E5,
0x9A4754E6,
0x9A48550F,
0x9A495514,
0x9A4A54FD,
0x9A4B54EE,
0x9A4C54ED,
0x9A4D54FA,
0x9A4E54E2,
0x9A4F5539,
0x9A505540,
0x9A515563,
0x9A52554C,
0x9A53552E,
0x9A54555C,
0x9A555545,
0x9A565556,
0x9A575557,
0x9A585538,
0x9A595533,
0x9A5A555D,
0x9A5B5599,
0x9A5C5580,
0x9A5D54AF,
0x9A5E558A,
0x9A5F559F,
0x9A60557B,
0x9A61557E,
0x9A625598,
0x9A63559E,
0x9A6455AE,
0x9A65557C,
0x9A665583,
0x9A6755A9,
0x9A685587,
0x9A6955A8,
0x9A6A55DA,
0x9A6B55C5,
0x9A6C55DF,
0x9A6D55C4,
0x9A6E55DC,
0x9A6F55E4,
0x9A7055D4,
0x9A715614,
0x9A7255F7,
0x9A735616,
0x9A7455FE,
0x9A7555FD,
0x9A76561B,
0x9A7755F9,
0x9A78564E,
0x9A795650,
0x9A7A71DF,
0x9A7B5634,
0x9A7C5636,
0x9A7D5632,
0x9A7E5638,
0x9A80566B,
0x9A815664,
0x9A82562F,
0x9A83566C,
0x9A84566A,
0x9A855686,
0x9A865680,
0x9A87568A,
0x9A8856A0,
0x9A895694,
0x9A8A568F,
0x9A8B56A5,
0x9A8C56AE,
0x9A8D56B6,
0x9A8E56B4,
0x9A8F56C2,
0x9A9056BC,
0x9A9156C1,
0x9A9256C3,
0x9A9356C0,
0x9A9456C8,
0x9A9556CE,
0x9A9656D1,
0x9A9756D3,
0x9A9856D7,
0x9A9956EE,
0x9A9A56F9,
0x9A9B5700,
0x9A9C56FF,
0x9A9D5704,
0x9A9E5709,
0x9A9F5708,
0x9AA0570B,
0x9AA1570D,
0x9AA25713,
0x9AA35718,
0x9AA45716,
0x9AA555C7,
0x9AA6571C,
0x9AA75726,
0x9AA85737,
0x9AA95738,
0x9AAA574E,
0x9AAB573B,
0x9AAC5740,
0x9AAD574F,
0x9AAE5769,
0x9AAF57C0,
0x9AB05788,
0x9AB15761,
0x9AB2577F,
0x9AB35789,
0x9AB45793,
0x9AB557A0,
0x9AB657B3,
0x9AB757A4,
0x9AB857AA,
0x9AB957B0,
0x9ABA57C3,
0x9ABB57C6,
0x9ABC57D4,
0x9ABD57D2,
0x9ABE57D3,
0x9ABF580A,
0x9AC057D6,
0x9AC157E3,
0x9AC2580B,
0x9AC35819,
0x9AC4581D,
0x9AC55872,
0x9AC65821,
0x9AC75862,
0x9AC8584B,
0x9AC95870,
0x9ACA6BC0,
0x9ACB5852,
0x9ACC583D,
0x9ACD5879,
0x9ACE5885,
0x9ACF58B9,
0x9AD0589F,
0x9AD158AB,
0x9AD258BA,
0x9AD358DE,
0x9AD458BB,
0x9AD558B8,
0x9AD658AE,
0x9AD758C5,
0x9AD858D3,
0x9AD958D1,
0x9ADA58D7,
0x9ADB58D9,
0x9ADC58D8,
0x9ADD58E5,
0x9ADE58DC,
0x9ADF58E4,
0x9AE058DF,
0x9AE158EF,
0x9AE258FA,
0x9AE358F9,
0x9AE458FB,
0x9AE558FC,
0x9AE658FD,
0x9AE75902,
0x9AE8590A,
0x9AE95910,
0x9AEA591B,
0x9AEB68A6,
0x9AEC5925,
0x9AED592C,
0x9AEE592D,
0x9AEF5932,
0x9AF05938,
0x9AF1593E,
0x9AF27AD2,
0x9AF35955,
0x9AF45950,
0x9AF5594E,
0x9AF6595A,
0x9AF75958,
0x9AF85962,
0x9AF95960,
0x9AFA5967,
0x9AFB596C,
0x9AFC5969,
0x9B405978,
0x9B415981,
0x9B42599D,
0x9B434F5E,
0x9B444FAB,
0x9B4559A3,
0x9B4659B2,
0x9B4759C6,
0x9B4859E8,
0x9B4959DC,
0x9B4A598D,
0x9B4B59D9,
0x9B4C59DA,
0x9B4D5A25,
0x9B4E5A1F,
0x9B4F5A11,
0x9B505A1C,
0x9B515A09,
0x9B525A1A,
0x9B535A40,
0x9B545A6C,
0x9B555A49,
0x9B565A35,
0x9B575A36,
0x9B585A62,
0x9B595A6A,
0x9B5A5A9A,
0x9B5B5ABC,
0x9B5C5ABE,
0x9B5D5ACB,
0x9B5E5AC2,
0x9B5F5ABD,
0x9B605AE3,
0x9B615AD7,
0x9B625AE6,
0x9B635AE9,
0x9B645AD6,
0x9B655AFA,
0x9B665AFB,
0x9B675B0C,
0x9B685B0B,
0x9B695B16,
0x9B6A5B32,
0x9B6B5AD0,
0x9B6C5B2A,
0x9B6D5B36,
0x9B6E5B3E,
0x9B6F5B43,
0x9B705B45,
0x9B715B40,
0x9B725B51,
0x9B735B55,
0x9B745B5A,
0x9B755B5B,
0x9B765B65,
0x9B775B69,
0x9B785B70,
0x9B795B73,
0x9B7A5B75,
0x9B7B5B78,
0x9B7C6588,
0x9B7D5B7A,
0x9B7E5B80,
0x9B805B83,
0x9B815BA6,
0x9B825BB8,
0x9B835BC3,
0x9B845BC7,
0x9B855BC9,
0x9B865BD4,
0x9B875BD0,
0x9B885BE4,
0x9B895BE6,
0x9B8A5BE2,
0x9B8B5BDE,
0x9B8C5BE5,
0x9B8D5BEB,
0x9B8E5BF0,
0x9B8F5BF6,
0x9B905BF3,
0x9B915C05,
0x9B925C07,
0x9B935C08,
0x9B945C0D,
0x9B955C13,
0x9B965C20,
0x9B975C22,
0x9B985C28,
0x9B995C38,
0x9B9A5C39,
0x9B9B5C41,
0x9B9C5C46,
0x9B9D5C4E,
0x9B9E5C53,
0x9B9F5C50,
0x9BA05C4F,
0x9BA15B71,
0x9BA25C6C,
0x9BA35C6E,
0x9BA44E62,
0x9BA55C76,
0x9BA65C79,
0x9BA75C8C,
0x9BA85C91,
0x9BA95C94,
0x9BAA599B,
0x9BAB5CAB,
0x9BAC5CBB,
0x9BAD5CB6,
0x9BAE5CBC,
0x9BAF5CB7,
0x9BB05CC5,
0x9BB15CBE,
0x9BB25CC7,
0x9BB35CD9,
0x9BB45CE9,
0x9BB55CFD,
0x9BB65CFA,
0x9BB75CED,
0x9BB85D8C,
0x9BB95CEA,
0x9BBA5D0B,
0x9BBB5D15,
0x9BBC5D17,
0x9BBD5D5C,
0x9BBE5D1F,
0x9BBF5D1B,
0x9BC05D11,
0x9BC15D14,
0x9BC25D22,
0x9BC35D1A,
0x9BC45D19,
0x9BC55D18,
0x9BC65D4C,
0x9BC75D52,
0x9BC85D4E,
0x9BC95D4B,
0x9BCA5D6C,
0x9BCB5D73,
0x9BCC5D76,
0x9BCD5D87,
0x9BCE5D84,
0x9BCF5D82,
0x9BD05DA2,
0x9BD15D9D,
0x9BD25DAC,
0x9BD35DAE,
0x9BD45DBD,
0x9BD55D90,
0x9BD65DB7,
0x9BD75DBC,
0x9BD85DC9,
0x9BD95DCD,
0x9BDA5DD3,
0x9BDB5DD2,
0x9BDC5DD6,
0x9BDD5DDB,
0x9BDE5DEB,
0x9BDF5DF2,
0x9BE05DF5,
0x9BE15E0B,
0x9BE25E1A,
0x9BE35E19,
0x9BE45E11,
0x9BE55E1B,
0x9BE65E36,
0x9BE75E37,
0x9BE85E44,
0x9BE95E43,
0x9BEA5E40,
0x9BEB5E4E,
0x9BEC5E57,
0x9BED5E54,
0x9BEE5E5F,
0x9BEF5E62,
0x9BF05E64,
0x9BF15E47,
0x9BF25E75,
0x9BF35E76,
0x9BF45E7A,
0x9BF59EBC,
0x9BF65E7F,
0x9BF75EA0,
0x9BF85EC1,
0x9BF95EC2,
0x9BFA5EC8,
0x9BFB5ED0,
0x9BFC5ECF,
0x9C405ED6,
0x9C415EE3,
0x9C425EDD,
0x9C435EDA,
0x9C445EDB,
0x9C455EE2,
0x9C465EE1,
0x9C475EE8,
0x9C485EE9,
0x9C495EEC,
0x9C4A5EF1,
0x9C4B5EF3,
0x9C4C5EF0,
0x9C4D5EF4,
0x9C4E5EF8,
0x9C4F5EFE,
0x9C505F03,
0x9C515F09,
0x9C525F5D,
0x9C535F5C,
0x9C545F0B,
0x9C555F11,
0x9C565F16,
0x9C575F29,
0x9C585F2D,
0x9C595F38,
0x9C5A5F41,
0x9C5B5F48,
0x9C5C5F4C,
0x9C5D5F4E,
0x9C5E5F2F,
0x9C5F5F51,
0x9C605F56,
0x9C615F57,
0x9C625F59,
0x9C635F61,
0x9C645F6D,
0x9C655F73,
0x9C665F77,
0x9C675F83,
0x9C685F82,
0x9C695F7F,
0x9C6A5F8A,
0x9C6B5F88,
0x9C6C5F91,
0x9C6D5F87,
0x9C6E5F9E,
0x9C6F5F99,
0x9C705F98,
0x9C715FA0,
0x9C725FA8,
0x9C735FAD,
0x9C745FBC,
0x9C755FD6,
0x9C765FFB,
0x9C775FE4,
0x9C785FF8,
0x9C795FF1,
0x9C7A5FDD,
0x9C7B60B3,
0x9C7C5FFF,
0x9C7D6021,
0x9C7E6060,
0x9C806019,
0x9C816010,
0x9C826029,
0x9C83600E,
0x9C846031,
0x9C85601B,
0x9C866015,
0x9C87602B,
0x9C886026,
0x9C89600F,
0x9C8A603A,
0x9C8B605A,
0x9C8C6041,
0x9C8D606A,
0x9C8E6077,
0x9C8F605F,
0x9C90604A,
0x9C916046,
0x9C92604D,
0x9C936063,
0x9C946043,
0x9C956064,
0x9C966042,
0x9C97606C,
0x9C98606B,
0x9C996059,
0x9C9A6081,
0x9C9B608D,
0x9C9C60E7,
0x9C9D6083,
0x9C9E609A,
0x9C9F6084,
0x9CA0609B,
0x9CA16096,
0x9CA26097,
0x9CA36092,
0x9CA460A7,
0x9CA5608B,
0x9CA660E1,
0x9CA760B8,
0x9CA860E0,
0x9CA960D3,
0x9CAA60B4,
0x9CAB5FF0,
0x9CAC60BD,
0x9CAD60C6,
0x9CAE60B5,
0x9CAF60D8,
0x9CB0614D,
0x9CB16115,
0x9CB26106,
0x9CB360F6,
0x9CB460F7,
0x9CB56100,
0x9CB660F4,
0x9CB760FA,
0x9CB86103,
0x9CB96121,
0x9CBA60FB,
0x9CBB60F1,
0x9CBC610D,
0x9CBD610E,
0x9CBE6147,
0x9CBF613E,
0x9CC06128,
0x9CC16127,
0x9CC2614A,
0x9CC3613F,
0x9CC4613C,
0x9CC5612C,
0x9CC66134,
0x9CC7613D,
0x9CC86142,
0x9CC96144,
0x9CCA6173,
0x9CCB6177,
0x9CCC6158,
0x9CCD6159,
0x9CCE615A,
0x9CCF616B,
0x9CD06174,
0x9CD1616F,
0x9CD26165,
0x9CD36171,
0x9CD4615F,
0x9CD5615D,
0x9CD66153,
0x9CD76175,
0x9CD86199,
0x9CD96196,
0x9CDA6187,
0x9CDB61AC,
0x9CDC6194,
0x9CDD619A,
0x9CDE618A,
0x9CDF6191,
0x9CE061AB,
0x9CE161AE,
0x9CE261CC,
0x9CE361CA,
0x9CE461C9,
0x9CE561F7,
0x9CE661C8,
0x9CE761C3,
0x9CE861C6,
0x9CE961BA,
0x9CEA61CB,
0x9CEB7F79,
0x9CEC61CD,
0x9CED61E6,
0x9CEE61E3,
0x9CEF61F6,
0x9CF061FA,
0x9CF161F4,
0x9CF261FF,
0x9CF361FD,
0x9CF461FC,
0x9CF561FE,
0x9CF66200,
0x9CF76208,
0x9CF86209,
0x9CF9620D,
0x9CFA620C,
0x9CFB6214,
0x9CFC621B,
0x9D40621E,
0x9D416221,
0x9D42622A,
0x9D43622E,
0x9D446230,
0x9D456232,
0x9D466233,
0x9D476241,
0x9D48624E,
0x9D49625E,
0x9D4A6263,
0x9D4B625B,
0x9D4C6260,
0x9D4D6268,
0x9D4E627C,
0x9D4F6282,
0x9D506289,
0x9D51627E,
0x9D526292,
0x9D536293,
0x9D546296,
0x9D5562D4,
0x9D566283,
0x9D576294,
0x9D5862D7,
0x9D5962D1,
0x9D5A62BB,
0x9D5B62CF,
0x9D5C62FF,
0x9D5D62C6,
0x9D5E64D4,
0x9D5F62C8,
0x9D6062DC,
0x9D6162CC,
0x9D6262CA,
0x9D6362C2,
0x9D6462C7,
0x9D65629B,
0x9D6662C9,
0x9D67630C,
0x9D6862EE,
0x9D6962F1,
0x9D6A6327,
0x9D6B6302,
0x9D6C6308,
0x9D6D62EF,
0x9D6E62F5,
0x9D6F6350,
0x9D70633E,
0x9D71634D,
0x9D72641C,
0x9D73634F,
0x9D746396,
0x9D75638E,
0x9D766380,
0x9D7763AB,
0x9D786376,
0x9D7963A3,
0x9D7A638F,
0x9D7B6389,
0x9D7C639F,
0x9D7D63B5,
0x9D7E636B,
0x9D806369,
0x9D8163BE,
0x9D8263E9,
0x9D8363C0,
0x9D8463C6,
0x9D8563E3,
0x9D8663C9,
0x9D8763D2,
0x9D8863F6,
0x9D8963C4,
0x9D8A6416,
0x9D8B6434,
0x9D8C6406,
0x9D8D6413,
0x9D8E6426,
0x9D8F6436,
0x9D90651D,
0x9D916417,
0x9D926428,
0x9D93640F,
0x9D946467,
0x9D95646F,
0x9D966476,
0x9D97644E,
0x9D98652A,
0x9D996495,
0x9D9A6493,
0x9D9B64A5,
0x9D9C64A9,
0x9D9D6488,
0x9D9E64BC,
0x9D9F64DA,
0x9DA064D2,
0x9DA164C5,
0x9DA264C7,
0x9DA364BB,
0x9DA464D8,
0x9DA564C2,
0x9DA664F1,
0x9DA764E7,
0x9DA88209,
0x9DA964E0,
0x9DAA64E1,
0x9DAB62AC,
0x9DAC64E3,
0x9DAD64EF,
0x9DAE652C,
0x9DAF64F6,
0x9DB064F4,
0x9DB164F2,
0x9DB264FA,
0x9DB36500,
0x9DB464FD,
0x9DB56518,
0x9DB6651C,
0x9DB76505,
0x9DB86524,
0x9DB96523,
0x9DBA652B,
0x9DBB6534,
0x9DBC6535,
0x9DBD6537,
0x9DBE6536,
0x9DBF6538,
0x9DC0754B,
0x9DC16548,
0x9DC26556,
0x9DC36555,
0x9DC4654D,
0x9DC56558,
0x9DC6655E,
0x9DC7655D,
0x9DC86572,
0x9DC96578,
0x9DCA6582,
0x9DCB6583,
0x9DCC8B8A,
0x9DCD659B,
0x9DCE659F,
0x9DCF65AB,
0x9DD065B7,
0x9DD165C3,
0x9DD265C6,
0x9DD365C1,
0x9DD465C4,
0x9DD565CC,
0x9DD665D2,
0x9DD765DB,
0x9DD865D9,
0x9DD965E0,
0x9DDA65E1,
0x9DDB65F1,
0x9DDC6772,
0x9DDD660A,
0x9DDE6603,
0x9DDF65FB,
0x9DE06773,
0x9DE16635,
0x9DE26636,
0x9DE36634,
0x9DE4661C,
0x9DE5664F,
0x9DE66644,
0x9DE76649,
0x9DE86641,
0x9DE9665E,
0x9DEA665D,
0x9DEB6664,
0x9DEC6667,
0x9DED6668,
0x9DEE665F,
0x9DEF6662,
0x9DF06670,
0x9DF16683,
0x9DF26688,
0x9DF3668E,
0x9DF46689,
0x9DF56684,
0x9DF66698,
0x9DF7669D,
0x9DF866C1,
0x9DF966B9,
0x9DFA66C9,
0x9DFB66BE,
0x9DFC66BC,
0x9E4066C4,
0x9E4166B8,
0x9E4266D6,
0x9E4366DA,
0x9E4466E0,
0x9E45663F,
0x9E4666E6,
0x9E4766E9,
0x9E4866F0,
0x9E4966F5,
0x9E4A66F7,
0x9E4B670F,
0x9E4C6716,
0x9E4D671E,
0x9E4E6726,
0x9E4F6727,
0x9E509738,
0x9E51672E,
0x9E52673F,
0x9E536736,
0x9E546741,
0x9E556738,
0x9E566737,
0x9E576746,
0x9E58675E,
0x9E596760,
0x9E5A6759,
0x9E5B6763,
0x9E5C6764,
0x9E5D6789,
0x9E5E6770,
0x9E5F67A9,
0x9E60677C,
0x9E61676A,
0x9E62678C,
0x9E63678B,
0x9E6467A6,
0x9E6567A1,
0x9E666785,
0x9E6767B7,
0x9E6867EF,
0x9E6967B4,
0x9E6A67EC,
0x9E6B67B3,
0x9E6C67E9,
0x9E6D67B8,
0x9E6E67E4,
0x9E6F67DE,
0x9E7067DD,
0x9E7167E2,
0x9E7267EE,
0x9E7367B9,
0x9E7467CE,
0x9E7567C6,
0x9E7667E7,
0x9E776A9C,
0x9E78681E,
0x9E796846,
0x9E7A6829,
0x9E7B6840,
0x9E7C684D,
0x9E7D6832,
0x9E7E684E,
0x9E8068B3,
0x9E81682B,
0x9E826859,
0x9E836863,
0x9E846877,
0x9E85687F,
0x9E86689F,
0x9E87688F,
0x9E8868AD,
0x9E896894,
0x9E8A689D,
0x9E8B689B,
0x9E8C6883,
0x9E8D6AAE,
0x9E8E68B9,
0x9E8F6874,
0x9E9068B5,
0x9E9168A0,
0x9E9268BA,
0x9E93690F,
0x9E94688D,
0x9E95687E,
0x9E966901,
0x9E9768CA,
0x9E986908,
0x9E9968D8,
0x9E9A6922,
0x9E9B6926,
0x9E9C68E1,
0x9E9D690C,
0x9E9E68CD,
0x9E9F68D4,
0x9EA068E7,
0x9EA168D5,
0x9EA26936,
0x9EA36912,
0x9EA46904,
0x9EA568D7,
0x9EA668E3,
0x9EA76925,
0x9EA868F9,
0x9EA968E0,
0x9EAA68EF,
0x9EAB6928,
0x9EAC692A,
0x9EAD691A,
0x9EAE6923,
0x9EAF6921,
0x9EB068C6,
0x9EB16979,
0x9EB26977,
0x9EB3695C,
0x9EB46978,
0x9EB5696B,
0x9EB66954,
0x9EB7697E,
0x9EB8696E,
0x9EB96939,
0x9EBA6974,
0x9EBB693D,
0x9EBC6959,
0x9EBD6930,
0x9EBE6961,
0x9EBF695E,
0x9EC0695D,
0x9EC16981,
0x9EC2696A,
0x9EC369B2,
0x9EC469AE,
0x9EC569D0,
0x9EC669BF,
0x9EC769C1,
0x9EC869D3,
0x9EC969BE,
0x9ECA69CE,
0x9ECB5BE8,
0x9ECC69CA,
0x9ECD69DD,
0x9ECE69BB,
0x9ECF69C3,
0x9ED069A7,
0x9ED16A2E,
0x9ED26991,
0x9ED369A0,
0x9ED4699C,
0x9ED56995,
0x9ED669B4,
0x9ED769DE,
0x9ED869E8,
0x9ED96A02,
0x9EDA6A1B,
0x9EDB69FF,
0x9EDC6B0A,
0x9EDD69F9,
0x9EDE69F2,
0x9EDF69E7,
0x9EE06A05,
0x9EE169B1,
0x9EE26A1E,
0x9EE369ED,
0x9EE46A14,
0x9EE569EB,
0x9EE66A0A,
0x9EE76A12,
0x9EE86AC1,
0x9EE96A23,
0x9EEA6A13,
0x9EEB6A44,
0x9EEC6A0C,
0x9EED6A72,
0x9EEE6A36,
0x9EEF6A78,
0x9EF06A47,
0x9EF16A62,
0x9EF26A59,
0x9EF36A66,
0x9EF46A48,
0x9EF56A38,
0x9EF66A22,
0x9EF76A90,
0x9EF86A8D,
0x9EF96AA0,
0x9EFA6A84,
0x9EFB6AA2,
0x9EFC6AA3,
0x9F406A97,
0x9F418617,
0x9F426ABB,
0x9F436AC3,
0x9F446AC2,
0x9F456AB8,
0x9F466AB3,
0x9F476AAC,
0x9F486ADE,
0x9F496AD1,
0x9F4A6ADF,
0x9F4B6AAA,
0x9F4C6ADA,
0x9F4D6AEA,
0x9F4E6AFB,
0x9F4F6B05,
0x9F508616,
0x9F516AFA,
0x9F526B12,
0x9F536B16,
0x9F549B31,
0x9F556B1F,
0x9F566B38,
0x9F576B37,
0x9F5876DC,
0x9F596B39,
0x9F5A98EE,
0x9F5B6B47,
0x9F5C6B43,
0x9F5D6B49,
0x9F5E6B50,
0x9F5F6B59,
0x9F606B54,
0x9F616B5B,
0x9F626B5F,
0x9F636B61,
0x9F646B78,
0x9F656B79,
0x9F666B7F,
0x9F676B80,
0x9F686B84,
0x9F696B83,
0x9F6A6B8D,
0x9F6B6B98,
0x9F6C6B95,
0x9F6D6B9E,
0x9F6E6BA4,
0x9F6F6BAA,
0x9F706BAB,
0x9F716BAF,
0x9F726BB2,
0x9F736BB1,
0x9F746BB3,
0x9F756BB7,
0x9F766BBC,
0x9F776BC6,
0x9F786BCB,
0x9F796BD3,
0x9F7A6BDF,
0x9F7B6BEC,
0x9F7C6BEB,
0x9F7D6BF3,
0x9F7E6BEF,
0x9F809EBE,
0x9F816C08,
0x9F826C13,
0x9F836C14,
0x9F846C1B,
0x9F856C24,
0x9F866C23,
0x9F876C5E,
0x9F886C55,
0x9F896C62,
0x9F8A6C6A,
0x9F8B6C82,
0x9F8C6C8D,
0x9F8D6C9A,
0x9F8E6C81,
0x9F8F6C9B,
0x9F906C7E,
0x9F916C68,
0x9F926C73,
0x9F936C92,
0x9F946C90,
0x9F956CC4,
0x9F966CF1,
0x9F976CD3,
0x9F986CBD,
0x9F996CD7,
0x9F9A6CC5,
0x9F9B6CDD,
0x9F9C6CAE,
0x9F9D6CB1,
0x9F9E6CBE,
0x9F9F6CBA,
0x9FA06CDB,
0x9FA16CEF,
0x9FA26CD9,
0x9FA36CEA,
0x9FA46D1F,
0x9FA5884D,
0x9FA66D36,
0x9FA76D2B,
0x9FA86D3D,
0x9FA96D38,
0x9FAA6D19,
0x9FAB6D35,
0x9FAC6D33,
0x9FAD6D12,
0x9FAE6D0C,
0x9FAF6D63,
0x9FB06D93,
0x9FB16D64,
0x9FB26D5A,
0x9FB36D79,
0x9FB46D59,
0x9FB56D8E,
0x9FB66D95,
0x9FB76FE4,
0x9FB86D85,
0x9FB96DF9,
0x9FBA6E15,
0x9FBB6E0A,
0x9FBC6DB5,
0x9FBD6DC7,
0x9FBE6DE6,
0x9FBF6DB8,
0x9FC06DC6,
0x9FC16DEC,
0x9FC26DDE,
0x9FC36DCC,
0x9FC46DE8,
0x9FC56DD2,
0x9FC66DC5,
0x9FC76DFA,
0x9FC86DD9,
0x9FC96DE4,
0x9FCA6DD5,
0x9FCB6DEA,
0x9FCC6DEE,
0x9FCD6E2D,
0x9FCE6E6E,
0x9FCF6E2E,
0x9FD06E19,
0x9FD16E72,
0x9FD26E5F,
0x9FD36E3E,
0x9FD46E23,
0x9FD56E6B,
0x9FD66E2B,
0x9FD76E76,
0x9FD86E4D,
0x9FD96E1F,
0x9FDA6E43,
0x9FDB6E3A,
0x9FDC6E4E,
0x9FDD6E24,
0x9FDE6EFF,
0x9FDF6E1D,
0x9FE06E38,
0x9FE16E82,
0x9FE26EAA,
0x9FE36E98,
0x9FE46EC9,
0x9FE56EB7,
0x9FE66ED3,
0x9FE76EBD,
0x9FE86EAF,
0x9FE96EC4,
0x9FEA6EB2,
0x9FEB6ED4,
0x9FEC6ED5,
0x9FED6E8F,
0x9FEE6EA5,
0x9FEF6EC2,
0x9FF06E9F,
0x9FF16F41,
0x9FF26F11,
0x9FF3704C,
0x9FF46EEC,
0x9FF56EF8,
0x9FF66EFE,
0x9FF76F3F,
0x9FF86EF2,
0x9FF96F31,
0x9FFA6EEF,
0x9FFB6F32,
0x9FFC6ECC,
0xE0406F3E,
0xE0416F13,
0xE0426EF7,
0xE0436F86,
0xE0446F7A,
0xE0456F78,
0xE0466F81,
0xE0476F80,
0xE0486F6F,
0xE0496F5B,
0xE04A6FF3,
0xE04B6F6D,
0xE04C6F82,
0xE04D6F7C,
0xE04E6F58,
0xE04F6F8E,
0xE0506F91,
0xE0516FC2,
0xE0526F66,
0xE0536FB3,
0xE0546FA3,
0xE0556FA1,
0xE0566FA4,
0xE0576FB9,
0xE0586FC6,
0xE0596FAA,
0xE05A6FDF,
0xE05B6FD5,
0xE05C6FEC,
0xE05D6FD4,
0xE05E6FD8,
0xE05F6FF1,
0xE0606FEE,
0xE0616FDB,
0xE0627009,
0xE063700B,
0xE0646FFA,
0xE0657011,
0xE0667001,
0xE067700F,
0xE0686FFE,
0xE069701B,
0xE06A701A,
0xE06B6F74,
0xE06C701D,
0xE06D7018,
0xE06E701F,
0xE06F7030,
0xE070703E,
0xE0717032,
0xE0727051,
0xE0737063,
0xE0747099,
0xE0757092,
0xE07670AF,
0xE07770F1,
0xE07870AC,
0xE07970B8,
0xE07A70B3,
0xE07B70AE,
0xE07C70DF,
0xE07D70CB,
0xE07E70DD,
0xE08070D9,
0xE0817109,
0xE08270FD,
0xE083711C,
0xE0847119,
0xE0857165,
0xE0867155,
0xE0877188,
0xE0887166,
0xE0897162,
0xE08A714C,
0xE08B7156,
0xE08C716C,
0xE08D718F,
0xE08E71FB,
0xE08F7184,
0xE0907195,
0xE09171A8,
0xE09271AC,
0xE09371D7,
0xE09471B9,
0xE09571BE,
0xE09671D2,
0xE09771C9,
0xE09871D4,
0xE09971CE,
0xE09A71E0,
0xE09B71EC,
0xE09C71E7,
0xE09D71F5,
0xE09E71FC,
0xE09F71F9,
0xE0A071FF,
0xE0A1720D,
0xE0A27210,
0xE0A3721B,
0xE0A47228,
0xE0A5722D,
0xE0A6722C,
0xE0A77230,
0xE0A87232,
0xE0A9723B,
0xE0AA723C,
0xE0AB723F,
0xE0AC7240,
0xE0AD7246,
0xE0AE724B,
0xE0AF7258,
0xE0B07274,
0xE0B1727E,
0xE0B27282,
0xE0B37281,
0xE0B47287,
0xE0B57292,
0xE0B67296,
0xE0B772A2,
0xE0B872A7,
0xE0B972B9,
0xE0BA72B2,
0xE0BB72C3,
0xE0BC72C6,
0xE0BD72C4,
0xE0BE72CE,
0xE0BF72D2,
0xE0C072E2,
0xE0C172E0,
0xE0C272E1,
0xE0C372F9,
0xE0C472F7,
0xE0C5500F,
0xE0C67317,
0xE0C7730A,
0xE0C8731C,
0xE0C97316,
0xE0CA731D,
0xE0CB7334,
0xE0CC732F,
0xE0CD7329,
0xE0CE7325,
0xE0CF733E,
0xE0D0734E,
0xE0D1734F,
0xE0D29ED8,
0xE0D37357,
0xE0D4736A,
0xE0D57368,
0xE0D67370,
0xE0D77378,
0xE0D87375,
0xE0D9737B,
0xE0DA737A,
0xE0DB73C8,
0xE0DC73B3,
0xE0DD73CE,
0xE0DE73BB,
0xE0DF73C0,
0xE0E073E5,
0xE0E173EE,
0xE0E273DE,
0xE0E374A2,
0xE0E47405,
0xE0E5746F,
0xE0E67425,
0xE0E773F8,
0xE0E87432,
0xE0E9743A,
0xE0EA7455,
0xE0EB743F,
0xE0EC745F,
0xE0ED7459,
0xE0EE7441,
0xE0EF745C,
0xE0F07469,
0xE0F17470,
0xE0F27463,
0xE0F3746A,
0xE0F47476,
0xE0F5747E,
0xE0F6748B,
0xE0F7749E,
0xE0F874A7,
0xE0F974CA,
0xE0FA74CF,
0xE0FB74D4,
0xE0FC73F1,
0xE14074E0,
0xE14174E3,
0xE14274E7,
0xE14374E9,
0xE14474EE,
0xE14574F2,
0xE14674F0,
0xE14774F1,
0xE14874F8,
0xE14974F7,
0xE14A7504,
0xE14B7503,
0xE14C7505,
0xE14D750C,
0xE14E750E,
0xE14F750D,
0xE1507515,
0xE1517513,
0xE152751E,
0xE1537526,
0xE154752C,
0xE155753C,
0xE1567544,
0xE157754D,
0xE158754A,
0xE1597549,
0xE15A755B,
0xE15B7546,
0xE15C755A,
0xE15D7569,
0xE15E7564,
0xE15F7567,
0xE160756B,
0xE161756D,
0xE1627578,
0xE1637576,
0xE1647586,
0xE1657587,
0xE1667574,
0xE167758A,
0xE1687589,
0xE1697582,
0xE16A7594,
0xE16B759A,
0xE16C759D,
0xE16D75A5,
0xE16E75A3,
0xE16F75C2,
0xE17075B3,
0xE17175C3,
0xE17275B5,
0xE17375BD,
0xE17475B8,
0xE17575BC,
0xE17675B1,
0xE17775CD,
0xE17875CA,
0xE17975D2,
0xE17A75D9,
0xE17B75E3,
0xE17C75DE,
0xE17D75FE,
0xE17E75FF,
0xE18075FC,
0xE1817601,
0xE18275F0,
0xE18375FA,
0xE18475F2,
0xE18575F3,
0xE186760B,
0xE187760D,
0xE1887609,
0xE189761F,
0xE18A7627,
0xE18B7620,
0xE18C7621,
0xE18D7622,
0xE18E7624,
0xE18F7634,
0xE1907630,
0xE191763B,
0xE1927647,
0xE1937648,
0xE1947646,
0xE195765C,
0xE1967658,
0xE1977661,
0xE1987662,
0xE1997668,
0xE19A7669,
0xE19B766A,
0xE19C7667,
0xE19D766C,
0xE19E7670,
0xE19F7672,
0xE1A07676,
0xE1A17678,
0xE1A2767C,
0xE1A37680,
0xE1A47683,
0xE1A57688,
0xE1A6768B,
0xE1A7768E,
0xE1A87696,
0xE1A97693,
0xE1AA7699,
0xE1AB769A,
0xE1AC76B0,
0xE1AD76B4,
0xE1AE76B8,
0xE1AF76B9,
0xE1B076BA,
0xE1B176C2,
0xE1B276CD,
0xE1B376D6,
0xE1B476D2,
0xE1B576DE,
0xE1B676E1,
0xE1B776E5,
0xE1B876E7,
0xE1B976EA,
0xE1BA862F,
0xE1BB76FB,
0xE1BC7708,
0xE1BD7707,
0xE1BE7704,
0xE1BF7729,
0xE1C07724,
0xE1C1771E,
0xE1C27725,
0xE1C37726,
0xE1C4771B,
0xE1C57737,
0xE1C67738,
0xE1C77747,
0xE1C8775A,
0xE1C97768,
0xE1CA776B,
0xE1CB775B,
0xE1CC7765,
0xE1CD777F,
0xE1CE777E,
0xE1CF7779,
0xE1D0778E,
0xE1D1778B,
0xE1D27791,
0xE1D377A0,
0xE1D4779E,
0xE1D577B0,
0xE1D677B6,
0xE1D777B9,
0xE1D877BF,
0xE1D977BC,
0xE1DA77BD,
0xE1DB77BB,
0xE1DC77C7,
0xE1DD77CD,
0xE1DE77D7,
0xE1DF77DA,
0xE1E077DC,
0xE1E177E3,
0xE1E277EE,
0xE1E377FC,
0xE1E4780C,
0xE1E57812,
0xE1E67926,
0xE1E77820,
0xE1E8792A,
0xE1E97845,
0xE1EA788E,
0xE1EB7874,
0xE1EC7886,
0xE1ED787C,
0xE1EE789A,
0xE1EF788C,
0xE1F078A3,
0xE1F178B5,
0xE1F278AA,
0xE1F378AF,
0xE1F478D1,
0xE1F578C6,
0xE1F678CB,
0xE1F778D4,
0xE1F878BE,
0xE1F978BC,
0xE1FA78C5,
0xE1FB78CA,
0xE1FC78EC,
0xE24078E7,
0xE24178DA,
0xE24278FD,
0xE24378F4,
0xE2447907,
0xE2457912,
0xE2467911,
0xE2477919,
0xE248792C,
0xE249792B,
0xE24A7940,
0xE24B7960,
0xE24C7957,
0xE24D795F,
0xE24E795A,
0xE24F7955,
0xE2507953,
0xE251797A,
0xE252797F,
0xE253798A,
0xE254799D,
0xE25579A7,
0xE2569F4B,
0xE25779AA,
0xE25879AE,
0xE25979B3,
0xE25A79B9,
0xE25B79BA,
0xE25C79C9,
0xE25D79D5,
0xE25E79E7,
0xE25F79EC,
0xE26079E1,
0xE26179E3,
0xE2627A08,
0xE2637A0D,
0xE2647A18,
0xE2657A19,
0xE2667A20,
0xE2677A1F,
0xE2687980,
0xE2697A31,
0xE26A7A3B,
0xE26B7A3E,
0xE26C7A37,
0xE26D7A43,
0xE26E7A57,
0xE26F7A49,
0xE2707A61,
0xE2717A62,
0xE2727A69,
0xE2739F9D,
0xE2747A70,
0xE2757A79,
0xE2767A7D,
0xE2777A88,
0xE2787A97,
0xE2797A95,
0xE27A7A98,
0xE27B7A96,
0xE27C7AA9,
0xE27D7AC8,
0xE27E7AB0,
0xE2807AB6,
0xE2817AC5,
0xE2827AC4,
0xE2837ABF,
0xE2849083,
0xE2857AC7,
0xE2867ACA,
0xE2877ACD,
0xE2887ACF,
0xE2897AD5,
0xE28A7AD3,
0xE28B7AD9,
0xE28C7ADA,
0xE28D7ADD,
0xE28E7AE1,
0xE28F7AE2,
0xE2907AE6,
0xE2917AED,
0xE2927AF0,
0xE2937B02,
0xE2947B0F,
0xE2957B0A,
0xE2967B06,
0xE2977B33,
0xE2987B18,
0xE2997B19,
0xE29A7B1E,
0xE29B7B35,
0xE29C7B28,
0xE29D7B36,
0xE29E7B50,
0xE29F7B7A,
0xE2A07B04,
0xE2A17B4D,
0xE2A27B0B,
0xE2A37B4C,
0xE2A47B45,
0xE2A57B75,
0xE2A67B65,
0xE2A77B74,
0xE2A87B67,
0xE2A97B70,
0xE2AA7B71,
0xE2AB7B6C,
0xE2AC7B6E,
0xE2AD7B9D,
0xE2AE7B98,
0xE2AF7B9F,
0xE2B07B8D,
0xE2B17B9C,
0xE2B27B9A,
0xE2B37B8B,
0xE2B47B92,
0xE2B57B8F,
0xE2B67B5D,
0xE2B77B99,
0xE2B87BCB,
0xE2B97BC1,
0xE2BA7BCC,
0xE2BB7BCF,
0xE2BC7BB4,
0xE2BD7BC6,
0xE2BE7BDD,
0xE2BF7BE9,
0xE2C07C11,
0xE2C17C14,
0xE2C27BE6,
0xE2C37BE5,
0xE2C47C60,
0xE2C57C00,
0xE2C67C07,
0xE2C77C13,
0xE2C87BF3,
0xE2C97BF7,
0xE2CA7C17,
0xE2CB7C0D,
0xE2CC7BF6,
0xE2CD7C23,
0xE2CE7C27,
0xE2CF7C2A,
0xE2D07C1F,
0xE2D17C37,
0xE2D27C2B,
0xE2D37C3D,
0xE2D47C4C,
0xE2D57C43,
0xE2D67C54,
0xE2D77C4F,
0xE2D87C40,
0xE2D97C50,
0xE2DA7C58,
0xE2DB7C5F,
0xE2DC7C64,
0xE2DD7C56,
0xE2DE7C65,
0xE2DF7C6C,
0xE2E07C75,
0xE2E17C83,
0xE2E27C90,
0xE2E37CA4,
0xE2E47CAD,
0xE2E57CA2,
0xE2E67CAB,
0xE2E77CA1,
0xE2E87CA8,
0xE2E97CB3,
0xE2EA7CB2,
0xE2EB7CB1,
0xE2EC7CAE,
0xE2ED7CB9,
0xE2EE7CBD,
0xE2EF7CC0,
0xE2F07CC5,
0xE2F17CC2,
0xE2F27CD8,
0xE2F37CD2,
0xE2F47CDC,
0xE2F57CE2,
0xE2F69B3B,
0xE2F77CEF,
0xE2F87CF2,
0xE2F97CF4,
0xE2FA7CF6,
0xE2FB7CFA,
0xE2FC7D06,
0xE3407D02,
0xE3417D1C,
0xE3427D15,
0xE3437D0A,
0xE3447D45,
0xE3457D4B,
0xE3467D2E,
0xE3477D32,
0xE3487D3F,
0xE3497D35,
0xE34A7D46,
0xE34B7D73,
0xE34C7D56,
0xE34D7D4E,
0xE34E7D72,
0xE34F7D68,
0xE3507D6E,
0xE3517D4F,
0xE3527D63,
0xE3537D93,
0xE3547D89,
0xE3557D5B,
0xE3567D8F,
0xE3577D7D,
0xE3587D9B,
0xE3597DBA,
0xE35A7DAE,
0xE35B7DA3,
0xE35C7DB5,
0xE35D7DC7,
0xE35E7DBD,
0xE35F7DAB,
0xE3607E3D,
0xE3617DA2,
0xE3627DAF,
0xE3637DDC,
0xE3647DB8,
0xE3657D9F,
0xE3667DB0,
0xE3677DD8,
0xE3687DDD,
0xE3697DE4,
0xE36A7DDE,
0xE36B7DFB,
0xE36C7DF2,
0xE36D7DE1,
0xE36E7E05,
0xE36F7E0A,
0xE3707E23,
0xE3717E21,
0xE3727E12,
0xE3737E31,
0xE3747E1F,
0xE3757E09,
0xE3767E0B,
0xE3777E22,
0xE3787E46,
0xE3797E66,
0xE37A7E3B,
0xE37B7E35,
0xE37C7E39,
0xE37D7E43,
0xE37E7E37,
0xE3807E32,
0xE3817E3A,
0xE3827E67,
0xE3837E5D,
0xE3847E56,
0xE3857E5E,
0xE3867E59,
0xE3877E5A,
0xE3887E79,
0xE3897E6A,
0xE38A7E69,
0xE38B7E7C,
0xE38C7E7B,
0xE38D7E83,
0xE38E7DD5,
0xE38F7E7D,
0xE3908FAE,
0xE3917E7F,
0xE3927E88,
0xE3937E89,
0xE3947E8C,
0xE3957E92,
0xE3967E90,
0xE3977E93,
0xE3987E94,
0xE3997E96,
0xE39A7E8E,
0xE39B7E9B,
0xE39C7E9C,
0xE39D7F38,
0xE39E7F3A,
0xE39F7F45,
0xE3A07F4C,
0xE3A17F4D,
0xE3A27F4E,
0xE3A37F50,
0xE3A47F51,
0xE3A57F55,
0xE3A67F54,
0xE3A77F58,
0xE3A87F5F,
0xE3A97F60,
0xE3AA7F68,
0xE3AB7F69,
0xE3AC7F67,
0xE3AD7F78,
0xE3AE7F82,
0xE3AF7F86,
0xE3B07F83,
0xE3B17F88,
0xE3B27F87,
0xE3B37F8C,
0xE3B47F94,
0xE3B57F9E,
0xE3B67F9D,
0xE3B77F9A,
0xE3B87FA3,
0xE3B97FAF,
0xE3BA7FB2,
0xE3BB7FB9,
0xE3BC7FAE,
0xE3BD7FB6,
0xE3BE7FB8,
0xE3BF8B71,
0xE3C07FC5,
0xE3C17FC6,
0xE3C27FCA,
0xE3C37FD5,
0xE3C47FD4,
0xE3C57FE1,
0xE3C67FE6,
0xE3C77FE9,
0xE3C87FF3,
0xE3C97FF9,
0xE3CA98DC,
0xE3CB8006,
0xE3CC8004,
0xE3CD800B,
0xE3CE8012,
0xE3CF8018,
0xE3D08019,
0xE3D1801C,
0xE3D28021,
0xE3D38028,
0xE3D4803F,
0xE3D5803B,
0xE3D6804A,
0xE3D78046,
0xE3D88052,
0xE3D98058,
0xE3DA805A,
0xE3DB805F,
0xE3DC8062,
0xE3DD8068,
0xE3DE8073,
0xE3DF8072,
0xE3E08070,
0xE3E18076,
0xE3E28079,
0xE3E3807D,
0xE3E4807F,
0xE3E58084,
0xE3E68086,
0xE3E78085,
0xE3E8809B,
0xE3E98093,
0xE3EA809A,
0xE3EB80AD,
0xE3EC5190,
0xE3ED80AC,
0xE3EE80DB,
0xE3EF80E5,
0xE3F080D9,
0xE3F180DD,
0xE3F280C4,
0xE3F380DA,
0xE3F480D6,
0xE3F58109,
0xE3F680EF,
0xE3F780F1,
0xE3F8811B,
0xE3F98129,
0xE3FA8123,
0xE3FB812F,
0xE3FC814B,
0xE440968B,
0xE4418146,
0xE442813E,
0xE4438153,
0xE4448151,
0xE44580FC,
0xE4468171,
0xE447816E,
0xE4488165,
0xE4498166,
0xE44A8174,
0xE44B8183,
0xE44C8188,
0xE44D818A,
0xE44E8180,
0xE44F8182,
0xE45081A0,
0xE4518195,
0xE45281A4,
0xE45381A3,
0xE454815F,
0xE4558193,
0xE45681A9,
0xE45781B0,
0xE45881B5,
0xE45981BE,
0xE45A81B8,
0xE45B81BD,
0xE45C81C0,
0xE45D81C2,
0xE45E81BA,
0xE45F81C9,
0xE46081CD,
0xE46181D1,
0xE46281D9,
0xE46381D8,
0xE46481C8,
0xE46581DA,
0xE46681DF,
0xE46781E0,
0xE46881E7,
0xE46981FA,
0xE46A81FB,
0xE46B81FE,
0xE46C8201,
0xE46D8202,
0xE46E8205,
0xE46F8207,
0xE470820A,
0xE471820D,
0xE4728210,
0xE4738216,
0xE4748229,
0xE475822B,
0xE4768238,
0xE4778233,
0xE4788240,
0xE4798259,
0xE47A8258,
0xE47B825D,
0xE47C825A,
0xE47D825F,
0xE47E8264,
0xE4808262,
0xE4818268,
0xE482826A,
0xE483826B,
0xE484822E,
0xE4858271,
0xE4868277,
0xE4878278,
0xE488827E,
0xE489828D,
0xE48A8292,
0xE48B82AB,
0xE48C829F,
0xE48D82BB,
0xE48E82AC,
0xE48F82E1,
0xE49082E3,
0xE49182DF,
0xE49282D2,
0xE49382F4,
0xE49482F3,
0xE49582FA,
0xE4968393,
0xE4978303,
0xE49882FB,
0xE49982F9,
0xE49A82DE,
0xE49B8306,
0xE49C82DC,
0xE49D8309,
0xE49E82D9,
0xE49F8335,
0xE4A08334,
0xE4A18316,
0xE4A28332,
0xE4A38331,
0xE4A48340,
0xE4A58339,
0xE4A68350,
0xE4A78345,
0xE4A8832F,
0xE4A9832B,
0xE4AA8317,
0xE4AB8318,
0xE4AC8385,
0xE4AD839A,
0xE4AE83AA,
0xE4AF839F,
0xE4B083A2,
0xE4B18396,
0xE4B28323,
0xE4B3838E,
0xE4B48387,
0xE4B5838A,
0xE4B6837C,
0xE4B783B5,
0xE4B88373,
0xE4B98375,
0xE4BA83A0,
0xE4BB8389,
0xE4BC83A8,
0xE4BD83F4,
0xE4BE8413,
0xE4BF83EB,
0xE4C083CE,
0xE4C183FD,
0xE4C28403,
0xE4C383D8,
0xE4C4840B,
0xE4C583C1,
0xE4C683F7,
0xE4C78407,
0xE4C883E0,
0xE4C983F2,
0xE4CA840D,
0xE4CB8422,
0xE4CC8420,
0xE4CD83BD,
0xE4CE8438,
0xE4CF8506,
0xE4D083FB,
0xE4D1846D,
0xE4D2842A,
0xE4D3843C,
0xE4D4855A,
0xE4D58484,
0xE4D68477,
0xE4D7846B,
0xE4D884AD,
0xE4D9846E,
0xE4DA8482,
0xE4DB8469,
0xE4DC8446,
0xE4DD842C,
0xE4DE846F,
0xE4DF8479,
0xE4E08435,
0xE4E184CA,
0xE4E28462,
0xE4E384B9,
0xE4E484BF,
0xE4E5849F,
0xE4E684D9,
0xE4E784CD,
0xE4E884BB,
0xE4E984DA,
0xE4EA84D0,
0xE4EB84C1,
0xE4EC84C6,
0xE4ED84D6,
0xE4EE84A1,
0xE4EF8521,
0xE4F084FF,
0xE4F184F4,
0xE4F28517,
0xE4F38518,
0xE4F4852C,
0xE4F5851F,
0xE4F68515,
0xE4F78514,
0xE4F884FC,
0xE4F98540,
0xE4FA8563,
0xE4FB8558,
0xE4FC8548,
0xE5408541,
0xE5418602,
0xE542854B,
0xE5438555,
0xE5448580,
0xE54585A4,
0xE5468588,
0xE5478591,
0xE548858A,
0xE54985A8,
0xE54A856D,
0xE54B8594,
0xE54C859B,
0xE54D85EA,
0xE54E8587,
0xE54F859C,
0xE5508577,
0xE551857E,
0xE5528590,
0xE55385C9,
0xE55485BA,
0xE55585CF,
0xE55685B9,
0xE55785D0,
0xE55885D5,
0xE55985DD,
0xE55A85E5,
0xE55B85DC,
0xE55C85F9,
0xE55D860A,
0xE55E8613,
0xE55F860B,
0xE56085FE,
0xE56185FA,
0xE5628606,
0xE5638622,
0xE564861A,
0xE5658630,
0xE566863F,
0xE567864D,
0xE5684E55,
0xE5698654,
0xE56A865F,
0xE56B8667,
0xE56C8671,
0xE56D8693,
0xE56E86A3,
0xE56F86A9,
0xE57086AA,
0xE571868B,
0xE572868C,
0xE57386B6,
0xE57486AF,
0xE57586C4,
0xE57686C6,
0xE57786B0,
0xE57886C9,
0xE5798823,
0xE57A86AB,
0xE57B86D4,
0xE57C86DE,
0xE57D86E9,
0xE57E86EC,
0xE58086DF,
0xE58186DB,
0xE58286EF,
0xE5838712,
0xE5848706,
0xE5858708,
0xE5868700,
0xE5878703,
0xE58886FB,
0xE5898711,
0xE58A8709,
0xE58B870D,
0xE58C86F9,
0xE58D870A,
0xE58E8734,
0xE58F873F,
0xE5908737,
0xE591873B,
0xE5928725,
0xE5938729,
0xE594871A,
0xE5958760,
0xE596875F,
0xE5978778,
0xE598874C,
0xE599874E,
0xE59A8774,
0xE59B8757,
0xE59C8768,
0xE59D876E,
0xE59E8759,
0xE59F8753,
0xE5A08763,
0xE5A1876A,
0xE5A28805,
0xE5A387A2,
0xE5A4879F,
0xE5A58782,
0xE5A687AF,
0xE5A787CB,
0xE5A887BD,
0xE5A987C0,
0xE5AA87D0,
0xE5AB96D6,
0xE5AC87AB,
0xE5AD87C4,
0xE5AE87B3,
0xE5AF87C7,
0xE5B087C6,
0xE5B187BB,
0xE5B287EF,
0xE5B387F2,
0xE5B487E0,
0xE5B5880F,
0xE5B6880D,
0xE5B787FE,
0xE5B887F6,
0xE5B987F7,
0xE5BA880E,
0xE5BB87D2,
0xE5BC8811,
0xE5BD8816,
0xE5BE8815,
0xE5BF8822,
0xE5C08821,
0xE5C18831,
0xE5C28836,
0xE5C38839,
0xE5C48827,
0xE5C5883B,
0xE5C68844,
0xE5C78842,
0xE5C88852,
0xE5C98859,
0xE5CA885E,
0xE5CB8862,
0xE5CC886B,
0xE5CD8881,
0xE5CE887E,
0xE5CF889E,
0xE5D08875,
0xE5D1887D,
0xE5D288B5,
0xE5D38872,
0xE5D48882,
0xE5D58897,
0xE5D68892,
0xE5D788AE,
0xE5D88899,
0xE5D988A2,
0xE5DA888D,
0xE5DB88A4,
0xE5DC88B0,
0xE5DD88BF,
0xE5DE88B1,
0xE5DF88C3,
0xE5E088C4,
0xE5E188D4,
0xE5E288D8,
0xE5E388D9,
0xE5E488DD,
0xE5E588F9,
0xE5E68902,
0xE5E788FC,
0xE5E888F4,
0xE5E988E8,
0xE5EA88F2,
0xE5EB8904,
0xE5EC890C,
0xE5ED890A,
0xE5EE8913,
0xE5EF8943,
0xE5F0891E,
0xE5F18925,
0xE5F2892A,
0xE5F3892B,
0xE5F48941,
0xE5F58944,
0xE5F6893B,
0xE5F78936,
0xE5F88938,
0xE5F9894C,
0xE5FA891D,
0xE5FB8960,
0xE5FC895E,
0xE6408966,
0xE6418964,
0xE642896D,
0xE643896A,
0xE644896F,
0xE6458974,
0xE6468977,
0xE647897E,
0xE6488983,
0xE6498988,
0xE64A898A,
0xE64B8993,
0xE64C8998,
0xE64D89A1,
0xE64E89A9,
0xE64F89A6,
0xE65089AC,
0xE65189AF,
0xE65289B2,
0xE65389BA,
0xE65489BD,
0xE65589BF,
0xE65689C0,
0xE65789DA,
0xE65889DC,
0xE65989DD,
0xE65A89E7,
0xE65B89F4,
0xE65C89F8,
0xE65D8A03,
0xE65E8A16,
0xE65F8A10,
0xE6608A0C,
0xE6618A1B,
0xE6628A1D,
0xE6638A25,
0xE6648A36,
0xE6658A41,
0xE6668A5B,
0xE6678A52,
0xE6688A46,
0xE6698A48,
0xE66A8A7C,
0xE66B8A6D,
0xE66C8A6C,
0xE66D8A62,
0xE66E8A85,
0xE66F8A82,
0xE6708A84,
0xE6718AA8,
0xE6728AA1,
0xE6738A91,
0xE6748AA5,
0xE6758AA6,
0xE6768A9A,
0xE6778AA3,
0xE6788AC4,
0xE6798ACD,
0xE67A8AC2,
0xE67B8ADA,
0xE67C8AEB,
0xE67D8AF3,
0xE67E8AE7,
0xE6808AE4,
0xE6818AF1,
0xE6828B14,
0xE6838AE0,
0xE6848AE2,
0xE6858AF7,
0xE6868ADE,
0xE6878ADB,
0xE6888B0C,
0xE6898B07,
0xE68A8B1A,
0xE68B8AE1,
0xE68C8B16,
0xE68D8B10,
0xE68E8B17,
0xE68F8B20,
0xE6908B33,
0xE69197AB,
0xE6928B26,
0xE6938B2B,
0xE6948B3E,
0xE6958B28,
0xE6968B41,
0xE6978B4C,
0xE6988B4F,
0xE6998B4E,
0xE69A8B49,
0xE69B8B56,
0xE69C8B5B,
0xE69D8B5A,
0xE69E8B6B,
0xE69F8B5F,
0xE6A08B6C,
0xE6A18B6F,
0xE6A28B74,
0xE6A38B7D,
0xE6A48B80,
0xE6A58B8C,
0xE6A68B8E,
0xE6A78B92,
0xE6A88B93,
0xE6A98B96,
0xE6AA8B99,
0xE6AB8B9A,
0xE6AC8C3A,
0xE6AD8C41,
0xE6AE8C3F,
0xE6AF8C48,
0xE6B08C4C,
0xE6B18C4E,
0xE6B28C50,
0xE6B38C55,
0xE6B48C62,
0xE6B58C6C,
0xE6B68C78,
0xE6B78C7A,
0xE6B88C82,
0xE6B98C89,
0xE6BA8C85,
0xE6BB8C8A,
0xE6BC8C8D,
0xE6BD8C8E,
0xE6BE8C94,
0xE6BF8C7C,
0xE6C08C98,
0xE6C1621D,
0xE6C28CAD,
0xE6C38CAA,
0xE6C48CBD,
0xE6C58CB2,
0xE6C68CB3,
0xE6C78CAE,
0xE6C88CB6,
0xE6C98CC8,
0xE6CA8CC1,
0xE6CB8CE4,
0xE6CC8CE3,
0xE6CD8CDA,
0xE6CE8CFD,
0xE6CF8CFA,
0xE6D08CFB,
0xE6D18D04,
0xE6D28D05,
0xE6D38D0A,
0xE6D48D07,
0xE6D58D0F,
0xE6D68D0D,
0xE6D78D10,
0xE6D89F4E,
0xE6D98D13,
0xE6DA8CCD,
0xE6DB8D14,
0xE6DC8D16,
0xE6DD8D67,
0xE6DE8D6D,
0xE6DF8D71,
0xE6E08D73,
0xE6E18D81,
0xE6E28D99,
0xE6E38DC2,
0xE6E48DBE,
0xE6E58DBA,
0xE6E68DCF,
0xE6E78DDA,
0xE6E88DD6,
0xE6E98DCC,
0xE6EA8DDB,
0xE6EB8DCB,
0xE6EC8DEA,
0xE6ED8DEB,
0xE6EE8DDF,
0xE6EF8DE3,
0xE6F08DFC,
0xE6F18E08,
0xE6F28E09,
0xE6F38DFF,
0xE6F48E1D,
0xE6F58E1E,
0xE6F68E10,
0xE6F78E1F,
0xE6F88E42,
0xE6F98E35,
0xE6FA8E30,
0xE6FB8E34,
0xE6FC8E4A,
0xE7408E47,
0xE7418E49,
0xE7428E4C,
0xE7438E50,
0xE7448E48,
0xE7458E59,
0xE7468E64,
0xE7478E60,
0xE7488E2A,
0xE7498E63,
0xE74A8E55,
0xE74B8E76,
0xE74C8E72,
0xE74D8E7C,
0xE74E8E81,
0xE74F8E87,
0xE7508E85,
0xE7518E84,
0xE7528E8B,
0xE7538E8A,
0xE7548E93,
0xE7558E91,
0xE7568E94,
0xE7578E99,
0xE7588EAA,
0xE7598EA1,
0xE75A8EAC,
0xE75B8EB0,
0xE75C8EC6,
0xE75D8EB1,
0xE75E8EBE,
0xE75F8EC5,
0xE7608EC8,
0xE7618ECB,
0xE7628EDB,
0xE7638EE3,
0xE7648EFC,
0xE7658EFB,
0xE7668EEB,
0xE7678EFE,
0xE7688F0A,
0xE7698F05,
0xE76A8F15,
0xE76B8F12,
0xE76C8F19,
0xE76D8F13,
0xE76E8F1C,
0xE76F8F1F,
0xE7708F1B,
0xE7718F0C,
0xE7728F26,
0xE7738F33,
0xE7748F3B,
0xE7758F39,
0xE7768F45,
0xE7778F42,
0xE7788F3E,
0xE7798F4C,
0xE77A8F49,
0xE77B8F46,
0xE77C8F4E,
0xE77D8F57,
0xE77E8F5C,
0xE7808F62,
0xE7818F63,
0xE7828F64,
0xE7838F9C,
0xE7848F9F,
0xE7858FA3,
0xE7868FAD,
0xE7878FAF,
0xE7888FB7,
0xE7898FDA,
0xE78A8FE5,
0xE78B8FE2,
0xE78C8FEA,
0xE78D8FEF,
0xE78E9087,
0xE78F8FF4,
0xE7909005,
0xE7918FF9,
0xE7928FFA,
0xE7939011,
0xE7949015,
0xE7959021,
0xE796900D,
0xE797901E,
0xE7989016,
0xE799900B,
0xE79A9027,
0xE79B9036,
0xE79C9035,
0xE79D9039,
0xE79E8FF8,
0xE79F904F,
0xE7A09050,
0xE7A19051,
0xE7A29052,
0xE7A3900E,
0xE7A49049,
0xE7A5903E,
0xE7A69056,
0xE7A79058,
0xE7A8905E,
0xE7A99068,
0xE7AA906F,
0xE7AB9076,
0xE7AC96A8,
0xE7AD9072,
0xE7AE9082,
0xE7AF907D,
0xE7B09081,
0xE7B19080,
0xE7B2908A,
0xE7B39089,
0xE7B4908F,
0xE7B590A8,
0xE7B690AF,
0xE7B790B1,
0xE7B890B5,
0xE7B990E2,
0xE7BA90E4,
0xE7BB6248,
0xE7BC90DB,
0xE7BD9102,
0xE7BE9112,
0xE7BF9119,
0xE7C09132,
0xE7C19130,
0xE7C2914A,
0xE7C39156,
0xE7C49158,
0xE7C59163,
0xE7C69165,
0xE7C79169,
0xE7C89173,
0xE7C99172,
0xE7CA918B,
0xE7CB9189,
0xE7CC9182,
0xE7CD91A2,
0xE7CE91AB,
0xE7CF91AF,
0xE7D091AA,
0xE7D191B5,
0xE7D291B4,
0xE7D391BA,
0xE7D491C0,
0xE7D591C1,
0xE7D691C9,
0xE7D791CB,
0xE7D891D0,
0xE7D991D6,
0xE7DA91DF,
0xE7DB91E1,
0xE7DC91DB,
0xE7DD91FC,
0xE7DE91F5,
0xE7DF91F6,
0xE7E0921E,
0xE7E191FF,
0xE7E29214,
0xE7E3922C,
0xE7E49215,
0xE7E59211,
0xE7E6925E,
0xE7E79257,
0xE7E89245,
0xE7E99249,
0xE7EA9264,
0xE7EB9248,
0xE7EC9295,
0xE7ED923F,
0xE7EE924B,
0xE7EF9250,
0xE7F0929C,
0xE7F19296,
0xE7F29293,
0xE7F3929B,
0xE7F4925A,
0xE7F592CF,
0xE7F692B9,
0xE7F792B7,
0xE7F892E9,
0xE7F9930F,
0xE7FA92FA,
0xE7FB9344,
0xE7FC932E,
0xE8409319,
0xE8419322,
0xE842931A,
0xE8439323,
0xE844933A,
0xE8459335,
0xE846933B,
0xE847935C,
0xE8489360,
0xE849937C,
0xE84A936E,
0xE84B9356,
0xE84C93B0,
0xE84D93AC,
0xE84E93AD,
0xE84F9394,
0xE85093B9,
0xE85193D6,
0xE85293D7,
0xE85393E8,
0xE85493E5,
0xE85593D8,
0xE85693C3,
0xE85793DD,
0xE85893D0,
0xE85993C8,
0xE85A93E4,
0xE85B941A,
0xE85C9414,
0xE85D9413,
0xE85E9403,
0xE85F9407,
0xE8609410,
0xE8619436,
0xE862942B,
0xE8639435,
0xE8649421,
0xE865943A,
0xE8669441,
0xE8679452,
0xE8689444,
0xE869945B,
0xE86A9460,
0xE86B9462,
0xE86C945E,
0xE86D946A,
0xE86E9229,
0xE86F9470,
0xE8709475,
0xE8719477,
0xE872947D,
0xE873945A,
0xE874947C,
0xE875947E,
0xE8769481,
0xE877947F,
0xE8789582,
0xE8799587,
0xE87A958A,
0xE87B9594,
0xE87C9596,
0xE87D9598,
0xE87E9599,
0xE88095A0,
0xE88195A8,
0xE88295A7,
0xE88395AD,
0xE88495BC,
0xE88595BB,
0xE88695B9,
0xE88795BE,
0xE88895CA,
0xE8896FF6,
0xE88A95C3,
0xE88B95CD,
0xE88C95CC,
0xE88D95D5,
0xE88E95D4,
0xE88F95D6,
0xE89095DC,
0xE89195E1,
0xE89295E5,
0xE89395E2,
0xE8949621,
0xE8959628,
0xE896962E,
0xE897962F,
0xE8989642,
0xE899964C,
0xE89A964F,
0xE89B964B,
0xE89C9677,
0xE89D965C,
0xE89E965E,
0xE89F965D,
0xE8A0965F,
0xE8A19666,
0xE8A29672,
0xE8A3966C,
0xE8A4968D,
0xE8A59698,
0xE8A69695,
0xE8A79697,
0xE8A896AA,
0xE8A996A7,
0xE8AA96B1,
0xE8AB96B2,
0xE8AC96B0,
0xE8AD96B4,
0xE8AE96B6,
0xE8AF96B8,
0xE8B096B9,
0xE8B196CE,
0xE8B296CB,
0xE8B396C9,
0xE8B496CD,
0xE8B5894D,
0xE8B696DC,
0xE8B7970D,
0xE8B896D5,
0xE8B996F9,
0xE8BA9704,
0xE8BB9706,
0xE8BC9708,
0xE8BD9713,
0xE8BE970E,
0xE8BF9711,
0xE8C0970F,
0xE8C19716,
0xE8C29719,
0xE8C39724,
0xE8C4972A,
0xE8C59730,
0xE8C69739,
0xE8C7973D,
0xE8C8973E,
0xE8C99744,
0xE8CA9746,
0xE8CB9748,
0xE8CC9742,
0xE8CD9749,
0xE8CE975C,
0xE8CF9760,
0xE8D09764,
0xE8D19766,
0xE8D29768,
0xE8D352D2,
0xE8D4976B,
0xE8D59771,
0xE8D69779,
0xE8D79785,
0xE8D8977C,
0xE8D99781,
0xE8DA977A,
0xE8DB9786,
0xE8DC978B,
0xE8DD978F,
0xE8DE9790,
0xE8DF979C,
0xE8E097A8,
0xE8E197A6,
0xE8E297A3,
0xE8E397B3,
0xE8E497B4,
0xE8E597C3,
0xE8E697C6,
0xE8E797C8,
0xE8E897CB,
0xE8E997DC,
0xE8EA97ED,
0xE8EB9F4F,
0xE8EC97F2,
0xE8ED7ADF,
0xE8EE97F6,
0xE8EF97F5,
0xE8F0980F,
0xE8F1980C,
0xE8F29838,
0xE8F39824,
0xE8F49821,
0xE8F59837,
0xE8F6983D,
0xE8F79846,
0xE8F8984F,
0xE8F9984B,
0xE8FA986B,
0xE8FB986F,
0xE8FC9870,
0xE9409871,
0xE9419874,
0xE9429873,
0xE94398AA,
0xE94498AF,
0xE94598B1,
0xE94698B6,
0xE94798C4,
0xE94898C3,
0xE94998C6,
0xE94A98E9,
0xE94B98EB,
0xE94C9903,
0xE94D9909,
0xE94E9912,
0xE94F9914,
0xE9509918,
0xE9519921,
0xE952991D,
0xE953991E,
0xE9549924,
0xE9559920,
0xE956992C,
0xE957992E,
0xE958993D,
0xE959993E,
0xE95A9942,
0xE95B9949,
0xE95C9945,
0xE95D9950,
0xE95E994B,
0xE95F9951,
0xE9609952,
0xE961994C,
0xE9629955,
0xE9639997,
0xE9649998,
0xE96599A5,
0xE96699AD,
0xE96799AE,
0xE96899BC,
0xE96999DF,
0xE96A99DB,
0xE96B99DD,
0xE96C99D8,
0xE96D99D1,
0xE96E99ED,
0xE96F99EE,
0xE97099F1,
0xE97199F2,
0xE97299FB,
0xE97399F8,
0xE9749A01,
0xE9759A0F,
0xE9769A05,
0xE97799E2,
0xE9789A19,
0xE9799A2B,
0xE97A9A37,
0xE97B9A45,
0xE97C9A42,
0xE97D9A40,
0xE97E9A43,
0xE9809A3E,
0xE9819A55,
0xE9829A4D,
0xE9839A5B,
0xE9849A57,
0xE9859A5F,
0xE9869A62,
0xE9879A65,
0xE9889A64,
0xE9899A69,
0xE98A9A6B,
0xE98B9A6A,
0xE98C9AAD,
0xE98D9AB0,
0xE98E9ABC,
0xE98F9AC0,
0xE9909ACF,
0xE9919AD1,
0xE9929AD3,
0xE9939AD4,
0xE9949ADE,
0xE9959ADF,
0xE9969AE2,
0xE9979AE3,
0xE9989AE6,
0xE9999AEF,
0xE99A9AEB,
0xE99B9AEE,
0xE99C9AF4,
0xE99D9AF1,
0xE99E9AF7,
0xE99F9AFB,
0xE9A09B06,
0xE9A19B18,
0xE9A29B1A,
0xE9A39B1F,
0xE9A49B22,
0xE9A59B23,
0xE9A69B25,
0xE9A79B27,
0xE9A89B28,
0xE9A99B29,
0xE9AA9B2A,
0xE9AB9B2E,
0xE9AC9B2F,
0xE9AD9B32,
0xE9AE9B44,
0xE9AF9B43,
0xE9B09B4F,
0xE9B19B4D,
0xE9B29B4E,
0xE9B39B51,
0xE9B49B58,
0xE9B59B74,
0xE9B69B93,
0xE9B79B83,
0xE9B89B91,
0xE9B99B96,
0xE9BA9B97,
0xE9BB9B9F,
0xE9BC9BA0,
0xE9BD9BA8,
0xE9BE9BB4,
0xE9BF9BC0,
0xE9C09BCA,
0xE9C19BB9,
0xE9C29BC6,
0xE9C39BCF,
0xE9C49BD1,
0xE9C59BD2,
0xE9C69BE3,
0xE9C79BE2,
0xE9C89BE4,
0xE9C99BD4,
0xE9CA9BE1,
0xE9CB9C3A,
0xE9CC9BF2,
0xE9CD9BF1,
0xE9CE9BF0,
0xE9CF9C15,
0xE9D09C14,
0xE9D19C09,
0xE9D29C13,
0xE9D39C0C,
0xE9D49C06,
0xE9D59C08,
0xE9D69C12,
0xE9D79C0A,
0xE9D89C04,
0xE9D99C2E,
0xE9DA9C1B,
0xE9DB9C25,
0xE9DC9C24,
0xE9DD9C21,
0xE9DE9C30,
0xE9DF9C47,
0xE9E09C32,
0xE9E19C46,
0xE9E29C3E,
0xE9E39C5A,
0xE9E49C60,
0xE9E59C67,
0xE9E69C76,
0xE9E79C78,
0xE9E89CE7,
0xE9E99CEC,
0xE9EA9CF0,
0xE9EB9D09,
0xE9EC9D08,
0xE9ED9CEB,
0xE9EE9D03,
0xE9EF9D06,
0xE9F09D2A,
0xE9F19D26,
0xE9F29DAF,
0xE9F39D23,
0xE9F49D1F,
0xE9F59D44,
0xE9F69D15,
0xE9F79D12,
0xE9F89D41,
0xE9F99D3F,
0xE9FA9D3E,
0xE9FB9D46,
0xE9FC9D48,
0xEA409D5D,
0xEA419D5E,
0xEA429D64,
0xEA439D51,
0xEA449D50,
0xEA459D59,
0xEA469D72,
0xEA479D89,
0xEA489D87,
0xEA499DAB,
0xEA4A9D6F,
0xEA4B9D7A,
0xEA4C9D9A,
0xEA4D9DA4,
0xEA4E9DA9,
0xEA4F9DB2,
0xEA509DC4,
0xEA519DC1,
0xEA529DBB,
0xEA539DB8,
0xEA549DBA,
0xEA559DC6,
0xEA569DCF,
0xEA579DC2,
0xEA589DD9,
0xEA599DD3,
0xEA5A9DF8,
0xEA5B9DE6,
0xEA5C9DED,
0xEA5D9DEF,
0xEA5E9DFD,
0xEA5F9E1A,
0xEA609E1B,
0xEA619E1E,
0xEA629E75,
0xEA639E79,
0xEA649E7D,
0xEA659E81,
0xEA669E88,
0xEA679E8B,
0xEA689E8C,
0xEA699E92,
0xEA6A9E95,
0xEA6B9E91,
0xEA6C9E9D,
0xEA6D9EA5,
0xEA6E9EA9,
0xEA6F9EB8,
0xEA709EAA,
0xEA719EAD,
0xEA729761,
0xEA739ECC,
0xEA749ECE,
0xEA759ECF,
0xEA769ED0,
0xEA779ED4,
0xEA789EDC,
0xEA799EDE,
0xEA7A9EDD,
0xEA7B9EE0,
0xEA7C9EE5,
0xEA7D9EE8,
0xEA7E9EEF,
0xEA809EF4,
0xEA819EF6,
0xEA829EF7,
0xEA839EF9,
0xEA849EFB,
0xEA859EFC,
0xEA869EFD,
0xEA879F07,
0xEA889F08,
0xEA8976B7,
0xEA8A9F15,
0xEA8B9F21,
0xEA8C9F2C,
0xEA8D9F3E,
0xEA8E9F4A,
0xEA8F9F52,
0xEA909F54,
0xEA919F63,
0xEA929F5F,
0xEA939F60,
0xEA949F61,
0xEA959F66,
0xEA969F67,
0xEA979F6C,
0xEA989F6A,
0xEA999F77,
0xEA9A9F72,
0xEA9B9F76,
0xEA9C9F95,
0xEA9D9F9C,
0xEA9E9FA0,
0xEA9F582F,
0xEAA069C7,
0xEAA19059,
0xEAA27464,
0xEAA351DC,
0xEAA47199,
0xED407E8A,
0xED41891C,
0xED429348,
0xED439288,
0xED4484DC,
0xED454FC9,
0xED4670BB,
0xED476631,
0xED4868C8,
0xED4992F9,
0xED4A66FB,
0xED4B5F45,
0xED4C4E28,
0xED4D4EE1,
0xED4E4EFC,
0xED4F4F00,
0xED504F03,
0xED514F39,
0xED524F56,
0xED534F92,
0xED544F8A,
0xED554F9A,
0xED564F94,
0xED574FCD,
0xED585040,
0xED595022,
0xED5A4FFF,
0xED5B501E,
0xED5C5046,
0xED5D5070,
0xED5E5042,
0xED5F5094,
0xED6050F4,
0xED6150D8,
0xED62514A,
0xED635164,
0xED64519D,
0xED6551BE,
0xED6651EC,
0xED675215,
0xED68529C,
0xED6952A6,
0xED6A52C0,
0xED6B52DB,
0xED6C5300,
0xED6D5307,
0xED6E5324,
0xED6F5372,
0xED705393,
0xED7153B2,
0xED7253DD,
0xED73FA0E,
0xED74549C,
0xED75548A,
0xED7654A9,
0xED7754FF,
0xED785586,
0xED795759,
0xED7A5765,
0xED7B57AC,
0xED7C57C8,
0xED7D57C7,
0xED7EFA0F,
0xED80FA10,
0xED81589E,
0xED8258B2,
0xED83590B,
0xED845953,
0xED85595B,
0xED86595D,
0xED875963,
0xED8859A4,
0xED8959BA,
0xED8A5B56,
0xED8B5BC0,
0xED8C752F,
0xED8D5BD8,
0xED8E5BEC,
0xED8F5C1E,
0xED905CA6,
0xED915CBA,
0xED925CF5,
0xED935D27,
0xED945D53,
0xED95FA11,
0xED965D42,
0xED975D6D,
0xED985DB8,
0xED995DB9,
0xED9A5DD0,
0xED9B5F21,
0xED9C5F34,
0xED9D5F67,
0xED9E5FB7,
0xED9F5FDE,
0xEDA0605D,
0xEDA16085,
0xEDA2608A,
0xEDA360DE,
0xEDA460D5,
0xEDA56120,
0xEDA660F2,
0xEDA76111,
0xEDA86137,
0xEDA96130,
0xEDAA6198,
0xEDAB6213,
0xEDAC62A6,
0xEDAD63F5,
0xEDAE6460,
0xEDAF649D,
0xEDB064CE,
0xEDB1654E,
0xEDB26600,
0xEDB36615,
0xEDB4663B,
0xEDB56609,
0xEDB6662E,
0xEDB7661E,
0xEDB86624,
0xEDB96665,
0xEDBA6657,
0xEDBB6659,
0xEDBCFA12,
0xEDBD6673,
0xEDBE6699,
0xEDBF66A0,
0xEDC066B2,
0xEDC166BF,
0xEDC266FA,
0xEDC3670E,
0xEDC4F929,
0xEDC56766,
0xEDC667BB,
0xEDC76852,
0xEDC867C0,
0xEDC96801,
0xEDCA6844,
0xEDCB68CF,
0xEDCCFA13,
0xEDCD6968,
0xEDCEFA14,
0xEDCF6998,
0xEDD069E2,
0xEDD16A30,
0xEDD26A6B,
0xEDD36A46,
0xEDD46A73,
0xEDD56A7E,
0xEDD66AE2,
0xEDD76AE4,
0xEDD86BD6,
0xEDD96C3F,
0xEDDA6C5C,
0xEDDB6C86,
0xEDDC6C6F,
0xEDDD6CDA,
0xEDDE6D04,
0xEDDF6D87,
0xEDE06D6F,
0xEDE16D96,
0xEDE26DAC,
0xEDE36DCF,
0xEDE46DF8,
0xEDE56DF2,
0xEDE66DFC,
0xEDE76E39,
0xEDE86E5C,
0xEDE96E27,
0xEDEA6E3C,
0xEDEB6EBF,
0xEDEC6F88,
0xEDED6FB5,
0xEDEE6FF5,
0xEDEF7005,
0xEDF07007,
0xEDF17028,
0xEDF27085,
0xEDF370AB,
0xEDF4710F,
0xEDF57104,
0xEDF6715C,
0xEDF77146,
0xEDF87147,
0xEDF9FA15,
0xEDFA71C1,
0xEDFB71FE,
0xEDFC72B1,
0xEE4072BE,
0xEE417324,
0xEE42FA16,
0xEE437377,
0xEE4473BD,
0xEE4573C9,
0xEE4673D6,
0xEE4773E3,
0xEE4873D2,
0xEE497407,
0xEE4A73F5,
0xEE4B7426,
0xEE4C742A,
0xEE4D7429,
0xEE4E742E,
0xEE4F7462,
0xEE507489,
0xEE51749F,
0xEE527501,
0xEE53756F,
0xEE547682,
0xEE55769C,
0xEE56769E,
0xEE57769B,
0xEE5876A6,
0xEE59FA17,
0xEE5A7746,
0xEE5B52AF,
0xEE5C7821,
0xEE5D784E,
0xEE5E7864,
0xEE5F787A,
0xEE607930,
0xEE61FA18,
0xEE62FA19,
0xEE63FA1A,
0xEE647994,
0xEE65FA1B,
0xEE66799B,
0xEE677AD1,
0xEE687AE7,
0xEE69FA1C,
0xEE6A7AEB,
0xEE6B7B9E,
0xEE6CFA1D,
0xEE6D7D48,
0xEE6E7D5C,
0xEE6F7DB7,
0xEE707DA0,
0xEE717DD6,
0xEE727E52,
0xEE737F47,
0xEE747FA1,
0xEE75FA1E,
0xEE768301,
0xEE778362,
0xEE78837F,
0xEE7983C7,
0xEE7A83F6,
0xEE7B8448,
0xEE7C84B4,
0xEE7D8553,
0xEE7E8559,
0xEE80856B,
0xEE81FA1F,
0xEE8285B0,
0xEE83FA20,
0xEE84FA21,
0xEE858807,
0xEE8688F5,
0xEE878A12,
0xEE888A37,
0xEE898A79,
0xEE8A8AA7,
0xEE8B8ABE,
0xEE8C8ADF,
0xEE8DFA22,
0xEE8E8AF6,
0xEE8F8B53,
0xEE908B7F,
0xEE918CF0,
0xEE928CF4,
0xEE938D12,
0xEE948D76,
0xEE95FA23,
0xEE968ECF,
0xEE97FA24,
0xEE98FA25,
0xEE999067,
0xEE9A90DE,
0xEE9BFA26,
0xEE9C9115,
0xEE9D9127,
0xEE9E91DA,
0xEE9F91D7,
0xEEA091DE,
0xEEA191ED,
0xEEA291EE,
0xEEA391E4,
0xEEA491E5,
0xEEA59206,
0xEEA69210,
0xEEA7920A,
0xEEA8923A,
0xEEA99240,
0xEEAA923C,
0xEEAB924E,
0xEEAC9259,
0xEEAD9251,
0xEEAE9239,
0xEEAF9267,
0xEEB092A7,
0xEEB19277,
0xEEB29278,
0xEEB392E7,
0xEEB492D7,
0xEEB592D9,
0xEEB692D0,
0xEEB7FA27,
0xEEB892D5,
0xEEB992E0,
0xEEBA92D3,
0xEEBB9325,
0xEEBC9321,
0xEEBD92FB,
0xEEBEFA28,
0xEEBF931E,
0xEEC092FF,
0xEEC1931D,
0xEEC29302,
0xEEC39370,
0xEEC49357,
0xEEC593A4,
0xEEC693C6,
0xEEC793DE,
0xEEC893F8,
0xEEC99431,
0xEECA9445,
0xEECB9448,
0xEECC9592,
0xEECDF9DC,
0xEECEFA29,
0xEECF969D,
0xEED096AF,
0xEED19733,
0xEED2973B,
0xEED39743,
0xEED4974D,
0xEED5974F,
0xEED69751,
0xEED79755,
0xEED89857,
0xEED99865,
0xEEDAFA2A,
0xEEDBFA2B,
0xEEDC9927,
0xEEDDFA2C,
0xEEDE999E,
0xEEDF9A4E,
0xEEE09AD9,
0xEEE19ADC,
0xEEE29B75,
0xEEE39B72,
0xEEE49B8F,
0xEEE59BB1,
0xEEE69BBB,
0xEEE79C00,
0xEEE89D70,
0xEEE99D6B,
0xEEEAFA2D,
0xEEEB9E19,
0xEEEC9ED1,
0xEEEF2170,
0xEEF02171,
0xEEF12172,
0xEEF22173,
0xEEF32174,
0xEEF42175,
0xEEF52176,
0xEEF62177,
0xEEF72178,
0xEEF82179,
0xEEF9FFE2,
0xEEFAFFE4,
0xEEFBFF07,
0xEEFCFF02,
0xF040E000,
0xF041E001,
0xF042E002,
0xF043E003,
0xF044E004,
0xF045E005,
0xF046E006,
0xF047E007,
0xF048E008,
0xF049E009,
0xF04AE00A,
0xF04BE00B,
0xF04CE00C,
0xF04DE00D,
0xF04EE00E,
0xF04FE00F,
0xF050E010,
0xF051E011,
0xF052E012,
0xF053E013,
0xF054E014,
0xF055E015,
0xF056E016,
0xF057E017,
0xF058E018,
0xF059E019,
0xF05AE01A,
0xF05BE01B,
0xF05CE01C,
0xF05DE01D,
0xF05EE01E,
0xF05FE01F,
0xF060E020,
0xF061E021,
0xF062E022,
0xF063E023,
0xF064E024,
0xF065E025,
0xF066E026,
0xF067E027,
0xF068E028,
0xF069E029,
0xF06AE02A,
0xF06BE02B,
0xF06CE02C,
0xF06DE02D,
0xF06EE02E,
0xF06FE02F,
0xF070E030,
0xF071E031,
0xF072E032,
0xF073E033,
0xF074E034,
0xF075E035,
0xF076E036,
0xF077E037,
0xF078E038,
0xF079E039,
0xF07AE03A,
0xF07BE03B,
0xF07CE03C,
0xF07DE03D,
0xF07EE03E,
0xF080E03F,
0xF081E040,
0xF082E041,
0xF083E042,
0xF084E043,
0xF085E044,
0xF086E045,
0xF087E046,
0xF088E047,
0xF089E048,
0xF08AE049,
0xF08BE04A,
0xF08CE04B,
0xF08DE04C,
0xF08EE04D,
0xF08FE04E,
0xF090E04F,
0xF091E050,
0xF092E051,
0xF093E052,
0xF094E053,
0xF095E054,
0xF096E055,
0xF097E056,
0xF098E057,
0xF099E058,
0xF09AE059,
0xF09BE05A,
0xF09CE05B,
0xF09DE05C,
0xF09EE05D,
0xF09FE05E,
0xF0A0E05F,
0xF0A1E060,
0xF0A2E061,
0xF0A3E062,
0xF0A4E063,
0xF0A5E064,
0xF0A6E065,
0xF0A7E066,
0xF0A8E067,
0xF0A9E068,
0xF0AAE069,
0xF0ABE06A,
0xF0ACE06B,
0xF0ADE06C,
0xF0AEE06D,
0xF0AFE06E,
0xF0B0E06F,
0xF0B1E070,
0xF0B2E071,
0xF0B3E072,
0xF0B4E073,
0xF0B5E074,
0xF0B6E075,
0xF0B7E076,
0xF0B8E077,
0xF0B9E078,
0xF0BAE079,
0xF0BBE07A,
0xF0BCE07B,
0xF0BDE07C,
0xF0BEE07D,
0xF0BFE07E,
0xF0C0E07F,
0xF0C1E080,
0xF0C2E081,
0xF0C3E082,
0xF0C4E083,
0xF0C5E084,
0xF0C6E085,
0xF0C7E086,
0xF0C8E087,
0xF0C9E088,
0xF0CAE089,
0xF0CBE08A,
0xF0CCE08B,
0xF0CDE08C,
0xF0CEE08D,
0xF0CFE08E,
0xF0D0E08F,
0xF0D1E090,
0xF0D2E091,
0xF0D3E092,
0xF0D4E093,
0xF0D5E094,
0xF0D6E095,
0xF0D7E096,
0xF0D8E097,
0xF0D9E098,
0xF0DAE099,
0xF0DBE09A,
0xF0DCE09B,
0xF0DDE09C,
0xF0DEE09D,
0xF0DFE09E,
0xF0E0E09F,
0xF0E1E0A0,
0xF0E2E0A1,
0xF0E3E0A2,
0xF0E4E0A3,
0xF0E5E0A4,
0xF0E6E0A5,
0xF0E7E0A6,
0xF0E8E0A7,
0xF0E9E0A8,
0xF0EAE0A9,
0xF0EBE0AA,
0xF0ECE0AB,
0xF0EDE0AC,
0xF0EEE0AD,
0xF0EFE0AE,
0xF0F0E0AF,
0xF0F1E0B0,
0xF0F2E0B1,
0xF0F3E0B2,
0xF0F4E0B3,
0xF0F5E0B4,
0xF0F6E0B5,
0xF0F7E0B6,
0xF0F8E0B7,
0xF0F9E0B8,
0xF0FAE0B9,
0xF0FBE0BA,
0xF0FCE0BB,
0xF140E0BC,
0xF141E0BD,
0xF142E0BE,
0xF143E0BF,
0xF144E0C0,
0xF145E0C1,
0xF146E0C2,
0xF147E0C3,
0xF148E0C4,
0xF149E0C5,
0xF14AE0C6,
0xF14BE0C7,
0xF14CE0C8,
0xF14DE0C9,
0xF14EE0CA,
0xF14FE0CB,
0xF150E0CC,
0xF151E0CD,
0xF152E0CE,
0xF153E0CF,
0xF154E0D0,
0xF155E0D1,
0xF156E0D2,
0xF157E0D3,
0xF158E0D4,
0xF159E0D5,
0xF15AE0D6,
0xF15BE0D7,
0xF15CE0D8,
0xF15DE0D9,
0xF15EE0DA,
0xF15FE0DB,
0xF160E0DC,
0xF161E0DD,
0xF162E0DE,
0xF163E0DF,
0xF164E0E0,
0xF165E0E1,
0xF166E0E2,
0xF167E0E3,
0xF168E0E4,
0xF169E0E5,
0xF16AE0E6,
0xF16BE0E7,
0xF16CE0E8,
0xF16DE0E9,
0xF16EE0EA,
0xF16FE0EB,
0xF170E0EC,
0xF171E0ED,
0xF172E0EE,
0xF173E0EF,
0xF174E0F0,
0xF175E0F1,
0xF176E0F2,
0xF177E0F3,
0xF178E0F4,
0xF179E0F5,
0xF17AE0F6,
0xF17BE0F7,
0xF17CE0F8,
0xF17DE0F9,
0xF17EE0FA,
0xF180E0FB,
0xF181E0FC,
0xF182E0FD,
0xF183E0FE,
0xF184E0FF,
0xF185E100,
0xF186E101,
0xF187E102,
0xF188E103,
0xF189E104,
0xF18AE105,
0xF18BE106,
0xF18CE107,
0xF18DE108,
0xF18EE109,
0xF18FE10A,
0xF190E10B,
0xF191E10C,
0xF192E10D,
0xF193E10E,
0xF194E10F,
0xF195E110,
0xF196E111,
0xF197E112,
0xF198E113,
0xF199E114,
0xF19AE115,
0xF19BE116,
0xF19CE117,
0xF19DE118,
0xF19EE119,
0xF19FE11A,
0xF1A0E11B,
0xF1A1E11C,
0xF1A2E11D,
0xF1A3E11E,
0xF1A4E11F,
0xF1A5E120,
0xF1A6E121,
0xF1A7E122,
0xF1A8E123,
0xF1A9E124,
0xF1AAE125,
0xF1ABE126,
0xF1ACE127,
0xF1ADE128,
0xF1AEE129,
0xF1AFE12A,
0xF1B0E12B,
0xF1B1E12C,
0xF1B2E12D,
0xF1B3E12E,
0xF1B4E12F,
0xF1B5E130,
0xF1B6E131,
0xF1B7E132,
0xF1B8E133,
0xF1B9E134,
0xF1BAE135,
0xF1BBE136,
0xF1BCE137,
0xF1BDE138,
0xF1BEE139,
0xF1BFE13A,
0xF1C0E13B,
0xF1C1E13C,
0xF1C2E13D,
0xF1C3E13E,
0xF1C4E13F,
0xF1C5E140,
0xF1C6E141,
0xF1C7E142,
0xF1C8E143,
0xF1C9E144,
0xF1CAE145,
0xF1CBE146,
0xF1CCE147,
0xF1CDE148,
0xF1CEE149,
0xF1CFE14A,
0xF1D0E14B,
0xF1D1E14C,
0xF1D2E14D,
0xF1D3E14E,
0xF1D4E14F,
0xF1D5E150,
0xF1D6E151,
0xF1D7E152,
0xF1D8E153,
0xF1D9E154,
0xF1DAE155,
0xF1DBE156,
0xF1DCE157,
0xF1DDE158,
0xF1DEE159,
0xF1DFE15A,
0xF1E0E15B,
0xF1E1E15C,
0xF1E2E15D,
0xF1E3E15E,
0xF1E4E15F,
0xF1E5E160,
0xF1E6E161,
0xF1E7E162,
0xF1E8E163,
0xF1E9E164,
0xF1EAE165,
0xF1EBE166,
0xF1ECE167,
0xF1EDE168,
0xF1EEE169,
0xF1EFE16A,
0xF1F0E16B,
0xF1F1E16C,
0xF1F2E16D,
0xF1F3E16E,
0xF1F4E16F,
0xF1F5E170,
0xF1F6E171,
0xF1F7E172,
0xF1F8E173,
0xF1F9E174,
0xF1FAE175,
0xF1FBE176,
0xF1FCE177,
0xF240E178,
0xF241E179,
0xF242E17A,
0xF243E17B,
0xF244E17C,
0xF245E17D,
0xF246E17E,
0xF247E17F,
0xF248E180,
0xF249E181,
0xF24AE182,
0xF24BE183,
0xF24CE184,
0xF24DE185,
0xF24EE186,
0xF24FE187,
0xF250E188,
0xF251E189,
0xF252E18A,
0xF253E18B,
0xF254E18C,
0xF255E18D,
0xF256E18E,
0xF257E18F,
0xF258E190,
0xF259E191,
0xF25AE192,
0xF25BE193,
0xF25CE194,
0xF25DE195,
0xF25EE196,
0xF25FE197,
0xF260E198,
0xF261E199,
0xF262E19A,
0xF263E19B,
0xF264E19C,
0xF265E19D,
0xF266E19E,
0xF267E19F,
0xF268E1A0,
0xF269E1A1,
0xF26AE1A2,
0xF26BE1A3,
0xF26CE1A4,
0xF26DE1A5,
0xF26EE1A6,
0xF26FE1A7,
0xF270E1A8,
0xF271E1A9,
0xF272E1AA,
0xF273E1AB,
0xF274E1AC,
0xF275E1AD,
0xF276E1AE,
0xF277E1AF,
0xF278E1B0,
0xF279E1B1,
0xF27AE1B2,
0xF27BE1B3,
0xF27CE1B4,
0xF27DE1B5,
0xF27EE1B6,
0xF280E1B7,
0xF281E1B8,
0xF282E1B9,
0xF283E1BA,
0xF284E1BB,
0xF285E1BC,
0xF286E1BD,
0xF287E1BE,
0xF288E1BF,
0xF289E1C0,
0xF28AE1C1,
0xF28BE1C2,
0xF28CE1C3,
0xF28DE1C4,
0xF28EE1C5,
0xF28FE1C6,
0xF290E1C7,
0xF291E1C8,
0xF292E1C9,
0xF293E1CA,
0xF294E1CB,
0xF295E1CC,
0xF296E1CD,
0xF297E1CE,
0xF298E1CF,
0xF299E1D0,
0xF29AE1D1,
0xF29BE1D2,
0xF29CE1D3,
0xF29DE1D4,
0xF29EE1D5,
0xF29FE1D6,
0xF2A0E1D7,
0xF2A1E1D8,
0xF2A2E1D9,
0xF2A3E1DA,
0xF2A4E1DB,
0xF2A5E1DC,
0xF2A6E1DD,
0xF2A7E1DE,
0xF2A8E1DF,
0xF2A9E1E0,
0xF2AAE1E1,
0xF2ABE1E2,
0xF2ACE1E3,
0xF2ADE1E4,
0xF2AEE1E5,
0xF2AFE1E6,
0xF2B0E1E7,
0xF2B1E1E8,
0xF2B2E1E9,
0xF2B3E1EA,
0xF2B4E1EB,
0xF2B5E1EC,
0xF2B6E1ED,
0xF2B7E1EE,
0xF2B8E1EF,
0xF2B9E1F0,
0xF2BAE1F1,
0xF2BBE1F2,
0xF2BCE1F3,
0xF2BDE1F4,
0xF2BEE1F5,
0xF2BFE1F6,
0xF2C0E1F7,
0xF2C1E1F8,
0xF2C2E1F9,
0xF2C3E1FA,
0xF2C4E1FB,
0xF2C5E1FC,
0xF2C6E1FD,
0xF2C7E1FE,
0xF2C8E1FF,
0xF2C9E200,
0xF2CAE201,
0xF2CBE202,
0xF2CCE203,
0xF2CDE204,
0xF2CEE205,
0xF2CFE206,
0xF2D0E207,
0xF2D1E208,
0xF2D2E209,
0xF2D3E20A,
0xF2D4E20B,
0xF2D5E20C,
0xF2D6E20D,
0xF2D7E20E,
0xF2D8E20F,
0xF2D9E210,
0xF2DAE211,
0xF2DBE212,
0xF2DCE213,
0xF2DDE214,
0xF2DEE215,
0xF2DFE216,
0xF2E0E217,
0xF2E1E218,
0xF2E2E219,
0xF2E3E21A,
0xF2E4E21B,
0xF2E5E21C,
0xF2E6E21D,
0xF2E7E21E,
0xF2E8E21F,
0xF2E9E220,
0xF2EAE221,
0xF2EBE222,
0xF2ECE223,
0xF2EDE224,
0xF2EEE225,
0xF2EFE226,
0xF2F0E227,
0xF2F1E228,
0xF2F2E229,
0xF2F3E22A,
0xF2F4E22B,
0xF2F5E22C,
0xF2F6E22D,
0xF2F7E22E,
0xF2F8E22F,
0xF2F9E230,
0xF2FAE231,
0xF2FBE232,
0xF2FCE233,
0xF340E234,
0xF341E235,
0xF342E236,
0xF343E237,
0xF344E238,
0xF345E239,
0xF346E23A,
0xF347E23B,
0xF348E23C,
0xF349E23D,
0xF34AE23E,
0xF34BE23F,
0xF34CE240,
0xF34DE241,
0xF34EE242,
0xF34FE243,
0xF350E244,
0xF351E245,
0xF352E246,
0xF353E247,
0xF354E248,
0xF355E249,
0xF356E24A,
0xF357E24B,
0xF358E24C,
0xF359E24D,
0xF35AE24E,
0xF35BE24F,
0xF35CE250,
0xF35DE251,
0xF35EE252,
0xF35FE253,
0xF360E254,
0xF361E255,
0xF362E256,
0xF363E257,
0xF364E258,
0xF365E259,
0xF366E25A,
0xF367E25B,
0xF368E25C,
0xF369E25D,
0xF36AE25E,
0xF36BE25F,
0xF36CE260,
0xF36DE261,
0xF36EE262,
0xF36FE263,
0xF370E264,
0xF371E265,
0xF372E266,
0xF373E267,
0xF374E268,
0xF375E269,
0xF376E26A,
0xF377E26B,
0xF378E26C,
0xF379E26D,
0xF37AE26E,
0xF37BE26F,
0xF37CE270,
0xF37DE271,
0xF37EE272,
0xF380E273,
0xF381E274,
0xF382E275,
0xF383E276,
0xF384E277,
0xF385E278,
0xF386E279,
0xF387E27A,
0xF388E27B,
0xF389E27C,
0xF38AE27D,
0xF38BE27E,
0xF38CE27F,
0xF38DE280,
0xF38EE281,
0xF38FE282,
0xF390E283,
0xF391E284,
0xF392E285,
0xF393E286,
0xF394E287,
0xF395E288,
0xF396E289,
0xF397E28A,
0xF398E28B,
0xF399E28C,
0xF39AE28D,
0xF39BE28E,
0xF39CE28F,
0xF39DE290,
0xF39EE291,
0xF39FE292,
0xF3A0E293,
0xF3A1E294,
0xF3A2E295,
0xF3A3E296,
0xF3A4E297,
0xF3A5E298,
0xF3A6E299,
0xF3A7E29A,
0xF3A8E29B,
0xF3A9E29C,
0xF3AAE29D,
0xF3ABE29E,
0xF3ACE29F,
0xF3ADE2A0,
0xF3AEE2A1,
0xF3AFE2A2,
0xF3B0E2A3,
0xF3B1E2A4,
0xF3B2E2A5,
0xF3B3E2A6,
0xF3B4E2A7,
0xF3B5E2A8,
0xF3B6E2A9,
0xF3B7E2AA,
0xF3B8E2AB,
0xF3B9E2AC,
0xF3BAE2AD,
0xF3BBE2AE,
0xF3BCE2AF,
0xF3BDE2B0,
0xF3BEE2B1,
0xF3BFE2B2,
0xF3C0E2B3,
0xF3C1E2B4,
0xF3C2E2B5,
0xF3C3E2B6,
0xF3C4E2B7,
0xF3C5E2B8,
0xF3C6E2B9,
0xF3C7E2BA,
0xF3C8E2BB,
0xF3C9E2BC,
0xF3CAE2BD,
0xF3CBE2BE,
0xF3CCE2BF,
0xF3CDE2C0,
0xF3CEE2C1,
0xF3CFE2C2,
0xF3D0E2C3,
0xF3D1E2C4,
0xF3D2E2C5,
0xF3D3E2C6,
0xF3D4E2C7,
0xF3D5E2C8,
0xF3D6E2C9,
0xF3D7E2CA,
0xF3D8E2CB,
0xF3D9E2CC,
0xF3DAE2CD,
0xF3DBE2CE,
0xF3DCE2CF,
0xF3DDE2D0,
0xF3DEE2D1,
0xF3DFE2D2,
0xF3E0E2D3,
0xF3E1E2D4,
0xF3E2E2D5,
0xF3E3E2D6,
0xF3E4E2D7,
0xF3E5E2D8,
0xF3E6E2D9,
0xF3E7E2DA,
0xF3E8E2DB,
0xF3E9E2DC,
0xF3EAE2DD,
0xF3EBE2DE,
0xF3ECE2DF,
0xF3EDE2E0,
0xF3EEE2E1,
0xF3EFE2E2,
0xF3F0E2E3,
0xF3F1E2E4,
0xF3F2E2E5,
0xF3F3E2E6,
0xF3F4E2E7,
0xF3F5E2E8,
0xF3F6E2E9,
0xF3F7E2EA,
0xF3F8E2EB,
0xF3F9E2EC,
0xF3FAE2ED,
0xF3FBE2EE,
0xF3FCE2EF,
0xF440E2F0,
0xF441E2F1,
0xF442E2F2,
0xF443E2F3,
0xF444E2F4,
0xF445E2F5,
0xF446E2F6,
0xF447E2F7,
0xF448E2F8,
0xF449E2F9,
0xF44AE2FA,
0xF44BE2FB,
0xF44CE2FC,
0xF44DE2FD,
0xF44EE2FE,
0xF44FE2FF,
0xF450E300,
0xF451E301,
0xF452E302,
0xF453E303,
0xF454E304,
0xF455E305,
0xF456E306,
0xF457E307,
0xF458E308,
0xF459E309,
0xF45AE30A,
0xF45BE30B,
0xF45CE30C,
0xF45DE30D,
0xF45EE30E,
0xF45FE30F,
0xF460E310,
0xF461E311,
0xF462E312,
0xF463E313,
0xF464E314,
0xF465E315,
0xF466E316,
0xF467E317,
0xF468E318,
0xF469E319,
0xF46AE31A,
0xF46BE31B,
0xF46CE31C,
0xF46DE31D,
0xF46EE31E,
0xF46FE31F,
0xF470E320,
0xF471E321,
0xF472E322,
0xF473E323,
0xF474E324,
0xF475E325,
0xF476E326,
0xF477E327,
0xF478E328,
0xF479E329,
0xF47AE32A,
0xF47BE32B,
0xF47CE32C,
0xF47DE32D,
0xF47EE32E,
0xF480E32F,
0xF481E330,
0xF482E331,
0xF483E332,
0xF484E333,
0xF485E334,
0xF486E335,
0xF487E336,
0xF488E337,
0xF489E338,
0xF48AE339,
0xF48BE33A,
0xF48CE33B,
0xF48DE33C,
0xF48EE33D,
0xF48FE33E,
0xF490E33F,
0xF491E340,
0xF492E341,
0xF493E342,
0xF494E343,
0xF495E344,
0xF496E345,
0xF497E346,
0xF498E347,
0xF499E348,
0xF49AE349,
0xF49BE34A,
0xF49CE34B,
0xF49DE34C,
0xF49EE34D,
0xF49FE34E,
0xF4A0E34F,
0xF4A1E350,
0xF4A2E351,
0xF4A3E352,
0xF4A4E353,
0xF4A5E354,
0xF4A6E355,
0xF4A7E356,
0xF4A8E357,
0xF4A9E358,
0xF4AAE359,
0xF4ABE35A,
0xF4ACE35B,
0xF4ADE35C,
0xF4AEE35D,
0xF4AFE35E,
0xF4B0E35F,
0xF4B1E360,
0xF4B2E361,
0xF4B3E362,
0xF4B4E363,
0xF4B5E364,
0xF4B6E365,
0xF4B7E366,
0xF4B8E367,
0xF4B9E368,
0xF4BAE369,
0xF4BBE36A,
0xF4BCE36B,
0xF4BDE36C,
0xF4BEE36D,
0xF4BFE36E,
0xF4C0E36F,
0xF4C1E370,
0xF4C2E371,
0xF4C3E372,
0xF4C4E373,
0xF4C5E374,
0xF4C6E375,
0xF4C7E376,
0xF4C8E377,
0xF4C9E378,
0xF4CAE379,
0xF4CBE37A,
0xF4CCE37B,
0xF4CDE37C,
0xF4CEE37D,
0xF4CFE37E,
0xF4D0E37F,
0xF4D1E380,
0xF4D2E381,
0xF4D3E382,
0xF4D4E383,
0xF4D5E384,
0xF4D6E385,
0xF4D7E386,
0xF4D8E387,
0xF4D9E388,
0xF4DAE389,
0xF4DBE38A,
0xF4DCE38B,
0xF4DDE38C,
0xF4DEE38D,
0xF4DFE38E,
0xF4E0E38F,
0xF4E1E390,
0xF4E2E391,
0xF4E3E392,
0xF4E4E393,
0xF4E5E394,
0xF4E6E395,
0xF4E7E396,
0xF4E8E397,
0xF4E9E398,
0xF4EAE399,
0xF4EBE39A,
0xF4ECE39B,
0xF4EDE39C,
0xF4EEE39D,
0xF4EFE39E,
0xF4F0E39F,
0xF4F1E3A0,
0xF4F2E3A1,
0xF4F3E3A2,
0xF4F4E3A3,
0xF4F5E3A4,
0xF4F6E3A5,
0xF4F7E3A6,
0xF4F8E3A7,
0xF4F9E3A8,
0xF4FAE3A9,
0xF4FBE3AA,
0xF4FCE3AB,
0xF540E3AC,
0xF541E3AD,
0xF542E3AE,
0xF543E3AF,
0xF544E3B0,
0xF545E3B1,
0xF546E3B2,
0xF547E3B3,
0xF548E3B4,
0xF549E3B5,
0xF54AE3B6,
0xF54BE3B7,
0xF54CE3B8,
0xF54DE3B9,
0xF54EE3BA,
0xF54FE3BB,
0xF550E3BC,
0xF551E3BD,
0xF552E3BE,
0xF553E3BF,
0xF554E3C0,
0xF555E3C1,
0xF556E3C2,
0xF557E3C3,
0xF558E3C4,
0xF559E3C5,
0xF55AE3C6,
0xF55BE3C7,
0xF55CE3C8,
0xF55DE3C9,
0xF55EE3CA,
0xF55FE3CB,
0xF560E3CC,
0xF561E3CD,
0xF562E3CE,
0xF563E3CF,
0xF564E3D0,
0xF565E3D1,
0xF566E3D2,
0xF567E3D3,
0xF568E3D4,
0xF569E3D5,
0xF56AE3D6,
0xF56BE3D7,
0xF56CE3D8,
0xF56DE3D9,
0xF56EE3DA,
0xF56FE3DB,
0xF570E3DC,
0xF571E3DD,
0xF572E3DE,
0xF573E3DF,
0xF574E3E0,
0xF575E3E1,
0xF576E3E2,
0xF577E3E3,
0xF578E3E4,
0xF579E3E5,
0xF57AE3E6,
0xF57BE3E7,
0xF57CE3E8,
0xF57DE3E9,
0xF57EE3EA,
0xF580E3EB,
0xF581E3EC,
0xF582E3ED,
0xF583E3EE,
0xF584E3EF,
0xF585E3F0,
0xF586E3F1,
0xF587E3F2,
0xF588E3F3,
0xF589E3F4,
0xF58AE3F5,
0xF58BE3F6,
0xF58CE3F7,
0xF58DE3F8,
0xF58EE3F9,
0xF58FE3FA,
0xF590E3FB,
0xF591E3FC,
0xF592E3FD,
0xF593E3FE,
0xF594E3FF,
0xF595E400,
0xF596E401,
0xF597E402,
0xF598E403,
0xF599E404,
0xF59AE405,
0xF59BE406,
0xF59CE407,
0xF59DE408,
0xF59EE409,
0xF59FE40A,
0xF5A0E40B,
0xF5A1E40C,
0xF5A2E40D,
0xF5A3E40E,
0xF5A4E40F,
0xF5A5E410,
0xF5A6E411,
0xF5A7E412,
0xF5A8E413,
0xF5A9E414,
0xF5AAE415,
0xF5ABE416,
0xF5ACE417,
0xF5ADE418,
0xF5AEE419,
0xF5AFE41A,
0xF5B0E41B,
0xF5B1E41C,
0xF5B2E41D,
0xF5B3E41E,
0xF5B4E41F,
0xF5B5E420,
0xF5B6E421,
0xF5B7E422,
0xF5B8E423,
0xF5B9E424,
0xF5BAE425,
0xF5BBE426,
0xF5BCE427,
0xF5BDE428,
0xF5BEE429,
0xF5BFE42A,
0xF5C0E42B,
0xF5C1E42C,
0xF5C2E42D,
0xF5C3E42E,
0xF5C4E42F,
0xF5C5E430,
0xF5C6E431,
0xF5C7E432,
0xF5C8E433,
0xF5C9E434,
0xF5CAE435,
0xF5CBE436,
0xF5CCE437,
0xF5CDE438,
0xF5CEE439,
0xF5CFE43A,
0xF5D0E43B,
0xF5D1E43C,
0xF5D2E43D,
0xF5D3E43E,
0xF5D4E43F,
0xF5D5E440,
0xF5D6E441,
0xF5D7E442,
0xF5D8E443,
0xF5D9E444,
0xF5DAE445,
0xF5DBE446,
0xF5DCE447,
0xF5DDE448,
0xF5DEE449,
0xF5DFE44A,
0xF5E0E44B,
0xF5E1E44C,
0xF5E2E44D,
0xF5E3E44E,
0xF5E4E44F,
0xF5E5E450,
0xF5E6E451,
0xF5E7E452,
0xF5E8E453,
0xF5E9E454,
0xF5EAE455,
0xF5EBE456,
0xF5ECE457,
0xF5EDE458,
0xF5EEE459,
0xF5EFE45A,
0xF5F0E45B,
0xF5F1E45C,
0xF5F2E45D,
0xF5F3E45E,
0xF5F4E45F,
0xF5F5E460,
0xF5F6E461,
0xF5F7E462,
0xF5F8E463,
0xF5F9E464,
0xF5FAE465,
0xF5FBE466,
0xF5FCE467,
0xF640E468,
0xF641E469,
0xF642E46A,
0xF643E46B,
0xF644E46C,
0xF645E46D,
0xF646E46E,
0xF647E46F,
0xF648E470,
0xF649E471,
0xF64AE472,
0xF64BE473,
0xF64CE474,
0xF64DE475,
0xF64EE476,
0xF64FE477,
0xF650E478,
0xF651E479,
0xF652E47A,
0xF653E47B,
0xF654E47C,
0xF655E47D,
0xF656E47E,
0xF657E47F,
0xF658E480,
0xF659E481,
0xF65AE482,
0xF65BE483,
0xF65CE484,
0xF65DE485,
0xF65EE486,
0xF65FE487,
0xF660E488,
0xF661E489,
0xF662E48A,
0xF663E48B,
0xF664E48C,
0xF665E48D,
0xF666E48E,
0xF667E48F,
0xF668E490,
0xF669E491,
0xF66AE492,
0xF66BE493,
0xF66CE494,
0xF66DE495,
0xF66EE496,
0xF66FE497,
0xF670E498,
0xF671E499,
0xF672E49A,
0xF673E49B,
0xF674E49C,
0xF675E49D,
0xF676E49E,
0xF677E49F,
0xF678E4A0,
0xF679E4A1,
0xF67AE4A2,
0xF67BE4A3,
0xF67CE4A4,
0xF67DE4A5,
0xF67EE4A6,
0xF680E4A7,
0xF681E4A8,
0xF682E4A9,
0xF683E4AA,
0xF684E4AB,
0xF685E4AC,
0xF686E4AD,
0xF687E4AE,
0xF688E4AF,
0xF689E4B0,
0xF68AE4B1,
0xF68BE4B2,
0xF68CE4B3,
0xF68DE4B4,
0xF68EE4B5,
0xF68FE4B6,
0xF690E4B7,
0xF691E4B8,
0xF692E4B9,
0xF693E4BA,
0xF694E4BB,
0xF695E4BC,
0xF696E4BD,
0xF697E4BE,
0xF698E4BF,
0xF699E4C0,
0xF69AE4C1,
0xF69BE4C2,
0xF69CE4C3,
0xF69DE4C4,
0xF69EE4C5,
0xF69FE4C6,
0xF6A0E4C7,
0xF6A1E4C8,
0xF6A2E4C9,
0xF6A3E4CA,
0xF6A4E4CB,
0xF6A5E4CC,
0xF6A6E4CD,
0xF6A7E4CE,
0xF6A8E4CF,
0xF6A9E4D0,
0xF6AAE4D1,
0xF6ABE4D2,
0xF6ACE4D3,
0xF6ADE4D4,
0xF6AEE4D5,
0xF6AFE4D6,
0xF6B0E4D7,
0xF6B1E4D8,
0xF6B2E4D9,
0xF6B3E4DA,
0xF6B4E4DB,
0xF6B5E4DC,
0xF6B6E4DD,
0xF6B7E4DE,
0xF6B8E4DF,
0xF6B9E4E0,
0xF6BAE4E1,
0xF6BBE4E2,
0xF6BCE4E3,
0xF6BDE4E4,
0xF6BEE4E5,
0xF6BFE4E6,
0xF6C0E4E7,
0xF6C1E4E8,
0xF6C2E4E9,
0xF6C3E4EA,
0xF6C4E4EB,
0xF6C5E4EC,
0xF6C6E4ED,
0xF6C7E4EE,
0xF6C8E4EF,
0xF6C9E4F0,
0xF6CAE4F1,
0xF6CBE4F2,
0xF6CCE4F3,
0xF6CDE4F4,
0xF6CEE4F5,
0xF6CFE4F6,
0xF6D0E4F7,
0xF6D1E4F8,
0xF6D2E4F9,
0xF6D3E4FA,
0xF6D4E4FB,
0xF6D5E4FC,
0xF6D6E4FD,
0xF6D7E4FE,
0xF6D8E4FF,
0xF6D9E500,
0xF6DAE501,
0xF6DBE502,
0xF6DCE503,
0xF6DDE504,
0xF6DEE505,
0xF6DFE506,
0xF6E0E507,
0xF6E1E508,
0xF6E2E509,
0xF6E3E50A,
0xF6E4E50B,
0xF6E5E50C,
0xF6E6E50D,
0xF6E7E50E,
0xF6E8E50F,
0xF6E9E510,
0xF6EAE511,
0xF6EBE512,
0xF6ECE513,
0xF6EDE514,
0xF6EEE515,
0xF6EFE516,
0xF6F0E517,
0xF6F1E518,
0xF6F2E519,
0xF6F3E51A,
0xF6F4E51B,
0xF6F5E51C,
0xF6F6E51D,
0xF6F7E51E,
0xF6F8E51F,
0xF6F9E520,
0xF6FAE521,
0xF6FBE522,
0xF6FCE523,
0xF740E524,
0xF741E525,
0xF742E526,
0xF743E527,
0xF744E528,
0xF745E529,
0xF746E52A,
0xF747E52B,
0xF748E52C,
0xF749E52D,
0xF74AE52E,
0xF74BE52F,
0xF74CE530,
0xF74DE531,
0xF74EE532,
0xF74FE533,
0xF750E534,
0xF751E535,
0xF752E536,
0xF753E537,
0xF754E538,
0xF755E539,
0xF756E53A,
0xF757E53B,
0xF758E53C,
0xF759E53D,
0xF75AE53E,
0xF75BE53F,
0xF75CE540,
0xF75DE541,
0xF75EE542,
0xF75FE543,
0xF760E544,
0xF761E545,
0xF762E546,
0xF763E547,
0xF764E548,
0xF765E549,
0xF766E54A,
0xF767E54B,
0xF768E54C,
0xF769E54D,
0xF76AE54E,
0xF76BE54F,
0xF76CE550,
0xF76DE551,
0xF76EE552,
0xF76FE553,
0xF770E554,
0xF771E555,
0xF772E556,
0xF773E557,
0xF774E558,
0xF775E559,
0xF776E55A,
0xF777E55B,
0xF778E55C,
0xF779E55D,
0xF77AE55E,
0xF77BE55F,
0xF77CE560,
0xF77DE561,
0xF77EE562,
0xF780E563,
0xF781E564,
0xF782E565,
0xF783E566,
0xF784E567,
0xF785E568,
0xF786E569,
0xF787E56A,
0xF788E56B,
0xF789E56C,
0xF78AE56D,
0xF78BE56E,
0xF78CE56F,
0xF78DE570,
0xF78EE571,
0xF78FE572,
0xF790E573,
0xF791E574,
0xF792E575,
0xF793E576,
0xF794E577,
0xF795E578,
0xF796E579,
0xF797E57A,
0xF798E57B,
0xF799E57C,
0xF79AE57D,
0xF79BE57E,
0xF79CE57F,
0xF79DE580,
0xF79EE581,
0xF79FE582,
0xF7A0E583,
0xF7A1E584,
0xF7A2E585,
0xF7A3E586,
0xF7A4E587,
0xF7A5E588,
0xF7A6E589,
0xF7A7E58A,
0xF7A8E58B,
0xF7A9E58C,
0xF7AAE58D,
0xF7ABE58E,
0xF7ACE58F,
0xF7ADE590,
0xF7AEE591,
0xF7AFE592,
0xF7B0E593,
0xF7B1E594,
0xF7B2E595,
0xF7B3E596,
0xF7B4E597,
0xF7B5E598,
0xF7B6E599,
0xF7B7E59A,
0xF7B8E59B,
0xF7B9E59C,
0xF7BAE59D,
0xF7BBE59E,
0xF7BCE59F,
0xF7BDE5A0,
0xF7BEE5A1,
0xF7BFE5A2,
0xF7C0E5A3,
0xF7C1E5A4,
0xF7C2E5A5,
0xF7C3E5A6,
0xF7C4E5A7,
0xF7C5E5A8,
0xF7C6E5A9,
0xF7C7E5AA,
0xF7C8E5AB,
0xF7C9E5AC,
0xF7CAE5AD,
0xF7CBE5AE,
0xF7CCE5AF,
0xF7CDE5B0,
0xF7CEE5B1,
0xF7CFE5B2,
0xF7D0E5B3,
0xF7D1E5B4,
0xF7D2E5B5,
0xF7D3E5B6,
0xF7D4E5B7,
0xF7D5E5B8,
0xF7D6E5B9,
0xF7D7E5BA,
0xF7D8E5BB,
0xF7D9E5BC,
0xF7DAE5BD,
0xF7DBE5BE,
0xF7DCE5BF,
0xF7DDE5C0,
0xF7DEE5C1,
0xF7DFE5C2,
0xF7E0E5C3,
0xF7E1E5C4,
0xF7E2E5C5,
0xF7E3E5C6,
0xF7E4E5C7,
0xF7E5E5C8,
0xF7E6E5C9,
0xF7E7E5CA,
0xF7E8E5CB,
0xF7E9E5CC,
0xF7EAE5CD,
0xF7EBE5CE,
0xF7ECE5CF,
0xF7EDE5D0,
0xF7EEE5D1,
0xF7EFE5D2,
0xF7F0E5D3,
0xF7F1E5D4,
0xF7F2E5D5,
0xF7F3E5D6,
0xF7F4E5D7,
0xF7F5E5D8,
0xF7F6E5D9,
0xF7F7E5DA,
0xF7F8E5DB,
0xF7F9E5DC,
0xF7FAE5DD,
0xF7FBE5DE,
0xF7FCE5DF,
0xF840E5E0,
0xF841E5E1,
0xF842E5E2,
0xF843E5E3,
0xF844E5E4,
0xF845E5E5,
0xF846E5E6,
0xF847E5E7,
0xF848E5E8,
0xF849E5E9,
0xF84AE5EA,
0xF84BE5EB,
0xF84CE5EC,
0xF84DE5ED,
0xF84EE5EE,
0xF84FE5EF,
0xF850E5F0,
0xF851E5F1,
0xF852E5F2,
0xF853E5F3,
0xF854E5F4,
0xF855E5F5,
0xF856E5F6,
0xF857E5F7,
0xF858E5F8,
0xF859E5F9,
0xF85AE5FA,
0xF85BE5FB,
0xF85CE5FC,
0xF85DE5FD,
0xF85EE5FE,
0xF85FE5FF,
0xF860E600,
0xF861E601,
0xF862E602,
0xF863E603,
0xF864E604,
0xF865E605,
0xF866E606,
0xF867E607,
0xF868E608,
0xF869E609,
0xF86AE60A,
0xF86BE60B,
0xF86CE60C,
0xF86DE60D,
0xF86EE60E,
0xF86FE60F,
0xF870E610,
0xF871E611,
0xF872E612,
0xF873E613,
0xF874E614,
0xF875E615,
0xF876E616,
0xF877E617,
0xF878E618,
0xF879E619,
0xF87AE61A,
0xF87BE61B,
0xF87CE61C,
0xF87DE61D,
0xF87EE61E,
0xF880E61F,
0xF881E620,
0xF882E621,
0xF883E622,
0xF884E623,
0xF885E624,
0xF886E625,
0xF887E626,
0xF888E627,
0xF889E628,
0xF88AE629,
0xF88BE62A,
0xF88CE62B,
0xF88DE62C,
0xF88EE62D,
0xF88FE62E,
0xF890E62F,
0xF891E630,
0xF892E631,
0xF893E632,
0xF894E633,
0xF895E634,
0xF896E635,
0xF897E636,
0xF898E637,
0xF899E638,
0xF89AE639,
0xF89BE63A,
0xF89CE63B,
0xF89DE63C,
0xF89EE63D,
0xF89FE63E,
0xF8A0E63F,
0xF8A1E640,
0xF8A2E641,
0xF8A3E642,
0xF8A4E643,
0xF8A5E644,
0xF8A6E645,
0xF8A7E646,
0xF8A8E647,
0xF8A9E648,
0xF8AAE649,
0xF8ABE64A,
0xF8ACE64B,
0xF8ADE64C,
0xF8AEE64D,
0xF8AFE64E,
0xF8B0E64F,
0xF8B1E650,
0xF8B2E651,
0xF8B3E652,
0xF8B4E653,
0xF8B5E654,
0xF8B6E655,
0xF8B7E656,
0xF8B8E657,
0xF8B9E658,
0xF8BAE659,
0xF8BBE65A,
0xF8BCE65B,
0xF8BDE65C,
0xF8BEE65D,
0xF8BFE65E,
0xF8C0E65F,
0xF8C1E660,
0xF8C2E661,
0xF8C3E662,
0xF8C4E663,
0xF8C5E664,
0xF8C6E665,
0xF8C7E666,
0xF8C8E667,
0xF8C9E668,
0xF8CAE669,
0xF8CBE66A,
0xF8CCE66B,
0xF8CDE66C,
0xF8CEE66D,
0xF8CFE66E,
0xF8D0E66F,
0xF8D1E670,
0xF8D2E671,
0xF8D3E672,
0xF8D4E673,
0xF8D5E674,
0xF8D6E675,
0xF8D7E676,
0xF8D8E677,
0xF8D9E678,
0xF8DAE679,
0xF8DBE67A,
0xF8DCE67B,
0xF8DDE67C,
0xF8DEE67D,
0xF8DFE67E,
0xF8E0E67F,
0xF8E1E680,
0xF8E2E681,
0xF8E3E682,
0xF8E4E683,
0xF8E5E684,
0xF8E6E685,
0xF8E7E686,
0xF8E8E687,
0xF8E9E688,
0xF8EAE689,
0xF8EBE68A,
0xF8ECE68B,
0xF8EDE68C,
0xF8EEE68D,
0xF8EFE68E,
0xF8F0E68F,
0xF8F1E690,
0xF8F2E691,
0xF8F3E692,
0xF8F4E693,
0xF8F5E694,
0xF8F6E695,
0xF8F7E696,
0xF8F8E697,
0xF8F9E698,
0xF8FAE699,
0xF8FBE69A,
0xF8FCE69B,
0xF940E69C,
0xF941E69D,
0xF942E69E,
0xF943E69F,
0xF944E6A0,
0xF945E6A1,
0xF946E6A2,
0xF947E6A3,
0xF948E6A4,
0xF949E6A5,
0xF94AE6A6,
0xF94BE6A7,
0xF94CE6A8,
0xF94DE6A9,
0xF94EE6AA,
0xF94FE6AB,
0xF950E6AC,
0xF951E6AD,
0xF952E6AE,
0xF953E6AF,
0xF954E6B0,
0xF955E6B1,
0xF956E6B2,
0xF957E6B3,
0xF958E6B4,
0xF959E6B5,
0xF95AE6B6,
0xF95BE6B7,
0xF95CE6B8,
0xF95DE6B9,
0xF95EE6BA,
0xF95FE6BB,
0xF960E6BC,
0xF961E6BD,
0xF962E6BE,
0xF963E6BF,
0xF964E6C0,
0xF965E6C1,
0xF966E6C2,
0xF967E6C3,
0xF968E6C4,
0xF969E6C5,
0xF96AE6C6,
0xF96BE6C7,
0xF96CE6C8,
0xF96DE6C9,
0xF96EE6CA,
0xF96FE6CB,
0xF970E6CC,
0xF971E6CD,
0xF972E6CE,
0xF973E6CF,
0xF974E6D0,
0xF975E6D1,
0xF976E6D2,
0xF977E6D3,
0xF978E6D4,
0xF979E6D5,
0xF97AE6D6,
0xF97BE6D7,
0xF97CE6D8,
0xF97DE6D9,
0xF97EE6DA,
0xF980E6DB,
0xF981E6DC,
0xF982E6DD,
0xF983E6DE,
0xF984E6DF,
0xF985E6E0,
0xF986E6E1,
0xF987E6E2,
0xF988E6E3,
0xF989E6E4,
0xF98AE6E5,
0xF98BE6E6,
0xF98CE6E7,
0xF98DE6E8,
0xF98EE6E9,
0xF98FE6EA,
0xF990E6EB,
0xF991E6EC,
0xF992E6ED,
0xF993E6EE,
0xF994E6EF,
0xF995E6F0,
0xF996E6F1,
0xF997E6F2,
0xF998E6F3,
0xF999E6F4,
0xF99AE6F5,
0xF99BE6F6,
0xF99CE6F7,
0xF99DE6F8,
0xF99EE6F9,
0xF99FE6FA,
0xF9A0E6FB,
0xF9A1E6FC,
0xF9A2E6FD,
0xF9A3E6FE,
0xF9A4E6FF,
0xF9A5E700,
0xF9A6E701,
0xF9A7E702,
0xF9A8E703,
0xF9A9E704,
0xF9AAE705,
0xF9ABE706,
0xF9ACE707,
0xF9ADE708,
0xF9AEE709,
0xF9AFE70A,
0xF9B0E70B,
0xF9B1E70C,
0xF9B2E70D,
0xF9B3E70E,
0xF9B4E70F,
0xF9B5E710,
0xF9B6E711,
0xF9B7E712,
0xF9B8E713,
0xF9B9E714,
0xF9BAE715,
0xF9BBE716,
0xF9BCE717,
0xF9BDE718,
0xF9BEE719,
0xF9BFE71A,
0xF9C0E71B,
0xF9C1E71C,
0xF9C2E71D,
0xF9C3E71E,
0xF9C4E71F,
0xF9C5E720,
0xF9C6E721,
0xF9C7E722,
0xF9C8E723,
0xF9C9E724,
0xF9CAE725,
0xF9CBE726,
0xF9CCE727,
0xF9CDE728,
0xF9CEE729,
0xF9CFE72A,
0xF9D0E72B,
0xF9D1E72C,
0xF9D2E72D,
0xF9D3E72E,
0xF9D4E72F,
0xF9D5E730,
0xF9D6E731,
0xF9D7E732,
0xF9D8E733,
0xF9D9E734,
0xF9DAE735,
0xF9DBE736,
0xF9DCE737,
0xF9DDE738,
0xF9DEE739,
0xF9DFE73A,
0xF9E0E73B,
0xF9E1E73C,
0xF9E2E73D,
0xF9E3E73E,
0xF9E4E73F,
0xF9E5E740,
0xF9E6E741,
0xF9E7E742,
0xF9E8E743,
0xF9E9E744,
0xF9EAE745,
0xF9EBE746,
0xF9ECE747,
0xF9EDE748,
0xF9EEE749,
0xF9EFE74A,
0xF9F0E74B,
0xF9F1E74C,
0xF9F2E74D,
0xF9F3E74E,
0xF9F4E74F,
0xF9F5E750,
0xF9F6E751,
0xF9F7E752,
0xF9F8E753,
0xF9F9E754,
0xF9FAE755,
0xF9FBE756,
0xF9FCE757,
0xFA402170,
0xFA412171,
0xFA422172,
0xFA432173,
0xFA442174,
0xFA452175,
0xFA462176,
0xFA472177,
0xFA482178,
0xFA492179,
0xFA4A2160,
0xFA4B2161,
0xFA4C2162,
0xFA4D2163,
0xFA4E2164,
0xFA4F2165,
0xFA502166,
0xFA512167,
0xFA522168,
0xFA532169,
0xFA54FFE2,
0xFA55FFE4,
0xFA56FF07,
0xFA57FF02,
0xFA583231,
0xFA592116,
0xFA5A2121,
0xFA5B2235,
0xFA5C7E8A,
0xFA5D891C,
0xFA5E9348,
0xFA5F9288,
0xFA6084DC,
0xFA614FC9,
0xFA6270BB,
0xFA636631,
0xFA6468C8,
0xFA6592F9,
0xFA6666FB,
0xFA675F45,
0xFA684E28,
0xFA694EE1,
0xFA6A4EFC,
0xFA6B4F00,
0xFA6C4F03,
0xFA6D4F39,
0xFA6E4F56,
0xFA6F4F92,
0xFA704F8A,
0xFA714F9A,
0xFA724F94,
0xFA734FCD,
0xFA745040,
0xFA755022,
0xFA764FFF,
0xFA77501E,
0xFA785046,
0xFA795070,
0xFA7A5042,
0xFA7B5094,
0xFA7C50F4,
0xFA7D50D8,
0xFA7E514A,
0xFA805164,
0xFA81519D,
0xFA8251BE,
0xFA8351EC,
0xFA845215,
0xFA85529C,
0xFA8652A6,
0xFA8752C0,
0xFA8852DB,
0xFA895300,
0xFA8A5307,
0xFA8B5324,
0xFA8C5372,
0xFA8D5393,
0xFA8E53B2,
0xFA8F53DD,
0xFA90FA0E,
0xFA91549C,
0xFA92548A,
0xFA9354A9,
0xFA9454FF,
0xFA955586,
0xFA965759,
0xFA975765,
0xFA9857AC,
0xFA9957C8,
0xFA9A57C7,
0xFA9BFA0F,
0xFA9CFA10,
0xFA9D589E,
0xFA9E58B2,
0xFA9F590B,
0xFAA05953,
0xFAA1595B,
0xFAA2595D,
0xFAA35963,
0xFAA459A4,
0xFAA559BA,
0xFAA65B56,
0xFAA75BC0,
0xFAA8752F,
0xFAA95BD8,
0xFAAA5BEC,
0xFAAB5C1E,
0xFAAC5CA6,
0xFAAD5CBA,
0xFAAE5CF5,
0xFAAF5D27,
0xFAB05D53,
0xFAB1FA11,
0xFAB25D42,
0xFAB35D6D,
0xFAB45DB8,
0xFAB55DB9,
0xFAB65DD0,
0xFAB75F21,
0xFAB85F34,
0xFAB95F67,
0xFABA5FB7,
0xFABB5FDE,
0xFABC605D,
0xFABD6085,
0xFABE608A,
0xFABF60DE,
0xFAC060D5,
0xFAC16120,
0xFAC260F2,
0xFAC36111,
0xFAC46137,
0xFAC56130,
0xFAC66198,
0xFAC76213,
0xFAC862A6,
0xFAC963F5,
0xFACA6460,
0xFACB649D,
0xFACC64CE,
0xFACD654E,
0xFACE6600,
0xFACF6615,
0xFAD0663B,
0xFAD16609,
0xFAD2662E,
0xFAD3661E,
0xFAD46624,
0xFAD56665,
0xFAD66657,
0xFAD76659,
0xFAD8FA12,
0xFAD96673,
0xFADA6699,
0xFADB66A0,
0xFADC66B2,
0xFADD66BF,
0xFADE66FA,
0xFADF670E,
0xFAE0F929,
0xFAE16766,
0xFAE267BB,
0xFAE36852,
0xFAE467C0,
0xFAE56801,
0xFAE66844,
0xFAE768CF,
0xFAE8FA13,
0xFAE96968,
0xFAEAFA14,
0xFAEB6998,
0xFAEC69E2,
0xFAED6A30,
0xFAEE6A6B,
0xFAEF6A46,
0xFAF06A73,
0xFAF16A7E,
0xFAF26AE2,
0xFAF36AE4,
0xFAF46BD6,
0xFAF56C3F,
0xFAF66C5C,
0xFAF76C86,
0xFAF86C6F,
0xFAF96CDA,
0xFAFA6D04,
0xFAFB6D87,
0xFAFC6D6F,
0xFB406D96,
0xFB416DAC,
0xFB426DCF,
0xFB436DF8,
0xFB446DF2,
0xFB456DFC,
0xFB466E39,
0xFB476E5C,
0xFB486E27,
0xFB496E3C,
0xFB4A6EBF,
0xFB4B6F88,
0xFB4C6FB5,
0xFB4D6FF5,
0xFB4E7005,
0xFB4F7007,
0xFB507028,
0xFB517085,
0xFB5270AB,
0xFB53710F,
0xFB547104,
0xFB55715C,
0xFB567146,
0xFB577147,
0xFB58FA15,
0xFB5971C1,
0xFB5A71FE,
0xFB5B72B1,
0xFB5C72BE,
0xFB5D7324,
0xFB5EFA16,
0xFB5F7377,
0xFB6073BD,
0xFB6173C9,
0xFB6273D6,
0xFB6373E3,
0xFB6473D2,
0xFB657407,
0xFB6673F5,
0xFB677426,
0xFB68742A,
0xFB697429,
0xFB6A742E,
0xFB6B7462,
0xFB6C7489,
0xFB6D749F,
0xFB6E7501,
0xFB6F756F,
0xFB707682,
0xFB71769C,
0xFB72769E,
0xFB73769B,
0xFB7476A6,
0xFB75FA17,
0xFB767746,
0xFB7752AF,
0xFB787821,
0xFB79784E,
0xFB7A7864,
0xFB7B787A,
0xFB7C7930,
0xFB7DFA18,
0xFB7EFA19,
0xFB80FA1A,
0xFB817994,
0xFB82FA1B,
0xFB83799B,
0xFB847AD1,
0xFB857AE7,
0xFB86FA1C,
0xFB877AEB,
0xFB887B9E,
0xFB89FA1D,
0xFB8A7D48,
0xFB8B7D5C,
0xFB8C7DB7,
0xFB8D7DA0,
0xFB8E7DD6,
0xFB8F7E52,
0xFB907F47,
0xFB917FA1,
0xFB92FA1E,
0xFB938301,
0xFB948362,
0xFB95837F,
0xFB9683C7,
0xFB9783F6,
0xFB988448,
0xFB9984B4,
0xFB9A8553,
0xFB9B8559,
0xFB9C856B,
0xFB9DFA1F,
0xFB9E85B0,
0xFB9FFA20,
0xFBA0FA21,
0xFBA18807,
0xFBA288F5,
0xFBA38A12,
0xFBA48A37,
0xFBA58A79,
0xFBA68AA7,
0xFBA78ABE,
0xFBA88ADF,
0xFBA9FA22,
0xFBAA8AF6,
0xFBAB8B53,
0xFBAC8B7F,
0xFBAD8CF0,
0xFBAE8CF4,
0xFBAF8D12,
0xFBB08D76,
0xFBB1FA23,
0xFBB28ECF,
0xFBB3FA24,
0xFBB4FA25,
0xFBB59067,
0xFBB690DE,
0xFBB7FA26,
0xFBB89115,
0xFBB99127,
0xFBBA91DA,
0xFBBB91D7,
0xFBBC91DE,
0xFBBD91ED,
0xFBBE91EE,
0xFBBF91E4,
0xFBC091E5,
0xFBC19206,
0xFBC29210,
0xFBC3920A,
0xFBC4923A,
0xFBC59240,
0xFBC6923C,
0xFBC7924E,
0xFBC89259,
0xFBC99251,
0xFBCA9239,
0xFBCB9267,
0xFBCC92A7,
0xFBCD9277,
0xFBCE9278,
0xFBCF92E7,
0xFBD092D7,
0xFBD192D9,
0xFBD292D0,
0xFBD3FA27,
0xFBD492D5,
0xFBD592E0,
0xFBD692D3,
0xFBD79325,
0xFBD89321,
0xFBD992FB,
0xFBDAFA28,
0xFBDB931E,
0xFBDC92FF,
0xFBDD931D,
0xFBDE9302,
0xFBDF9370,
0xFBE09357,
0xFBE193A4,
0xFBE293C6,
0xFBE393DE,
0xFBE493F8,
0xFBE59431,
0xFBE69445,
0xFBE79448,
0xFBE89592,
0xFBE9F9DC,
0xFBEAFA29,
0xFBEB969D,
0xFBEC96AF,
0xFBED9733,
0xFBEE973B,
0xFBEF9743,
0xFBF0974D,
0xFBF1974F,
0xFBF29751,
0xFBF39755,
0xFBF49857,
0xFBF59865,
0xFBF6FA2A,
0xFBF7FA2B,
0xFBF89927,
0xFBF9FA2C,
0xFBFA999E,
0xFBFB9A4E,
0xFBFC9AD9,
0xFC409ADC,
0xFC419B75,
0xFC429B72,
0xFC439B8F,
0xFC449BB1,
0xFC459BBB,
0xFC469C00,
0xFC479D70,
0xFC489D6B,
0xFC49FA2D,
0xFC4A9E19,
0xFC4B9ED1,
};
