// Auto-generated gbk double-byte -> Unicode table (21791 entries).
#pragma once
#include <stdint.h>
static const uint32_t cp936_table_COUNT = 21791;
static const uint32_t cp936_table_TABLE[21791] = {
0x81404E02,
0x81414E04,
0x81424E05,
0x81434E06,
0x81444E0F,
0x81454E12,
0x81464E17,
0x81474E1F,
0x81484E20,
0x81494E21,
0x814A4E23,
0x814B4E26,
0x814C4E29,
0x814D4E2E,
0x814E4E2F,
0x814F4E31,
0x81504E33,
0x81514E35,
0x81524E37,
0x81534E3C,
0x81544E40,
0x81554E41,
0x81564E42,
0x81574E44,
0x81584E46,
0x81594E4A,
0x815A4E51,
0x815B4E55,
0x815C4E57,
0x815D4E5A,
0x815E4E5B,
0x815F4E62,
0x81604E63,
0x81614E64,
0x81624E65,
0x81634E67,
0x81644E68,
0x81654E6A,
0x81664E6B,
0x81674E6C,
0x81684E6D,
0x81694E6E,
0x816A4E6F,
0x816B4E72,
0x816C4E74,
0x816D4E75,
0x816E4E76,
0x816F4E77,
0x81704E78,
0x81714E79,
0x81724E7A,
0x81734E7B,
0x81744E7C,
0x81754E7D,
0x81764E7F,
0x81774E80,
0x81784E81,
0x81794E82,
0x817A4E83,
0x817B4E84,
0x817C4E85,
0x817D4E87,
0x817E4E8A,
0x81804E90,
0x81814E96,
0x81824E97,
0x81834E99,
0x81844E9C,
0x81854E9D,
0x81864E9E,
0x81874EA3,
0x81884EAA,
0x81894EAF,
0x818A4EB0,
0x818B4EB1,
0x818C4EB4,
0x818D4EB6,
0x818E4EB7,
0x818F4EB8,
0x81904EB9,
0x81914EBC,
0x81924EBD,
0x81934EBE,
0x81944EC8,
0x81954ECC,
0x81964ECF,
0x81974ED0,
0x81984ED2,
0x81994EDA,
0x819A4EDB,
0x819B4EDC,
0x819C4EE0,
0x819D4EE2,
0x819E4EE6,
0x819F4EE7,
0x81A04EE9,
0x81A14EED,
0x81A24EEE,
0x81A34EEF,
0x81A44EF1,
0x81A54EF4,
0x81A64EF8,
0x81A74EF9,
0x81A84EFA,
0x81A94EFC,
0x81AA4EFE,
0x81AB4F00,
0x81AC4F02,
0x81AD4F03,
0x81AE4F04,
0x81AF4F05,
0x81B04F06,
0x81B14F07,
0x81B24F08,
0x81B34F0B,
0x81B44F0C,
0x81B54F12,
0x81B64F13,
0x81B74F14,
0x81B84F15,
0x81B94F16,
0x81BA4F1C,
0x81BB4F1D,
0x81BC4F21,
0x81BD4F23,
0x81BE4F28,
0x81BF4F29,
0x81C04F2C,
0x81C14F2D,
0x81C24F2E,
0x81C34F31,
0x81C44F33,
0x81C54F35,
0x81C64F37,
0x81C74F39,
0x81C84F3B,
0x81C94F3E,
0x81CA4F3F,
0x81CB4F40,
0x81CC4F41,
0x81CD4F42,
0x81CE4F44,
0x81CF4F45,
0x81D04F47,
0x81D14F48,
0x81D24F49,
0x81D34F4A,
0x81D44F4B,
0x81D54F4C,
0x81D64F52,
0x81D74F54,
0x81D84F56,
0x81D94F61,
0x81DA4F62,
0x81DB4F66,
0x81DC4F68,
0x81DD4F6A,
0x81DE4F6B,
0x81DF4F6D,
0x81E04F6E,
0x81E14F71,
0x81E24F72,
0x81E34F75,
0x81E44F77,
0x81E54F78,
0x81E64F79,
0x81E74F7A,
0x81E84F7D,
0x81E94F80,
0x81EA4F81,
0x81EB4F82,
0x81EC4F85,
0x81ED4F86,
0x81EE4F87,
0x81EF4F8A,
0x81F04F8C,
0x81F14F8E,
0x81F24F90,
0x81F34F92,
0x81F44F93,
0x81F54F95,
0x81F64F96,
0x81F74F98,
0x81F84F99,
0x81F94F9A,
0x81FA4F9C,
0x81FB4F9E,
0x81FC4F9F,
0x81FD4FA1,
0x81FE4FA2,
0x82404FA4,
0x82414FAB,
0x82424FAD,
0x82434FB0,
0x82444FB1,
0x82454FB2,
0x82464FB3,
0x82474FB4,
0x82484FB6,
0x82494FB7,
0x824A4FB8,
0x824B4FB9,
0x824C4FBA,
0x824D4FBB,
0x824E4FBC,
0x824F4FBD,
0x82504FBE,
0x82514FC0,
0x82524FC1,
0x82534FC2,
0x82544FC6,
0x82554FC7,
0x82564FC8,
0x82574FC9,
0x82584FCB,
0x82594FCC,
0x825A4FCD,
0x825B4FD2,
0x825C4FD3,
0x825D4FD4,
0x825E4FD5,
0x825F4FD6,
0x82604FD9,
0x82614FDB,
0x82624FE0,
0x82634FE2,
0x82644FE4,
0x82654FE5,
0x82664FE7,
0x82674FEB,
0x82684FEC,
0x82694FF0,
0x826A4FF2,
0x826B4FF4,
0x826C4FF5,
0x826D4FF6,
0x826E4FF7,
0x826F4FF9,
0x82704FFB,
0x82714FFC,
0x82724FFD,
0x82734FFF,
0x82745000,
0x82755001,
0x82765002,
0x82775003,
0x82785004,
0x82795005,
0x827A5006,
0x827B5007,
0x827C5008,
0x827D5009,
0x827E500A,
0x8280500B,
0x8281500E,
0x82825010,
0x82835011,
0x82845013,
0x82855015,
0x82865016,
0x82875017,
0x8288501B,
0x8289501D,
0x828A501E,
0x828B5020,
0x828C5022,
0x828D5023,
0x828E5024,
0x828F5027,
0x8290502B,
0x8291502F,
0x82925030,
0x82935031,
0x82945032,
0x82955033,
0x82965034,
0x82975035,
0x82985036,
0x82995037,
0x829A5038,
0x829B5039,
0x829C503B,
0x829D503D,
0x829E503F,
0x829F5040,
0x82A05041,
0x82A15042,
0x82A25044,
0x82A35045,
0x82A45046,
0x82A55049,
0x82A6504A,
0x82A7504B,
0x82A8504D,
0x82A95050,
0x82AA5051,
0x82AB5052,
0x82AC5053,
0x82AD5054,
0x82AE5056,
0x82AF5057,
0x82B05058,
0x82B15059,
0x82B2505B,
0x82B3505D,
0x82B4505E,
0x82B5505F,
0x82B65060,
0x82B75061,
0x82B85062,
0x82B95063,
0x82BA5064,
0x82BB5066,
0x82BC5067,
0x82BD5068,
0x82BE5069,
0x82BF506A,
0x82C0506B,
0x82C1506D,
0x82C2506E,
0x82C3506F,
0x82C45070,
0x82C55071,
0x82C65072,
0x82C75073,
0x82C85074,
0x82C95075,
0x82CA5078,
0x82CB5079,
0x82CC507A,
0x82CD507C,
0x82CE507D,
0x82CF5081,
0x82D05082,
0x82D15083,
0x82D25084,
0x82D35086,
0x82D45087,
0x82D55089,
0x82D6508A,
0x82D7508B,
0x82D8508C,
0x82D9508E,
0x82DA508F,
0x82DB5090,
0x82DC5091,
0x82DD5092,
0x82DE5093,
0x82DF5094,
0x82E05095,
0x82E15096,
0x82E25097,
0x82E35098,
0x82E45099,
0x82E5509A,
0x82E6509B,
0x82E7509C,
0x82E8509D,
0x82E9509E,
0x82EA509F,
0x82EB50A0,
0x82EC50A1,
0x82ED50A2,
0x82EE50A4,
0x82EF50A6,
0x82F050AA,
0x82F150AB,
0x82F250AD,
0x82F350AE,
0x82F450AF,
0x82F550B0,
0x82F650B1,
0x82F750B3,
0x82F850B4,
0x82F950B5,
0x82FA50B6,
0x82FB50B7,
0x82FC50B8,
0x82FD50B9,
0x82FE50BC,
0x834050BD,
0x834150BE,
0x834250BF,
0x834350C0,
0x834450C1,
0x834550C2,
0x834650C3,
0x834750C4,
0x834850C5,
0x834950C6,
0x834A50C7,
0x834B50C8,
0x834C50C9,
0x834D50CA,
0x834E50CB,
0x834F50CC,
0x835050CD,
0x835150CE,
0x835250D0,
0x835350D1,
0x835450D2,
0x835550D3,
0x835650D4,
0x835750D5,
0x835850D7,
0x835950D8,
0x835A50D9,
0x835B50DB,
0x835C50DC,
0x835D50DD,
0x835E50DE,
0x835F50DF,
0x836050E0,
0x836150E1,
0x836250E2,
0x836350E3,
0x836450E4,
0x836550E5,
0x836650E8,
0x836750E9,
0x836850EA,
0x836950EB,
0x836A50EF,
0x836B50F0,
0x836C50F1,
0x836D50F2,
0x836E50F4,
0x836F50F6,
0x837050F7,
0x837150F8,
0x837250F9,
0x837350FA,
0x837450FC,
0x837550FD,
0x837650FE,
0x837750FF,
0x83785100,
0x83795101,
0x837A5102,
0x837B5103,
0x837C5104,
0x837D5105,
0x837E5108,
0x83805109,
0x8381510A,
0x8382510C,
0x8383510D,
0x8384510E,
0x8385510F,
0x83865110,
0x83875111,
0x83885113,
0x83895114,
0x838A5115,
0x838B5116,
0x838C5117,
0x838D5118,
0x838E5119,
0x838F511A,
0x8390511B,
0x8391511C,
0x8392511D,
0x8393511E,
0x8394511F,
0x83955120,
0x83965122,
0x83975123,
0x83985124,
0x83995125,
0x839A5126,
0x839B5127,
0x839C5128,
0x839D5129,
0x839E512A,
0x839F512B,
0x83A0512C,
0x83A1512D,
0x83A2512E,
0x83A3512F,
0x83A45130,
0x83A55131,
0x83A65132,
0x83A75133,
0x83A85134,
0x83A95135,
0x83AA5136,
0x83AB5137,
0x83AC5138,
0x83AD5139,
0x83AE513A,
0x83AF513B,
0x83B0513C,
0x83B1513D,
0x83B2513E,
0x83B35142,
0x83B45147,
0x83B5514A,
0x83B6514C,
0x83B7514E,
0x83B8514F,
0x83B95150,
0x83BA5152,
0x83BB5153,
0x83BC5157,
0x83BD5158,
0x83BE5159,
0x83BF515B,
0x83C0515D,
0x83C1515E,
0x83C2515F,
0x83C35160,
0x83C45161,
0x83C55163,
0x83C65164,
0x83C75166,
0x83C85167,
0x83C95169,
0x83CA516A,
0x83CB516F,
0x83CC5172,
0x83CD517A,
0x83CE517E,
0x83CF517F,
0x83D05183,
0x83D15184,
0x83D25186,
0x83D35187,
0x83D4518A,
0x83D5518B,
0x83D6518E,
0x83D7518F,
0x83D85190,
0x83D95191,
0x83DA5193,
0x83DB5194,
0x83DC5198,
0x83DD519A,
0x83DE519D,
0x83DF519E,
0x83E0519F,
0x83E151A1,
0x83E251A3,
0x83E351A6,
0x83E451A7,
0x83E551A8,
0x83E651A9,
0x83E751AA,
0x83E851AD,
0x83E951AE,
0x83EA51B4,
0x83EB51B8,
0x83EC51B9,
0x83ED51BA,
0x83EE51BE,
0x83EF51BF,
0x83F051C1,
0x83F151C2,
0x83F251C3,
0x83F351C5,
0x83F451C8,
0x83F551CA,
0x83F651CD,
0x83F751CE,
0x83F851D0,
0x83F951D2,
0x83FA51D3,
0x83FB51D4,
0x83FC51D5,
0x83FD51D6,
0x83FE51D7,
0x844051D8,
0x844151D9,
0x844251DA,
0x844351DC,
0x844451DE,
0x844551DF,
0x844651E2,
0x844751E3,
0x844851E5,
0x844951E6,
0x844A51E7,
0x844B51E8,
0x844C51E9,
0x844D51EA,
0x844E51EC,
0x844F51EE,
0x845051F1,
0x845151F2,
0x845251F4,
0x845351F7,
0x845451FE,
0x84555204,
0x84565205,
0x84575209,
0x8458520B,
0x8459520C,
0x845A520F,
0x845B5210,
0x845C5213,
0x845D5214,
0x845E5215,
0x845F521C,
0x8460521E,
0x8461521F,
0x84625221,
0x84635222,
0x84645223,
0x84655225,
0x84665226,
0x84675227,
0x8468522A,
0x8469522C,
0x846A522F,
0x846B5231,
0x846C5232,
0x846D5234,
0x846E5235,
0x846F523C,
0x8470523E,
0x84715244,
0x84725245,
0x84735246,
0x84745247,
0x84755248,
0x84765249,
0x8477524B,
0x8478524E,
0x8479524F,
0x847A5252,
0x847B5253,
0x847C5255,
0x847D5257,
0x847E5258,
0x84805259,
0x8481525A,
0x8482525B,
0x8483525D,
0x8484525F,
0x84855260,
0x84865262,
0x84875263,
0x84885264,
0x84895266,
0x848A5268,
0x848B526B,
0x848C526C,
0x848D526D,
0x848E526E,
0x848F5270,
0x84905271,
0x84915273,
0x84925274,
0x84935275,
0x84945276,
0x84955277,
0x84965278,
0x84975279,
0x8498527A,
0x8499527B,
0x849A527C,
0x849B527E,
0x849C5280,
0x849D5283,
0x849E5284,
0x849F5285,
0x84A05286,
0x84A15287,
0x84A25289,
0x84A3528A,
0x84A4528B,
0x84A5528C,
0x84A6528D,
0x84A7528E,
0x84A8528F,
0x84A95291,
0x84AA5292,
0x84AB5294,
0x84AC5295,
0x84AD5296,
0x84AE5297,
0x84AF5298,
0x84B05299,
0x84B1529A,
0x84B2529C,
0x84B352A4,
0x84B452A5,
0x84B552A6,
0x84B652A7,
0x84B752AE,
0x84B852AF,
0x84B952B0,
0x84BA52B4,
0x84BB52B5,
0x84BC52B6,
0x84BD52B7,
0x84BE52B8,
0x84BF52B9,
0x84C052BA,
0x84C152BB,
0x84C252BC,
0x84C352BD,
0x84C452C0,
0x84C552C1,
0x84C652C2,
0x84C752C4,
0x84C852C5,
0x84C952C6,
0x84CA52C8,
0x84CB52CA,
0x84CC52CC,
0x84CD52CD,
0x84CE52CE,
0x84CF52CF,
0x84D052D1,
0x84D152D3,
0x84D252D4,
0x84D352D5,
0x84D452D7,
0x84D552D9,
0x84D652DA,
0x84D752DB,
0x84D852DC,
0x84D952DD,
0x84DA52DE,
0x84DB52E0,
0x84DC52E1,
0x84DD52E2,
0x84DE52E3,
0x84DF52E5,
0x84E052E6,
0x84E152E7,
0x84E252E8,
0x84E352E9,
0x84E452EA,
0x84E552EB,
0x84E652EC,
0x84E752ED,
0x84E852EE,
0x84E952EF,
0x84EA52F1,
0x84EB52F2,
0x84EC52F3,
0x84ED52F4,
0x84EE52F5,
0x84EF52F6,
0x84F052F7,
0x84F152F8,
0x84F252FB,
0x84F352FC,
0x84F452FD,
0x84F55301,
0x84F65302,
0x84F75303,
0x84F85304,
0x84F95307,
0x84FA5309,
0x84FB530A,
0x84FC530B,
0x84FD530C,
0x84FE530E,
0x85405311,
0x85415312,
0x85425313,
0x85435314,
0x85445318,
0x8545531B,
0x8546531C,
0x8547531E,
0x8548531F,
0x85495322,
0x854A5324,
0x854B5325,
0x854C5327,
0x854D5328,
0x854E5329,
0x854F532B,
0x8550532C,
0x8551532D,
0x8552532F,
0x85535330,
0x85545331,
0x85555332,
0x85565333,
0x85575334,
0x85585335,
0x85595336,
0x855A5337,
0x855B5338,
0x855C533C,
0x855D533D,
0x855E5340,
0x855F5342,
0x85605344,
0x85615346,
0x8562534B,
0x8563534C,
0x8564534D,
0x85655350,
0x85665354,
0x85675358,
0x85685359,
0x8569535B,
0x856A535D,
0x856B5365,
0x856C5368,
0x856D536A,
0x856E536C,
0x856F536D,
0x85705372,
0x85715376,
0x85725379,
0x8573537B,
0x8574537C,
0x8575537D,
0x8576537E,
0x85775380,
0x85785381,
0x85795383,
0x857A5387,
0x857B5388,
0x857C538A,
0x857D538E,
0x857E538F,
0x85805390,
0x85815391,
0x85825392,
0x85835393,
0x85845394,
0x85855396,
0x85865397,
0x85875399,
0x8588539B,
0x8589539C,
0x858A539E,
0x858B53A0,
0x858C53A1,
0x858D53A4,
0x858E53A7,
0x858F53AA,
0x859053AB,
0x859153AC,
0x859253AD,
0x859353AF,
0x859453B0,
0x859553B1,
0x859653B2,
0x859753B3,
0x859853B4,
0x859953B5,
0x859A53B7,
0x859B53B8,
0x859C53B9,
0x859D53BA,
0x859E53BC,
0x859F53BD,
0x85A053BE,
0x85A153C0,
0x85A253C3,
0x85A353C4,
0x85A453C5,
0x85A553C6,
0x85A653C7,
0x85A753CE,
0x85A853CF,
0x85A953D0,
0x85AA53D2,
0x85AB53D3,
0x85AC53D5,
0x85AD53DA,
0x85AE53DC,
0x85AF53DD,
0x85B053DE,
0x85B153E1,
0x85B253E2,
0x85B353E7,
0x85B453F4,
0x85B553FA,
0x85B653FE,
0x85B753FF,
0x85B85400,
0x85B95402,
0x85BA5405,
0x85BB5407,
0x85BC540B,
0x85BD5414,
0x85BE5418,
0x85BF5419,
0x85C0541A,
0x85C1541C,
0x85C25422,
0x85C35424,
0x85C45425,
0x85C5542A,
0x85C65430,
0x85C75433,
0x85C85436,
0x85C95437,
0x85CA543A,
0x85CB543D,
0x85CC543F,
0x85CD5441,
0x85CE5442,
0x85CF5444,
0x85D05445,
0x85D15447,
0x85D25449,
0x85D3544C,
0x85D4544D,
0x85D5544E,
0x85D6544F,
0x85D75451,
0x85D8545A,
0x85D9545D,
0x85DA545E,
0x85DB545F,
0x85DC5460,
0x85DD5461,
0x85DE5463,
0x85DF5465,
0x85E05467,
0x85E15469,
0x85E2546A,
0x85E3546B,
0x85E4546C,
0x85E5546D,
0x85E6546E,
0x85E7546F,
0x85E85470,
0x85E95474,
0x85EA5479,
0x85EB547A,
0x85EC547E,
0x85ED547F,
0x85EE5481,
0x85EF5483,
0x85F05485,
0x85F15487,
0x85F25488,
0x85F35489,
0x85F4548A,
0x85F5548D,
0x85F65491,
0x85F75493,
0x85F85497,
0x85F95498,
0x85FA549C,
0x85FB549E,
0x85FC549F,
0x85FD54A0,
0x85FE54A1,
0x864054A2,
0x864154A5,
0x864254AE,
0x864354B0,
0x864454B2,
0x864554B5,
0x864654B6,
0x864754B7,
0x864854B9,
0x864954BA,
0x864A54BC,
0x864B54BE,
0x864C54C3,
0x864D54C5,
0x864E54CA,
0x864F54CB,
0x865054D6,
0x865154D8,
0x865254DB,
0x865354E0,
0x865454E1,
0x865554E2,
0x865654E3,
0x865754E4,
0x865854EB,
0x865954EC,
0x865A54EF,
0x865B54F0,
0x865C54F1,
0x865D54F4,
0x865E54F5,
0x865F54F6,
0x866054F7,
0x866154F8,
0x866254F9,
0x866354FB,
0x866454FE,
0x86655500,
0x86665502,
0x86675503,
0x86685504,
0x86695505,
0x866A5508,
0x866B550A,
0x866C550B,
0x866D550C,
0x866E550D,
0x866F550E,
0x86705512,
0x86715513,
0x86725515,
0x86735516,
0x86745517,
0x86755518,
0x86765519,
0x8677551A,
0x8678551C,
0x8679551D,
0x867A551E,
0x867B551F,
0x867C5521,
0x867D5525,
0x867E5526,
0x86805528,
0x86815529,
0x8682552B,
0x8683552D,
0x86845532,
0x86855534,
0x86865535,
0x86875536,
0x86885538,
0x86895539,
0x868A553A,
0x868B553B,
0x868C553D,
0x868D5540,
0x868E5542,
0x868F5545,
0x86905547,
0x86915548,
0x8692554B,
0x8693554C,
0x8694554D,
0x8695554E,
0x8696554F,
0x86975551,
0x86985552,
0x86995553,
0x869A5554,
0x869B5557,
0x869C5558,
0x869D5559,
0x869E555A,
0x869F555B,
0x86A0555D,
0x86A1555E,
0x86A2555F,
0x86A35560,
0x86A45562,
0x86A55563,
0x86A65568,
0x86A75569,
0x86A8556B,
0x86A9556F,
0x86AA5570,
0x86AB5571,
0x86AC5572,
0x86AD5573,
0x86AE5574,
0x86AF5579,
0x86B0557A,
0x86B1557D,
0x86B2557F,
0x86B35585,
0x86B45586,
0x86B5558C,
0x86B6558D,
0x86B7558E,
0x86B85590,
0x86B95592,
0x86BA5593,
0x86BB5595,
0x86BC5596,
0x86BD5597,
0x86BE559A,
0x86BF559B,
0x86C0559E,
0x86C155A0,
0x86C255A1,
0x86C355A2,
0x86C455A3,
0x86C555A4,
0x86C655A5,
0x86C755A6,
0x86C855A8,
0x86C955A9,
0x86CA55AA,
0x86CB55AB,
0x86CC55AC,
0x86CD55AD,
0x86CE55AE,
0x86CF55AF,
0x86D055B0,
0x86D155B2,
0x86D255B4,
0x86D355B6,
0x86D455B8,
0x86D555BA,
0x86D655BC,
0x86D755BF,
0x86D855C0,
0x86D955C1,
0x86DA55C2,
0x86DB55C3,
0x86DC55C6,
0x86DD55C7,
0x86DE55C8,
0x86DF55CA,
0x86E055CB,
0x86E155CE,
0x86E255CF,
0x86E355D0,
0x86E455D5,
0x86E555D7,
0x86E655D8,
0x86E755D9,
0x86E855DA,
0x86E955DB,
0x86EA55DE,
0x86EB55E0,
0x86EC55E2,
0x86ED55E7,
0x86EE55E9,
0x86EF55ED,
0x86F055EE,
0x86F155F0,
0x86F255F1,
0x86F355F4,
0x86F455F6,
0x86F555F8,
0x86F655F9,
0x86F755FA,
0x86F855FB,
0x86F955FC,
0x86FA55FF,
0x86FB5602,
0x86FC5603,
0x86FD5604,
0x86FE5605,
0x87405606,
0x87415607,
0x8742560A,
0x8743560B,
0x8744560D,
0x87455610,
0x87465611,
0x87475612,
0x87485613,
0x87495614,
0x874A5615,
0x874B5616,
0x874C5617,
0x874D5619,
0x874E561A,
0x874F561C,
0x8750561D,
0x87515620,
0x87525621,
0x87535622,
0x87545625,
0x87555626,
0x87565628,
0x87575629,
0x8758562A,
0x8759562B,
0x875A562E,
0x875B562F,
0x875C5630,
0x875D5633,
0x875E5635,
0x875F5637,
0x87605638,
0x8761563A,
0x8762563C,
0x8763563D,
0x8764563E,
0x87655640,
0x87665641,
0x87675642,
0x87685643,
0x87695644,
0x876A5645,
0x876B5646,
0x876C5647,
0x876D5648,
0x876E5649,
0x876F564A,
0x8770564B,
0x8771564F,
0x87725650,
0x87735651,
0x87745652,
0x87755653,
0x87765655,
0x87775656,
0x8778565A,
0x8779565B,
0x877A565D,
0x877B565E,
0x877C565F,
0x877D5660,
0x877E5661,
0x87805663,
0x87815665,
0x87825666,
0x87835667,
0x8784566D,
0x8785566E,
0x8786566F,
0x87875670,
0x87885672,
0x87895673,
0x878A5674,
0x878B5675,
0x878C5677,
0x878D5678,
0x878E5679,
0x878F567A,
0x8790567D,
0x8791567E,
0x8792567F,
0x87935680,
0x87945681,
0x87955682,
0x87965683,
0x87975684,
0x87985687,
0x87995688,
0x879A5689,
0x879B568A,
0x879C568B,
0x879D568C,
0x879E568D,
0x879F5690,
0x87A05691,
0x87A15692,
0x87A25694,
0x87A35695,
0x87A45696,
0x87A55697,
0x87A65698,
0x87A75699,
0x87A8569A,
0x87A9569B,
0x87AA569C,
0x87AB569D,
0x87AC569E,
0x87AD569F,
0x87AE56A0,
0x87AF56A1,
0x87B056A2,
0x87B156A4,
0x87B256A5,
0x87B356A6,
0x87B456A7,
0x87B556A8,
0x87B656A9,
0x87B756AA,
0x87B856AB,
0x87B956AC,
0x87BA56AD,
0x87BB56AE,
0x87BC56B0,
0x87BD56B1,
0x87BE56B2,
0x87BF56B3,
0x87C056B4,
0x87C156B5,
0x87C256B6,
0x87C356B8,
0x87C456B9,
0x87C556BA,
0x87C656BB,
0x87C756BD,
0x87C856BE,
0x87C956BF,
0x87CA56C0,
0x87CB56C1,
0x87CC56C2,
0x87CD56C3,
0x87CE56C4,
0x87CF56C5,
0x87D056C6,
0x87D156C7,
0x87D256C8,
0x87D356C9,
0x87D456CB,
0x87D556CC,
0x87D656CD,
0x87D756CE,
0x87D856CF,
0x87D956D0,
0x87DA56D1,
0x87DB56D2,
0x87DC56D3,
0x87DD56D5,
0x87DE56D6,
0x87DF56D8,
0x87E056D9,
0x87E156DC,
0x87E256E3,
0x87E356E5,
0x87E456E6,
0x87E556E7,
0x87E656E8,
0x87E756E9,
0x87E856EA,
0x87E956EC,
0x87EA56EE,
0x87EB56EF,
0x87EC56F2,
0x87ED56F3,
0x87EE56F6,
0x87EF56F7,
0x87F056F8,
0x87F156FB,
0x87F256FC,
0x87F35700,
0x87F45701,
0x87F55702,
0x87F65705,
0x87F75707,
0x87F8570B,
0x87F9570C,
0x87FA570D,
0x87FB570E,
0x87FC570F,
0x87FD5710,
0x87FE5711,
0x88405712,
0x88415713,
0x88425714,
0x88435715,
0x88445716,
0x88455717,
0x88465718,
0x88475719,
0x8848571A,
0x8849571B,
0x884A571D,
0x884B571E,
0x884C5720,
0x884D5721,
0x884E5722,
0x884F5724,
0x88505725,
0x88515726,
0x88525727,
0x8853572B,
0x88545731,
0x88555732,
0x88565734,
0x88575735,
0x88585736,
0x88595737,
0x885A5738,
0x885B573C,
0x885C573D,
0x885D573F,
0x885E5741,
0x885F5743,
0x88605744,
0x88615745,
0x88625746,
0x88635748,
0x88645749,
0x8865574B,
0x88665752,
0x88675753,
0x88685754,
0x88695755,
0x886A5756,
0x886B5758,
0x886C5759,
0x886D5762,
0x886E5763,
0x886F5765,
0x88705767,
0x8871576C,
0x8872576E,
0x88735770,
0x88745771,
0x88755772,
0x88765774,
0x88775775,
0x88785778,
0x88795779,
0x887A577A,
0x887B577D,
0x887C577E,
0x887D577F,
0x887E5780,
0x88805781,
0x88815787,
0x88825788,
0x88835789,
0x8884578A,
0x8885578D,
0x8886578E,
0x8887578F,
0x88885790,
0x88895791,
0x888A5794,
0x888B5795,
0x888C5796,
0x888D5797,
0x888E5798,
0x888F5799,
0x8890579A,
0x8891579C,
0x8892579D,
0x8893579E,
0x8894579F,
0x889557A5,
0x889657A8,
0x889757AA,
0x889857AC,
0x889957AF,
0x889A57B0,
0x889B57B1,
0x889C57B3,
0x889D57B5,
0x889E57B6,
0x889F57B7,
0x88A057B9,
0x88A157BA,
0x88A257BB,
0x88A357BC,
0x88A457BD,
0x88A557BE,
0x88A657BF,
0x88A757C0,
0x88A857C1,
0x88A957C4,
0x88AA57C5,
0x88AB57C6,
0x88AC57C7,
0x88AD57C8,
0x88AE57C9,
0x88AF57CA,
0x88B057CC,
0x88B157CD,
0x88B257D0,
0x88B357D1,
0x88B457D3,
0x88B557D6,
0x88B657D7,
0x88B757DB,
0x88B857DC,
0x88B957DE,
0x88BA57E1,
0x88BB57E2,
0x88BC57E3,
0x88BD57E5,
0x88BE57E6,
0x88BF57E7,
0x88C057E8,
0x88C157E9,
0x88C257EA,
0x88C357EB,
0x88C457EC,
0x88C557EE,
0x88C657F0,
0x88C757F1,
0x88C857F2,
0x88C957F3,
0x88CA57F5,
0x88CB57F6,
0x88CC57F7,
0x88CD57FB,
0x88CE57FC,
0x88CF57FE,
0x88D057FF,
0x88D15801,
0x88D25803,
0x88D35804,
0x88D45805,
0x88D55808,
0x88D65809,
0x88D7580A,
0x88D8580C,
0x88D9580E,
0x88DA580F,
0x88DB5810,
0x88DC5812,
0x88DD5813,
0x88DE5814,
0x88DF5816,
0x88E05817,
0x88E15818,
0x88E2581A,
0x88E3581B,
0x88E4581C,
0x88E5581D,
0x88E6581F,
0x88E75822,
0x88E85823,
0x88E95825,
0x88EA5826,
0x88EB5827,
0x88EC5828,
0x88ED5829,
0x88EE582B,
0x88EF582C,
0x88F0582D,
0x88F1582E,
0x88F2582F,
0x88F35831,
0x88F45832,
0x88F55833,
0x88F65834,
0x88F75836,
0x88F85837,
0x88F95838,
0x88FA5839,
0x88FB583A,
0x88FC583B,
0x88FD583C,
0x88FE583D,
0x8940583E,
0x8941583F,
0x89425840,
0x89435841,
0x89445842,
0x89455843,
0x89465845,
0x89475846,
0x89485847,
0x89495848,
0x894A5849,
0x894B584A,
0x894C584B,
0x894D584E,
0x894E584F,
0x894F5850,
0x89505852,
0x89515853,
0x89525855,
0x89535856,
0x89545857,
0x89555859,
0x8956585A,
0x8957585B,
0x8958585C,
0x8959585D,
0x895A585F,
0x895B5860,
0x895C5861,
0x895D5862,
0x895E5863,
0x895F5864,
0x89605866,
0x89615867,
0x89625868,
0x89635869,
0x8964586A,
0x8965586D,
0x8966586E,
0x8967586F,
0x89685870,
0x89695871,
0x896A5872,
0x896B5873,
0x896C5874,
0x896D5875,
0x896E5876,
0x896F5877,
0x89705878,
0x89715879,
0x8972587A,
0x8973587B,
0x8974587C,
0x8975587D,
0x8976587F,
0x89775882,
0x89785884,
0x89795886,
0x897A5887,
0x897B5888,
0x897C588A,
0x897D588B,
0x897E588C,
0x8980588D,
0x8981588E,
0x8982588F,
0x89835890,
0x89845891,
0x89855894,
0x89865895,
0x89875896,
0x89885897,
0x89895898,
0x898A589B,
0x898B589C,
0x898C589D,
0x898D58A0,
0x898E58A1,
0x898F58A2,
0x899058A3,
0x899158A4,
0x899258A5,
0x899358A6,
0x899458A7,
0x899558AA,
0x899658AB,
0x899758AC,
0x899858AD,
0x899958AE,
0x899A58AF,
0x899B58B0,
0x899C58B1,
0x899D58B2,
0x899E58B3,
0x899F58B4,
0x89A058B5,
0x89A158B6,
0x89A258B7,
0x89A358B8,
0x89A458B9,
0x89A558BA,
0x89A658BB,
0x89A758BD,
0x89A858BE,
0x89A958BF,
0x89AA58C0,
0x89AB58C2,
0x89AC58C3,
0x89AD58C4,
0x89AE58C6,
0x89AF58C7,
0x89B058C8,
0x89B158C9,
0x89B258CA,
0x89B358CB,
0x89B458CC,
0x89B558CD,
0x89B658CE,
0x89B758CF,
0x89B858D0,
0x89B958D2,
0x89BA58D3,
0x89BB58D4,
0x89BC58D6,
0x89BD58D7,
0x89BE58D8,
0x89BF58D9,
0x89C058DA,
0x89C158DB,
0x89C258DC,
0x89C358DD,
0x89C458DE,
0x89C558DF,
0x89C658E0,
0x89C758E1,
0x89C858E2,
0x89C958E3,
0x89CA58E5,
0x89CB58E6,
0x89CC58E7,
0x89CD58E8,
0x89CE58E9,
0x89CF58EA,
0x89D058ED,
0x89D158EF,
0x89D258F1,
0x89D358F2,
0x89D458F4,
0x89D558F5,
0x89D658F7,
0x89D758F8,
0x89D858FA,
0x89D958FB,
0x89DA58FC,
0x89DB58FD,
0x89DC58FE,
0x89DD58FF,
0x89DE5900,
0x89DF5901,
0x89E05903,
0x89E15905,
0x89E25906,
0x89E35908,
0x89E45909,
0x89E5590A,
0x89E6590B,
0x89E7590C,
0x89E8590E,
0x89E95910,
0x89EA5911,
0x89EB5912,
0x89EC5913,
0x89ED5917,
0x89EE5918,
0x89EF591B,
0x89F0591D,
0x89F1591E,
0x89F25920,
0x89F35921,
0x89F45922,
0x89F55923,
0x89F65926,
0x89F75928,
0x89F8592C,
0x89F95930,
0x89FA5932,
0x89FB5933,
0x89FC5935,
0x89FD5936,
0x89FE593B,
0x8A40593D,
0x8A41593E,
0x8A42593F,
0x8A435940,
0x8A445943,
0x8A455945,
0x8A465946,
0x8A47594A,
0x8A48594C,
0x8A49594D,
0x8A4A5950,
0x8A4B5952,
0x8A4C5953,
0x8A4D5959,
0x8A4E595B,
0x8A4F595C,
0x8A50595D,
0x8A51595E,
0x8A52595F,
0x8A535961,
0x8A545963,
0x8A555964,
0x8A565966,
0x8A575967,
0x8A585968,
0x8A595969,
0x8A5A596A,
0x8A5B596B,
0x8A5C596C,
0x8A5D596D,
0x8A5E596E,
0x8A5F596F,
0x8A605970,
0x8A615971,
0x8A625972,
0x8A635975,
0x8A645977,
0x8A65597A,
0x8A66597B,
0x8A67597C,
0x8A68597E,
0x8A69597F,
0x8A6A5980,
0x8A6B5985,
0x8A6C5989,
0x8A6D598B,
0x8A6E598C,
0x8A6F598E,
0x8A70598F,
0x8A715990,
0x8A725991,
0x8A735994,
0x8A745995,
0x8A755998,
0x8A76599A,
0x8A77599B,
0x8A78599C,
0x8A79599D,
0x8A7A599F,
0x8A7B59A0,
0x8A7C59A1,
0x8A7D59A2,
0x8A7E59A6,
0x8A8059A7,
0x8A8159AC,
0x8A8259AD,
0x8A8359B0,
0x8A8459B1,
0x8A8559B3,
0x8A8659B4,
0x8A8759B5,
0x8A8859B6,
0x8A8959B7,
0x8A8A59B8,
0x8A8B59BA,
0x8A8C59BC,
0x8A8D59BD,
0x8A8E59BF,
0x8A8F59C0,
0x8A9059C1,
0x8A9159C2,
0x8A9259C3,
0x8A9359C4,
0x8A9459C5,
0x8A9559C7,
0x8A9659C8,
0x8A9759C9,
0x8A9859CC,
0x8A9959CD,
0x8A9A59CE,
0x8A9B59CF,
0x8A9C59D5,
0x8A9D59D6,
0x8A9E59D9,
0x8A9F59DB,
0x8AA059DE,
0x8AA159DF,
0x8AA259E0,
0x8AA359E1,
0x8AA459E2,
0x8AA559E4,
0x8AA659E6,
0x8AA759E7,
0x8AA859E9,
0x8AA959EA,
0x8AAA59EB,
0x8AAB59ED,
0x8AAC59EE,
0x8AAD59EF,
0x8AAE59F0,
0x8AAF59F1,
0x8AB059F2,
0x8AB159F3,
0x8AB259F4,
0x8AB359F5,
0x8AB459F6,
0x8AB559F7,
0x8AB659F8,
0x8AB759FA,
0x8AB859FC,
0x8AB959FD,
0x8ABA59FE,
0x8ABB5A00,
0x8ABC5A02,
0x8ABD5A0A,
0x8ABE5A0B,
0x8ABF5A0D,
0x8AC05A0E,
0x8AC15A0F,
0x8AC25A10,
0x8AC35A12,
0x8AC45A14,
0x8AC55A15,
0x8AC65A16,
0x8AC75A17,
0x8AC85A19,
0x8AC95A1A,
0x8ACA5A1B,
0x8ACB5A1D,
0x8ACC5A1E,
0x8ACD5A21,
0x8ACE5A22,
0x8ACF5A24,
0x8AD05A26,
0x8AD15A27,
0x8AD25A28,
0x8AD35A2A,
0x8AD45A2B,
0x8AD55A2C,
0x8AD65A2D,
0x8AD75A2E,
0x8AD85A2F,
0x8AD95A30,
0x8ADA5A33,
0x8ADB5A35,
0x8ADC5A37,
0x8ADD5A38,
0x8ADE5A39,
0x8ADF5A3A,
0x8AE05A3B,
0x8AE15A3D,
0x8AE25A3E,
0x8AE35A3F,
0x8AE45A41,
0x8AE55A42,
0x8AE65A43,
0x8AE75A44,
0x8AE85A45,
0x8AE95A47,
0x8AEA5A48,
0x8AEB5A4B,
0x8AEC5A4C,
0x8AED5A4D,
0x8AEE5A4E,
0x8AEF5A4F,
0x8AF05A50,
0x8AF15A51,
0x8AF25A52,
0x8AF35A53,
0x8AF45A54,
0x8AF55A56,
0x8AF65A57,
0x8AF75A58,
0x8AF85A59,
0x8AF95A5B,
0x8AFA5A5C,
0x8AFB5A5D,
0x8AFC5A5E,
0x8AFD5A5F,
0x8AFE5A60,
0x8B405A61,
0x8B415A63,
0x8B425A64,
0x8B435A65,
0x8B445A66,
0x8B455A68,
0x8B465A69,
0x8B475A6B,
0x8B485A6C,
0x8B495A6D,
0x8B4A5A6E,
0x8B4B5A6F,
0x8B4C5A70,
0x8B4D5A71,
0x8B4E5A72,
0x8B4F5A73,
0x8B505A78,
0x8B515A79,
0x8B525A7B,
0x8B535A7C,
0x8B545A7D,
0x8B555A7E,
0x8B565A80,
0x8B575A81,
0x8B585A82,
0x8B595A83,
0x8B5A5A84,
0x8B5B5A85,
0x8B5C5A86,
0x8B5D5A87,
0x8B5E5A88,
0x8B5F5A89,
0x8B605A8A,
0x8B615A8B,
0x8B625A8C,
0x8B635A8D,
0x8B645A8E,
0x8B655A8F,
0x8B665A90,
0x8B675A91,
0x8B685A93,
0x8B695A94,
0x8B6A5A95,
0x8B6B5A96,
0x8B6C5A97,
0x8B6D5A98,
0x8B6E5A99,
0x8B6F5A9C,
0x8B705A9D,
0x8B715A9E,
0x8B725A9F,
0x8B735AA0,
0x8B745AA1,
0x8B755AA2,
0x8B765AA3,
0x8B775AA4,
0x8B785AA5,
0x8B795AA6,
0x8B7A5AA7,
0x8B7B5AA8,
0x8B7C5AA9,
0x8B7D5AAB,
0x8B7E5AAC,
0x8B805AAD,
0x8B815AAE,
0x8B825AAF,
0x8B835AB0,
0x8B845AB1,
0x8B855AB4,
0x8B865AB6,
0x8B875AB7,
0x8B885AB9,
0x8B895ABA,
0x8B8A5ABB,
0x8B8B5ABC,
0x8B8C5ABD,
0x8B8D5ABF,
0x8B8E5AC0,
0x8B8F5AC3,
0x8B905AC4,
0x8B915AC5,
0x8B925AC6,
0x8B935AC7,
0x8B945AC8,
0x8B955ACA,
0x8B965ACB,
0x8B975ACD,
0x8B985ACE,
0x8B995ACF,
0x8B9A5AD0,
0x8B9B5AD1,
0x8B9C5AD3,
0x8B9D5AD5,
0x8B9E5AD7,
0x8B9F5AD9,
0x8BA05ADA,
0x8BA15ADB,
0x8BA25ADD,
0x8BA35ADE,
0x8BA45ADF,
0x8BA55AE2,
0x8BA65AE4,
0x8BA75AE5,
0x8BA85AE7,
0x8BA95AE8,
0x8BAA5AEA,
0x8BAB5AEC,
0x8BAC5AED,
0x8BAD5AEE,
0x8BAE5AEF,
0x8BAF5AF0,
0x8BB05AF2,
0x8BB15AF3,
0x8BB25AF4,
0x8BB35AF5,
0x8BB45AF6,
0x8BB55AF7,
0x8BB65AF8,
0x8BB75AF9,
0x8BB85AFA,
0x8BB95AFB,
0x8BBA5AFC,
0x8BBB5AFD,
0x8BBC5AFE,
0x8BBD5AFF,
0x8BBE5B00,
0x8BBF5B01,
0x8BC05B02,
0x8BC15B03,
0x8BC25B04,
0x8BC35B05,
0x8BC45B06,
0x8BC55B07,
0x8BC65B08,
0x8BC75B0A,
0x8BC85B0B,
0x8BC95B0C,
0x8BCA5B0D,
0x8BCB5B0E,
0x8BCC5B0F,
0x8BCD5B10,
0x8BCE5B11,
0x8BCF5B12,
0x8BD05B13,
0x8BD15B14,
0x8BD25B15,
0x8BD35B18,
0x8BD45B19,
0x8BD55B1A,
0x8BD65B1B,
0x8BD75B1C,
0x8BD85B1D,
0x8BD95B1E,
0x8BDA5B1F,
0x8BDB5B20,
0x8BDC5B21,
0x8BDD5B22,
0x8BDE5B23,
0x8BDF5B24,
0x8BE05B25,
0x8BE15B26,
0x8BE25B27,
0x8BE35B28,
0x8BE45B29,
0x8BE55B2A,
0x8BE65B2B,
0x8BE75B2C,
0x8BE85B2D,
0x8BE95B2E,
0x8BEA5B2F,
0x8BEB5B30,
0x8BEC5B31,
0x8BED5B33,
0x8BEE5B35,
0x8BEF5B36,
0x8BF05B38,
0x8BF15B39,
0x8BF25B3A,
0x8BF35B3B,
0x8BF45B3C,
0x8BF55B3D,
0x8BF65B3E,
0x8BF75B3F,
0x8BF85B41,
0x8BF95B42,
0x8BFA5B43,
0x8BFB5B44,
0x8BFC5B45,
0x8BFD5B46,
0x8BFE5B47,
0x8C405B48,
0x8C415B49,
0x8C425B4A,
0x8C435B4B,
0x8C445B4C,
0x8C455B4D,
0x8C465B4E,
0x8C475B4F,
0x8C485B52,
0x8C495B56,
0x8C4A5B5E,
0x8C4B5B60,
0x8C4C5B61,
0x8C4D5B67,
0x8C4E5B68,
0x8C4F5B6B,
0x8C505B6D,
0x8C515B6E,
0x8C525B6F,
0x8C535B72,
0x8C545B74,
0x8C555B76,
0x8C565B77,
0x8C575B78,
0x8C585B79,
0x8C595B7B,
0x8C5A5B7C,
0x8C5B5B7E,
0x8C5C5B7F,
0x8C5D5B82,
0x8C5E5B86,
0x8C5F5B8A,
0x8C605B8D,
0x8C615B8E,
0x8C625B90,
0x8C635B91,
0x8C645B92,
0x8C655B94,
0x8C665B96,
0x8C675B9F,
0x8C685BA7,
0x8C695BA8,
0x8C6A5BA9,
0x8C6B5BAC,
0x8C6C5BAD,
0x8C6D5BAE,
0x8C6E5BAF,
0x8C6F5BB1,
0x8C705BB2,
0x8C715BB7,
0x8C725BBA,
0x8C735BBB,
0x8C745BBC,
0x8C755BC0,
0x8C765BC1,
0x8C775BC3,
0x8C785BC8,
0x8C795BC9,
0x8C7A5BCA,
0x8C7B5BCB,
0x8C7C5BCD,
0x8C7D5BCE,
0x8C7E5BCF,
0x8C805BD1,
0x8C815BD4,
0x8C825BD5,
0x8C835BD6,
0x8C845BD7,
0x8C855BD8,
0x8C865BD9,
0x8C875BDA,
0x8C885BDB,
0x8C895BDC,
0x8C8A5BE0,
0x8C8B5BE2,
0x8C8C5BE3,
0x8C8D5BE6,
0x8C8E5BE7,
0x8C8F5BE9,
0x8C905BEA,
0x8C915BEB,
0x8C925BEC,
0x8C935BED,
0x8C945BEF,
0x8C955BF1,
0x8C965BF2,
0x8C975BF3,
0x8C985BF4,
0x8C995BF5,
0x8C9A5BF6,
0x8C9B5BF7,
0x8C9C5BFD,
0x8C9D5BFE,
0x8C9E5C00,
0x8C9F5C02,
0x8CA05C03,
0x8CA15C05,
0x8CA25C07,
0x8CA35C08,
0x8CA45C0B,
0x8CA55C0C,
0x8CA65C0D,
0x8CA75C0E,
0x8CA85C10,
0x8CA95C12,
0x8CAA5C13,
0x8CAB5C17,
0x8CAC5C19,
0x8CAD5C1B,
0x8CAE5C1E,
0x8CAF5C1F,
0x8CB05C20,
0x8CB15C21,
0x8CB25C23,
0x8CB35C26,
0x8CB45C28,
0x8CB55C29,
0x8CB65C2A,
0x8CB75C2B,
0x8CB85C2D,
0x8CB95C2E,
0x8CBA5C2F,
0x8CBB5C30,
0x8CBC5C32,
0x8CBD5C33,
0x8CBE5C35,
0x8CBF5C36,
0x8CC05C37,
0x8CC15C43,
0x8CC25C44,
0x8CC35C46,
0x8CC45C47,
0x8CC55C4C,
0x8CC65C4D,
0x8CC75C52,
0x8CC85C53,
0x8CC95C54,
0x8CCA5C56,
0x8CCB5C57,
0x8CCC5C58,
0x8CCD5C5A,
0x8CCE5C5B,
0x8CCF5C5C,
0x8CD05C5D,
0x8CD15C5F,
0x8CD25C62,
0x8CD35C64,
0x8CD45C67,
0x8CD55C68,
0x8CD65C69,
0x8CD75C6A,
0x8CD85C6B,
0x8CD95C6C,
0x8CDA5C6D,
0x8CDB5C70,
0x8CDC5C72,
0x8CDD5C73,
0x8CDE5C74,
0x8CDF5C75,
0x8CE05C76,
0x8CE15C77,
0x8CE25C78,
0x8CE35C7B,
0x8CE45C7C,
0x8CE55C7D,
0x8CE65C7E,
0x8CE75C80,
0x8CE85C83,
0x8CE95C84,
0x8CEA5C85,
0x8CEB5C86,
0x8CEC5C87,
0x8CED5C89,
0x8CEE5C8A,
0x8CEF5C8B,
0x8CF05C8E,
0x8CF15C8F,
0x8CF25C92,
0x8CF35C93,
0x8CF45C95,
0x8CF55C9D,
0x8CF65C9E,
0x8CF75C9F,
0x8CF85CA0,
0x8CF95CA1,
0x8CFA5CA4,
0x8CFB5CA5,
0x8CFC5CA6,
0x8CFD5CA7,
0x8CFE5CA8,
0x8D405CAA,
0x8D415CAE,
0x8D425CAF,
0x8D435CB0,
0x8D445CB2,
0x8D455CB4,
0x8D465CB6,
0x8D475CB9,
0x8D485CBA,
0x8D495CBB,
0x8D4A5CBC,
0x8D4B5CBE,
0x8D4C5CC0,
0x8D4D5CC2,
0x8D4E5CC3,
0x8D4F5CC5,
0x8D505CC6,
0x8D515CC7,
0x8D525CC8,
0x8D535CC9,
0x8D545CCA,
0x8D555CCC,
0x8D565CCD,
0x8D575CCE,
0x8D585CCF,
0x8D595CD0,
0x8D5A5CD1,
0x8D5B5CD3,
0x8D5C5CD4,
0x8D5D5CD5,
0x8D5E5CD6,
0x8D5F5CD7,
0x8D605CD8,
0x8D615CDA,
0x8D625CDB,
0x8D635CDC,
0x8D645CDD,
0x8D655CDE,
0x8D665CDF,
0x8D675CE0,
0x8D685CE2,
0x8D695CE3,
0x8D6A5CE7,
0x8D6B5CE9,
0x8D6C5CEB,
0x8D6D5CEC,
0x8D6E5CEE,
0x8D6F5CEF,
0x8D705CF1,
0x8D715CF2,
0x8D725CF3,
0x8D735CF4,
0x8D745CF5,
0x8D755CF6,
0x8D765CF7,
0x8D775CF8,
0x8D785CF9,
0x8D795CFA,
0x8D7A5CFC,
0x8D7B5CFD,
0x8D7C5CFE,
0x8D7D5CFF,
0x8D7E5D00,
0x8D805D01,
0x8D815D04,
0x8D825D05,
0x8D835D08,
0x8D845D09,
0x8D855D0A,
0x8D865D0B,
0x8D875D0C,
0x8D885D0D,
0x8D895D0F,
0x8D8A5D10,
0x8D8B5D11,
0x8D8C5D12,
0x8D8D5D13,
0x8D8E5D15,
0x8D8F5D17,
0x8D905D18,
0x8D915D19,
0x8D925D1A,
0x8D935D1C,
0x8D945D1D,
0x8D955D1F,
0x8D965D20,
0x8D975D21,
0x8D985D22,
0x8D995D23,
0x8D9A5D25,
0x8D9B5D28,
0x8D9C5D2A,
0x8D9D5D2B,
0x8D9E5D2C,
0x8D9F5D2F,
0x8DA05D30,
0x8DA15D31,
0x8DA25D32,
0x8DA35D33,
0x8DA45D35,
0x8DA55D36,
0x8DA65D37,
0x8DA75D38,
0x8DA85D39,
0x8DA95D3A,
0x8DAA5D3B,
0x8DAB5D3C,
0x8DAC5D3F,
0x8DAD5D40,
0x8DAE5D41,
0x8DAF5D42,
0x8DB05D43,
0x8DB15D44,
0x8DB25D45,
0x8DB35D46,
0x8DB45D48,
0x8DB55D49,
0x8DB65D4D,
0x8DB75D4E,
0x8DB85D4F,
0x8DB95D50,
0x8DBA5D51,
0x8DBB5D52,
0x8DBC5D53,
0x8DBD5D54,
0x8DBE5D55,
0x8DBF5D56,
0x8DC05D57,
0x8DC15D59,
0x8DC25D5A,
0x8DC35D5C,
0x8DC45D5E,
0x8DC55D5F,
0x8DC65D60,
0x8DC75D61,
0x8DC85D62,
0x8DC95D63,
0x8DCA5D64,
0x8DCB5D65,
0x8DCC5D66,
0x8DCD5D67,
0x8DCE5D68,
0x8DCF5D6A,
0x8DD05D6D,
0x8DD15D6E,
0x8DD25D70,
0x8DD35D71,
0x8DD45D72,
0x8DD55D73,
0x8DD65D75,
0x8DD75D76,
0x8DD85D77,
0x8DD95D78,
0x8DDA5D79,
0x8DDB5D7A,
0x8DDC5D7B,
0x8DDD5D7C,
0x8DDE5D7D,
0x8DDF5D7E,
0x8DE05D7F,
0x8DE15D80,
0x8DE25D81,
0x8DE35D83,
0x8DE45D84,
0x8DE55D85,
0x8DE65D86,
0x8DE75D87,
0x8DE85D88,
0x8DE95D89,
0x8DEA5D8A,
0x8DEB5D8B,
0x8DEC5D8C,
0x8DED5D8D,
0x8DEE5D8E,
0x8DEF5D8F,
0x8DF05D90,
0x8DF15D91,
0x8DF25D92,
0x8DF35D93,
0x8DF45D94,
0x8DF55D95,
0x8DF65D96,
0x8DF75D97,
0x8DF85D98,
0x8DF95D9A,
0x8DFA5D9B,
0x8DFB5D9C,
0x8DFC5D9E,
0x8DFD5D9F,
0x8DFE5DA0,
0x8E405DA1,
0x8E415DA2,
0x8E425DA3,
0x8E435DA4,
0x8E445DA5,
0x8E455DA6,
0x8E465DA7,
0x8E475DA8,
0x8E485DA9,
0x8E495DAA,
0x8E4A5DAB,
0x8E4B5DAC,
0x8E4C5DAD,
0x8E4D5DAE,
0x8E4E5DAF,
0x8E4F5DB0,
0x8E505DB1,
0x8E515DB2,
0x8E525DB3,
0x8E535DB4,
0x8E545DB5,
0x8E555DB6,
0x8E565DB8,
0x8E575DB9,
0x8E585DBA,
0x8E595DBB,
0x8E5A5DBC,
0x8E5B5DBD,
0x8E5C5DBE,
0x8E5D5DBF,
0x8E5E5DC0,
0x8E5F5DC1,
0x8E605DC2,
0x8E615DC3,
0x8E625DC4,
0x8E635DC6,
0x8E645DC7,
0x8E655DC8,
0x8E665DC9,
0x8E675DCA,
0x8E685DCB,
0x8E695DCC,
0x8E6A5DCE,
0x8E6B5DCF,
0x8E6C5DD0,
0x8E6D5DD1,
0x8E6E5DD2,
0x8E6F5DD3,
0x8E705DD4,
0x8E715DD5,
0x8E725DD6,
0x8E735DD7,
0x8E745DD8,
0x8E755DD9,
0x8E765DDA,
0x8E775DDC,
0x8E785DDF,
0x8E795DE0,
0x8E7A5DE3,
0x8E7B5DE4,
0x8E7C5DEA,
0x8E7D5DEC,
0x8E7E5DED,
0x8E805DF0,
0x8E815DF5,
0x8E825DF6,
0x8E835DF8,
0x8E845DF9,
0x8E855DFA,
0x8E865DFB,
0x8E875DFC,
0x8E885DFF,
0x8E895E00,
0x8E8A5E04,
0x8E8B5E07,
0x8E8C5E09,
0x8E8D5E0A,
0x8E8E5E0B,
0x8E8F5E0D,
0x8E905E0E,
0x8E915E12,
0x8E925E13,
0x8E935E17,
0x8E945E1E,
0x8E955E1F,
0x8E965E20,
0x8E975E21,
0x8E985E22,
0x8E995E23,
0x8E9A5E24,
0x8E9B5E25,
0x8E9C5E28,
0x8E9D5E29,
0x8E9E5E2A,
0x8E9F5E2B,
0x8EA05E2C,
0x8EA15E2F,
0x8EA25E30,
0x8EA35E32,
0x8EA45E33,
0x8EA55E34,
0x8EA65E35,
0x8EA75E36,
0x8EA85E39,
0x8EA95E3A,
0x8EAA5E3E,
0x8EAB5E3F,
0x8EAC5E40,
0x8EAD5E41,
0x8EAE5E43,
0x8EAF5E46,
0x8EB05E47,
0x8EB15E48,
0x8EB25E49,
0x8EB35E4A,
0x8EB45E4B,
0x8EB55E4D,
0x8EB65E4E,
0x8EB75E4F,
0x8EB85E50,
0x8EB95E51,
0x8EBA5E52,
0x8EBB5E53,
0x8EBC5E56,
0x8EBD5E57,
0x8EBE5E58,
0x8EBF5E59,
0x8EC05E5A,
0x8EC15E5C,
0x8EC25E5D,
0x8EC35E5F,
0x8EC45E60,
0x8EC55E63,
0x8EC65E64,
0x8EC75E65,
0x8EC85E66,
0x8EC95E67,
0x8ECA5E68,
0x8ECB5E69,
0x8ECC5E6A,
0x8ECD5E6B,
0x8ECE5E6C,
0x8ECF5E6D,
0x8ED05E6E,
0x8ED15E6F,
0x8ED25E70,
0x8ED35E71,
0x8ED45E75,
0x8ED55E77,
0x8ED65E79,
0x8ED75E7E,
0x8ED85E81,
0x8ED95E82,
0x8EDA5E83,
0x8EDB5E85,
0x8EDC5E88,
0x8EDD5E89,
0x8EDE5E8C,
0x8EDF5E8D,
0x8EE05E8E,
0x8EE15E92,
0x8EE25E98,
0x8EE35E9B,
0x8EE45E9D,
0x8EE55EA1,
0x8EE65EA2,
0x8EE75EA3,
0x8EE85EA4,
0x8EE95EA8,
0x8EEA5EA9,
0x8EEB5EAA,
0x8EEC5EAB,
0x8EED5EAC,
0x8EEE5EAE,
0x8EEF5EAF,
0x8EF05EB0,
0x8EF15EB1,
0x8EF25EB2,
0x8EF35EB4,
0x8EF45EBA,
0x8EF55EBB,
0x8EF65EBC,
0x8EF75EBD,
0x8EF85EBF,
0x8EF95EC0,
0x8EFA5EC1,
0x8EFB5EC2,
0x8EFC5EC3,
0x8EFD5EC4,
0x8EFE5EC5,
0x8F405EC6,
0x8F415EC7,
0x8F425EC8,
0x8F435ECB,
0x8F445ECC,
0x8F455ECD,
0x8F465ECE,
0x8F475ECF,
0x8F485ED0,
0x8F495ED4,
0x8F4A5ED5,
0x8F4B5ED7,
0x8F4C5ED8,
0x8F4D5ED9,
0x8F4E5EDA,
0x8F4F5EDC,
0x8F505EDD,
0x8F515EDE,
0x8F525EDF,
0x8F535EE0,
0x8F545EE1,
0x8F555EE2,
0x8F565EE3,
0x8F575EE4,
0x8F585EE5,
0x8F595EE6,
0x8F5A5EE7,
0x8F5B5EE9,
0x8F5C5EEB,
0x8F5D5EEC,
0x8F5E5EED,
0x8F5F5EEE,
0x8F605EEF,
0x8F615EF0,
0x8F625EF1,
0x8F635EF2,
0x8F645EF3,
0x8F655EF5,
0x8F665EF8,
0x8F675EF9,
0x8F685EFB,
0x8F695EFC,
0x8F6A5EFD,
0x8F6B5F05,
0x8F6C5F06,
0x8F6D5F07,
0x8F6E5F09,
0x8F6F5F0C,
0x8F705F0D,
0x8F715F0E,
0x8F725F10,
0x8F735F12,
0x8F745F14,
0x8F755F16,
0x8F765F19,
0x8F775F1A,
0x8F785F1C,
0x8F795F1D,
0x8F7A5F1E,
0x8F7B5F21,
0x8F7C5F22,
0x8F7D5F23,
0x8F7E5F24,
0x8F805F28,
0x8F815F2B,
0x8F825F2C,
0x8F835F2E,
0x8F845F30,
0x8F855F32,
0x8F865F33,
0x8F875F34,
0x8F885F35,
0x8F895F36,
0x8F8A5F37,
0x8F8B5F38,
0x8F8C5F3B,
0x8F8D5F3D,
0x8F8E5F3E,
0x8F8F5F3F,
0x8F905F41,
0x8F915F42,
0x8F925F43,
0x8F935F44,
0x8F945F45,
0x8F955F46,
0x8F965F47,
0x8F975F48,
0x8F985F49,
0x8F995F4A,
0x8F9A5F4B,
0x8F9B5F4C,
0x8F9C5F4D,
0x8F9D5F4E,
0x8F9E5F4F,
0x8F9F5F51,
0x8FA05F54,
0x8FA15F59,
0x8FA25F5A,
0x8FA35F5B,
0x8FA45F5C,
0x8FA55F5E,
0x8FA65F5F,
0x8FA75F60,
0x8FA85F63,
0x8FA95F65,
0x8FAA5F67,
0x8FAB5F68,
0x8FAC5F6B,
0x8FAD5F6E,
0x8FAE5F6F,
0x8FAF5F72,
0x8FB05F74,
0x8FB15F75,
0x8FB25F76,
0x8FB35F78,
0x8FB45F7A,
0x8FB55F7D,
0x8FB65F7E,
0x8FB75F7F,
0x8FB85F83,
0x8FB95F86,
0x8FBA5F8D,
0x8FBB5F8E,
0x8FBC5F8F,
0x8FBD5F91,
0x8FBE5F93,
0x8FBF5F94,
0x8FC05F96,
0x8FC15F9A,
0x8FC25F9B,
0x8FC35F9D,
0x8FC45F9E,
0x8FC55F9F,
0x8FC65FA0,
0x8FC75FA2,
0x8FC85FA3,
0x8FC95FA4,
0x8FCA5FA5,
0x8FCB5FA6,
0x8FCC5FA7,
0x8FCD5FA9,
0x8FCE5FAB,
0x8FCF5FAC,
0x8FD05FAF,
0x8FD15FB0,
0x8FD25FB1,
0x8FD35FB2,
0x8FD45FB3,
0x8FD55FB4,
0x8FD65FB6,
0x8FD75FB8,
0x8FD85FB9,
0x8FD95FBA,
0x8FDA5FBB,
0x8FDB5FBE,
0x8FDC5FBF,
0x8FDD5FC0,
0x8FDE5FC1,
0x8FDF5FC2,
0x8FE05FC7,
0x8FE15FC8,
0x8FE25FCA,
0x8FE35FCB,
0x8FE45FCE,
0x8FE55FD3,
0x8FE65FD4,
0x8FE75FD5,
0x8FE85FDA,
0x8FE95FDB,
0x8FEA5FDC,
0x8FEB5FDE,
0x8FEC5FDF,
0x8FED5FE2,
0x8FEE5FE3,
0x8FEF5FE5,
0x8FF05FE6,
0x8FF15FE8,
0x8FF25FE9,
0x8FF35FEC,
0x8FF45FEF,
0x8FF55FF0,
0x8FF65FF2,
0x8FF75FF3,
0x8FF85FF4,
0x8FF95FF6,
0x8FFA5FF7,
0x8FFB5FF9,
0x8FFC5FFA,
0x8FFD5FFC,
0x8FFE6007,
0x90406008,
0x90416009,
0x9042600B,
0x9043600C,
0x90446010,
0x90456011,
0x90466013,
0x90476017,
0x90486018,
0x9049601A,
0x904A601E,
0x904B601F,
0x904C6022,
0x904D6023,
0x904E6024,
0x904F602C,
0x9050602D,
0x9051602E,
0x90526030,
0x90536031,
0x90546032,
0x90556033,
0x90566034,
0x90576036,
0x90586037,
0x90596038,
0x905A6039,
0x905B603A,
0x905C603D,
0x905D603E,
0x905E6040,
0x905F6044,
0x90606045,
0x90616046,
0x90626047,
0x90636048,
0x90646049,
0x9065604A,
0x9066604C,
0x9067604E,
0x9068604F,
0x90696051,
0x906A6053,
0x906B6054,
0x906C6056,
0x906D6057,
0x906E6058,
0x906F605B,
0x9070605C,
0x9071605E,
0x9072605F,
0x90736060,
0x90746061,
0x90756065,
0x90766066,
0x9077606E,
0x90786071,
0x90796072,
0x907A6074,
0x907B6075,
0x907C6077,
0x907D607E,
0x907E6080,
0x90806081,
0x90816082,
0x90826085,
0x90836086,
0x90846087,
0x90856088,
0x9086608A,
0x9087608B,
0x9088608E,
0x9089608F,
0x908A6090,
0x908B6091,
0x908C6093,
0x908D6095,
0x908E6097,
0x908F6098,
0x90906099,
0x9091609C,
0x9092609E,
0x909360A1,
0x909460A2,
0x909560A4,
0x909660A5,
0x909760A7,
0x909860A9,
0x909960AA,
0x909A60AE,
0x909B60B0,
0x909C60B3,
0x909D60B5,
0x909E60B6,
0x909F60B7,
0x90A060B9,
0x90A160BA,
0x90A260BD,
0x90A360BE,
0x90A460BF,
0x90A560C0,
0x90A660C1,
0x90A760C2,
0x90A860C3,
0x90A960C4,
0x90AA60C7,
0x90AB60C8,
0x90AC60C9,
0x90AD60CC,
0x90AE60CD,
0x90AF60CE,
0x90B060CF,
0x90B160D0,
0x90B260D2,
0x90B360D3,
0x90B460D4,
0x90B560D6,
0x90B660D7,
0x90B760D9,
0x90B860DB,
0x90B960DE,
0x90BA60E1,
0x90BB60E2,
0x90BC60E3,
0x90BD60E4,
0x90BE60E5,
0x90BF60EA,
0x90C060F1,
0x90C160F2,
0x90C260F5,
0x90C360F7,
0x90C460F8,
0x90C560FB,
0x90C660FC,
0x90C760FD,
0x90C860FE,
0x90C960FF,
0x90CA6102,
0x90CB6103,
0x90CC6104,
0x90CD6105,
0x90CE6107,
0x90CF610A,
0x90D0610B,
0x90D1610C,
0x90D26110,
0x90D36111,
0x90D46112,
0x90D56113,
0x90D66114,
0x90D76116,
0x90D86117,
0x90D96118,
0x90DA6119,
0x90DB611B,
0x90DC611C,
0x90DD611D,
0x90DE611E,
0x90DF6121,
0x90E06122,
0x90E16125,
0x90E26128,
0x90E36129,
0x90E4612A,
0x90E5612C,
0x90E6612D,
0x90E7612E,
0x90E8612F,
0x90E96130,
0x90EA6131,
0x90EB6132,
0x90EC6133,
0x90ED6134,
0x90EE6135,
0x90EF6136,
0x90F06137,
0x90F16138,
0x90F26139,
0x90F3613A,
0x90F4613B,
0x90F5613C,
0x90F6613D,
0x90F7613E,
0x90F86140,
0x90F96141,
0x90FA6142,
0x90FB6143,
0x90FC6144,
0x90FD6145,
0x90FE6146,
0x91406147,
0x91416149,
0x9142614B,
0x9143614D,
0x9144614F,
0x91456150,
0x91466152,
0x91476153,
0x91486154,
0x91496156,
0x914A6157,
0x914B6158,
0x914C6159,
0x914D615A,
0x914E615B,
0x914F615C,
0x9150615E,
0x9151615F,
0x91526160,
0x91536161,
0x91546163,
0x91556164,
0x91566165,
0x91576166,
0x91586169,
0x9159616A,
0x915A616B,
0x915B616C,
0x915C616D,
0x915D616E,
0x915E616F,
0x915F6171,
0x91606172,
0x91616173,
0x91626174,
0x91636176,
0x91646178,
0x91656179,
0x9166617A,
0x9167617B,
0x9168617C,
0x9169617D,
0x916A617E,
0x916B617F,
0x916C6180,
0x916D6181,
0x916E6182,
0x916F6183,
0x91706184,
0x91716185,
0x91726186,
0x91736187,
0x91746188,
0x91756189,
0x9176618A,
0x9177618C,
0x9178618D,
0x9179618F,
0x917A6190,
0x917B6191,
0x917C6192,
0x917D6193,
0x917E6195,
0x91806196,
0x91816197,
0x91826198,
0x91836199,
0x9184619A,
0x9185619B,
0x9186619C,
0x9187619E,
0x9188619F,
0x918961A0,
0x918A61A1,
0x918B61A2,
0x918C61A3,
0x918D61A4,
0x918E61A5,
0x918F61A6,
0x919061AA,
0x919161AB,
0x919261AD,
0x919361AE,
0x919461AF,
0x919561B0,
0x919661B1,
0x919761B2,
0x919861B3,
0x919961B4,
0x919A61B5,
0x919B61B6,
0x919C61B8,
0x919D61B9,
0x919E61BA,
0x919F61BB,
0x91A061BC,
0x91A161BD,
0x91A261BF,
0x91A361C0,
0x91A461C1,
0x91A561C3,
0x91A661C4,
0x91A761C5,
0x91A861C6,
0x91A961C7,
0x91AA61C9,
0x91AB61CC,
0x91AC61CD,
0x91AD61CE,
0x91AE61CF,
0x91AF61D0,
0x91B061D3,
0x91B161D5,
0x91B261D6,
0x91B361D7,
0x91B461D8,
0x91B561D9,
0x91B661DA,
0x91B761DB,
0x91B861DC,
0x91B961DD,
0x91BA61DE,
0x91BB61DF,
0x91BC61E0,
0x91BD61E1,
0x91BE61E2,
0x91BF61E3,
0x91C061E4,
0x91C161E5,
0x91C261E7,
0x91C361E8,
0x91C461E9,
0x91C561EA,
0x91C661EB,
0x91C761EC,
0x91C861ED,
0x91C961EE,
0x91CA61EF,
0x91CB61F0,
0x91CC61F1,
0x91CD61F2,
0x91CE61F3,
0x91CF61F4,
0x91D061F6,
0x91D161F7,
0x91D261F8,
0x91D361F9,
0x91D461FA,
0x91D561FB,
0x91D661FC,
0x91D761FD,
0x91D861FE,
0x91D96200,
0x91DA6201,
0x91DB6202,
0x91DC6203,
0x91DD6204,
0x91DE6205,
0x91DF6207,
0x91E06209,
0x91E16213,
0x91E26214,
0x91E36219,
0x91E4621C,
0x91E5621D,
0x91E6621E,
0x91E76220,
0x91E86223,
0x91E96226,
0x91EA6227,
0x91EB6228,
0x91EC6229,
0x91ED622B,
0x91EE622D,
0x91EF622F,
0x91F06230,
0x91F16231,
0x91F26232,
0x91F36235,
0x91F46236,
0x91F56238,
0x91F66239,
0x91F7623A,
0x91F8623B,
0x91F9623C,
0x91FA6242,
0x91FB6244,
0x91FC6245,
0x91FD6246,
0x91FE624A,
0x9240624F,
0x92416250,
0x92426255,
0x92436256,
0x92446257,
0x92456259,
0x9246625A,
0x9247625C,
0x9248625D,
0x9249625E,
0x924A625F,
0x924B6260,
0x924C6261,
0x924D6262,
0x924E6264,
0x924F6265,
0x92506268,
0x92516271,
0x92526272,
0x92536274,
0x92546275,
0x92556277,
0x92566278,
0x9257627A,
0x9258627B,
0x9259627D,
0x925A6281,
0x925B6282,
0x925C6283,
0x925D6285,
0x925E6286,
0x925F6287,
0x92606288,
0x9261628B,
0x9262628C,
0x9263628D,
0x9264628E,
0x9265628F,
0x92666290,
0x92676294,
0x92686299,
0x9269629C,
0x926A629D,
0x926B629E,
0x926C62A3,
0x926D62A6,
0x926E62A7,
0x926F62A9,
0x927062AA,
0x927162AD,
0x927262AE,
0x927362AF,
0x927462B0,
0x927562B2,
0x927662B3,
0x927762B4,
0x927862B6,
0x927962B7,
0x927A62B8,
0x927B62BA,
0x927C62BE,
0x927D62C0,
0x927E62C1,
0x928062C3,
0x928162CB,
0x928262CF,
0x928362D1,
0x928462D5,
0x928562DD,
0x928662DE,
0x928762E0,
0x928862E1,
0x928962E4,
0x928A62EA,
0x928B62EB,
0x928C62F0,
0x928D62F2,
0x928E62F5,
0x928F62F8,
0x929062F9,
0x929162FA,
0x929262FB,
0x92936300,
0x92946303,
0x92956304,
0x92966305,
0x92976306,
0x9298630A,
0x9299630B,
0x929A630C,
0x929B630D,
0x929C630F,
0x929D6310,
0x929E6312,
0x929F6313,
0x92A06314,
0x92A16315,
0x92A26317,
0x92A36318,
0x92A46319,
0x92A5631C,
0x92A66326,
0x92A76327,
0x92A86329,
0x92A9632C,
0x92AA632D,
0x92AB632E,
0x92AC6330,
0x92AD6331,
0x92AE6333,
0x92AF6334,
0x92B06335,
0x92B16336,
0x92B26337,
0x92B36338,
0x92B4633B,
0x92B5633C,
0x92B6633E,
0x92B7633F,
0x92B86340,
0x92B96341,
0x92BA6344,
0x92BB6347,
0x92BC6348,
0x92BD634A,
0x92BE6351,
0x92BF6352,
0x92C06353,
0x92C16354,
0x92C26356,
0x92C36357,
0x92C46358,
0x92C56359,
0x92C6635A,
0x92C7635B,
0x92C8635C,
0x92C9635D,
0x92CA6360,
0x92CB6364,
0x92CC6365,
0x92CD6366,
0x92CE6368,
0x92CF636A,
0x92D0636B,
0x92D1636C,
0x92D2636F,
0x92D36370,
0x92D46372,
0x92D56373,
0x92D66374,
0x92D76375,
0x92D86378,
0x92D96379,
0x92DA637C,
0x92DB637D,
0x92DC637E,
0x92DD637F,
0x92DE6381,
0x92DF6383,
0x92E06384,
0x92E16385,
0x92E26386,
0x92E3638B,
0x92E4638D,
0x92E56391,
0x92E66393,
0x92E76394,
0x92E86395,
0x92E96397,
0x92EA6399,
0x92EB639A,
0x92EC639B,
0x92ED639C,
0x92EE639D,
0x92EF639E,
0x92F0639F,
0x92F163A1,
0x92F263A4,
0x92F363A6,
0x92F463AB,
0x92F563AF,
0x92F663B1,
0x92F763B2,
0x92F863B5,
0x92F963B6,
0x92FA63B9,
0x92FB63BB,
0x92FC63BD,
0x92FD63BF,
0x92FE63C0,
0x934063C1,
0x934163C2,
0x934263C3,
0x934363C5,
0x934463C7,
0x934563C8,
0x934663CA,
0x934763CB,
0x934863CC,
0x934963D1,
0x934A63D3,
0x934B63D4,
0x934C63D5,
0x934D63D7,
0x934E63D8,
0x934F63D9,
0x935063DA,
0x935163DB,
0x935263DC,
0x935363DD,
0x935463DF,
0x935563E2,
0x935663E4,
0x935763E5,
0x935863E6,
0x935963E7,
0x935A63E8,
0x935B63EB,
0x935C63EC,
0x935D63EE,
0x935E63EF,
0x935F63F0,
0x936063F1,
0x936163F3,
0x936263F5,
0x936363F7,
0x936463F9,
0x936563FA,
0x936663FB,
0x936763FC,
0x936863FE,
0x93696403,
0x936A6404,
0x936B6406,
0x936C6407,
0x936D6408,
0x936E6409,
0x936F640A,
0x9370640D,
0x9371640E,
0x93726411,
0x93736412,
0x93746415,
0x93756416,
0x93766417,
0x93776418,
0x93786419,
0x9379641A,
0x937A641D,
0x937B641F,
0x937C6422,
0x937D6423,
0x937E6424,
0x93806425,
0x93816427,
0x93826428,
0x93836429,
0x9384642B,
0x9385642E,
0x9386642F,
0x93876430,
0x93886431,
0x93896432,
0x938A6433,
0x938B6435,
0x938C6436,
0x938D6437,
0x938E6438,
0x938F6439,
0x9390643B,
0x9391643C,
0x9392643E,
0x93936440,
0x93946442,
0x93956443,
0x93966449,
0x9397644B,
0x9398644C,
0x9399644D,
0x939A644E,
0x939B644F,
0x939C6450,
0x939D6451,
0x939E6453,
0x939F6455,
0x93A06456,
0x93A16457,
0x93A26459,
0x93A3645A,
0x93A4645B,
0x93A5645C,
0x93A6645D,
0x93A7645F,
0x93A86460,
0x93A96461,
0x93AA6462,
0x93AB6463,
0x93AC6464,
0x93AD6465,
0x93AE6466,
0x93AF6468,
0x93B0646A,
0x93B1646B,
0x93B2646C,
0x93B3646E,
0x93B4646F,
0x93B56470,
0x93B66471,
0x93B76472,
0x93B86473,
0x93B96474,
0x93BA6475,
0x93BB6476,
0x93BC6477,
0x93BD647B,
0x93BE647C,
0x93BF647D,
0x93C0647E,
0x93C1647F,
0x93C26480,
0x93C36481,
0x93C46483,
0x93C56486,
0x93C66488,
0x93C76489,
0x93C8648A,
0x93C9648B,
0x93CA648C,
0x93CB648D,
0x93CC648E,
0x93CD648F,
0x93CE6490,
0x93CF6493,
0x93D06494,
0x93D16497,
0x93D26498,
0x93D3649A,
0x93D4649B,
0x93D5649C,
0x93D6649D,
0x93D7649F,
0x93D864A0,
0x93D964A1,
0x93DA64A2,
0x93DB64A3,
0x93DC64A5,
0x93DD64A6,
0x93DE64A7,
0x93DF64A8,
0x93E064AA,
0x93E164AB,
0x93E264AF,
0x93E364B1,
0x93E464B2,
0x93E564B3,
0x93E664B4,
0x93E764B6,
0x93E864B9,
0x93E964BB,
0x93EA64BD,
0x93EB64BE,
0x93EC64BF,
0x93ED64C1,
0x93EE64C3,
0x93EF64C4,
0x93F064C6,
0x93F164C7,
0x93F264C8,
0x93F364C9,
0x93F464CA,
0x93F564CB,
0x93F664CC,
0x93F764CF,
0x93F864D1,
0x93F964D3,
0x93FA64D4,
0x93FB64D5,
0x93FC64D6,
0x93FD64D9,
0x93FE64DA,
0x944064DB,
0x944164DC,
0x944264DD,
0x944364DF,
0x944464E0,
0x944564E1,
0x944664E3,
0x944764E5,
0x944864E7,
0x944964E8,
0x944A64E9,
0x944B64EA,
0x944C64EB,
0x944D64EC,
0x944E64ED,
0x944F64EE,
0x945064EF,
0x945164F0,
0x945264F1,
0x945364F2,
0x945464F3,
0x945564F4,
0x945664F5,
0x945764F6,
0x945864F7,
0x945964F8,
0x945A64F9,
0x945B64FA,
0x945C64FB,
0x945D64FC,
0x945E64FD,
0x945F64FE,
0x946064FF,
0x94616501,
0x94626502,
0x94636503,
0x94646504,
0x94656505,
0x94666506,
0x94676507,
0x94686508,
0x9469650A,
0x946A650B,
0x946B650C,
0x946C650D,
0x946D650E,
0x946E650F,
0x946F6510,
0x94706511,
0x94716513,
0x94726514,
0x94736515,
0x94746516,
0x94756517,
0x94766519,
0x9477651A,
0x9478651B,
0x9479651C,
0x947A651D,
0x947B651E,
0x947C651F,
0x947D6520,
0x947E6521,
0x94806522,
0x94816523,
0x94826524,
0x94836526,
0x94846527,
0x94856528,
0x94866529,
0x9487652A,
0x9488652C,
0x9489652D,
0x948A6530,
0x948B6531,
0x948C6532,
0x948D6533,
0x948E6537,
0x948F653A,
0x9490653C,
0x9491653D,
0x94926540,
0x94936541,
0x94946542,
0x94956543,
0x94966544,
0x94976546,
0x94986547,
0x9499654A,
0x949A654B,
0x949B654D,
0x949C654E,
0x949D6550,
0x949E6552,
0x949F6553,
0x94A06554,
0x94A16557,
0x94A26558,
0x94A3655A,
0x94A4655C,
0x94A5655F,
0x94A66560,
0x94A76561,
0x94A86564,
0x94A96565,
0x94AA6567,
0x94AB6568,
0x94AC6569,
0x94AD656A,
0x94AE656D,
0x94AF656E,
0x94B0656F,
0x94B16571,
0x94B26573,
0x94B36575,
0x94B46576,
0x94B56578,
0x94B66579,
0x94B7657A,
0x94B8657B,
0x94B9657C,
0x94BA657D,
0x94BB657E,
0x94BC657F,
0x94BD6580,
0x94BE6581,
0x94BF6582,
0x94C06583,
0x94C16584,
0x94C26585,
0x94C36586,
0x94C46588,
0x94C56589,
0x94C6658A,
0x94C7658D,
0x94C8658E,
0x94C9658F,
0x94CA6592,
0x94CB6594,
0x94CC6595,
0x94CD6596,
0x94CE6598,
0x94CF659A,
0x94D0659D,
0x94D1659E,
0x94D265A0,
0x94D365A2,
0x94D465A3,
0x94D565A6,
0x94D665A8,
0x94D765AA,
0x94D865AC,
0x94D965AE,
0x94DA65B1,
0x94DB65B2,
0x94DC65B3,
0x94DD65B4,
0x94DE65B5,
0x94DF65B6,
0x94E065B7,
0x94E165B8,
0x94E265BA,
0x94E365BB,
0x94E465BE,
0x94E565BF,
0x94E665C0,
0x94E765C2,
0x94E865C7,
0x94E965C8,
0x94EA65C9,
0x94EB65CA,
0x94EC65CD,
0x94ED65D0,
0x94EE65D1,
0x94EF65D3,
0x94F065D4,
0x94F165D5,
0x94F265D8,
0x94F365D9,
0x94F465DA,
0x94F565DB,
0x94F665DC,
0x94F765DD,
0x94F865DE,
0x94F965DF,
0x94FA65E1,
0x94FB65E3,
0x94FC65E4,
0x94FD65EA,
0x94FE65EB,
0x954065F2,
0x954165F3,
0x954265F4,
0x954365F5,
0x954465F8,
0x954565F9,
0x954665FB,
0x954765FC,
0x954865FD,
0x954965FE,
0x954A65FF,
0x954B6601,
0x954C6604,
0x954D6605,
0x954E6607,
0x954F6608,
0x95506609,
0x9551660B,
0x9552660D,
0x95536610,
0x95546611,
0x95556612,
0x95566616,
0x95576617,
0x95586618,
0x9559661A,
0x955A661B,
0x955B661C,
0x955C661E,
0x955D6621,
0x955E6622,
0x955F6623,
0x95606624,
0x95616626,
0x95626629,
0x9563662A,
0x9564662B,
0x9565662C,
0x9566662E,
0x95676630,
0x95686632,
0x95696633,
0x956A6637,
0x956B6638,
0x956C6639,
0x956D663A,
0x956E663B,
0x956F663D,
0x9570663F,
0x95716640,
0x95726642,
0x95736644,
0x95746645,
0x95756646,
0x95766647,
0x95776648,
0x95786649,
0x9579664A,
0x957A664D,
0x957B664E,
0x957C6650,
0x957D6651,
0x957E6658,
0x95806659,
0x9581665B,
0x9582665C,
0x9583665D,
0x9584665E,
0x95856660,
0x95866662,
0x95876663,
0x95886665,
0x95896667,
0x958A6669,
0x958B666A,
0x958C666B,
0x958D666C,
0x958E666D,
0x958F6671,
0x95906672,
0x95916673,
0x95926675,
0x95936678,
0x95946679,
0x9595667B,
0x9596667C,
0x9597667D,
0x9598667F,
0x95996680,
0x959A6681,
0x959B6683,
0x959C6685,
0x959D6686,
0x959E6688,
0x959F6689,
0x95A0668A,
0x95A1668B,
0x95A2668D,
0x95A3668E,
0x95A4668F,
0x95A56690,
0x95A66692,
0x95A76693,
0x95A86694,
0x95A96695,
0x95AA6698,
0x95AB6699,
0x95AC669A,
0x95AD669B,
0x95AE669C,
0x95AF669E,
0x95B0669F,
0x95B166A0,
0x95B266A1,
0x95B366A2,
0x95B466A3,
0x95B566A4,
0x95B666A5,
0x95B766A6,
0x95B866A9,
0x95B966AA,
0x95BA66AB,
0x95BB66AC,
0x95BC66AD,
0x95BD66AF,
0x95BE66B0,
0x95BF66B1,
0x95C066B2,
0x95C166B3,
0x95C266B5,
0x95C366B6,
0x95C466B7,
0x95C566B8,
0x95C666BA,
0x95C766BB,
0x95C866BC,
0x95C966BD,
0x95CA66BF,
0x95CB66C0,
0x95CC66C1,
0x95CD66C2,
0x95CE66C3,
0x95CF66C4,
0x95D066C5,
0x95D166C6,
0x95D266C7,
0x95D366C8,
0x95D466C9,
0x95D566CA,
0x95D666CB,
0x95D766CC,
0x95D866CD,
0x95D966CE,
0x95DA66CF,
0x95DB66D0,
0x95DC66D1,
0x95DD66D2,
0x95DE66D3,
0x95DF66D4,
0x95E066D5,
0x95E166D6,
0x95E266D7,
0x95E366D8,
0x95E466DA,
0x95E566DE,
0x95E666DF,
0x95E766E0,
0x95E866E1,
0x95E966E2,
0x95EA66E3,
0x95EB66E4,
0x95EC66E5,
0x95ED66E7,
0x95EE66E8,
0x95EF66EA,
0x95F066EB,
0x95F166EC,
0x95F266ED,
0x95F366EE,
0x95F466EF,
0x95F566F1,
0x95F666F5,
0x95F766F6,
0x95F866F8,
0x95F966FA,
0x95FA66FB,
0x95FB66FD,
0x95FC6701,
0x95FD6702,
0x95FE6703,
0x96406704,
0x96416705,
0x96426706,
0x96436707,
0x9644670C,
0x9645670E,
0x9646670F,
0x96476711,
0x96486712,
0x96496713,
0x964A6716,
0x964B6718,
0x964C6719,
0x964D671A,
0x964E671C,
0x964F671E,
0x96506720,
0x96516721,
0x96526722,
0x96536723,
0x96546724,
0x96556725,
0x96566727,
0x96576729,
0x9658672E,
0x96596730,
0x965A6732,
0x965B6733,
0x965C6736,
0x965D6737,
0x965E6738,
0x965F6739,
0x9660673B,
0x9661673C,
0x9662673E,
0x9663673F,
0x96646741,
0x96656744,
0x96666745,
0x96676747,
0x9668674A,
0x9669674B,
0x966A674D,
0x966B6752,
0x966C6754,
0x966D6755,
0x966E6757,
0x966F6758,
0x96706759,
0x9671675A,
0x9672675B,
0x9673675D,
0x96746762,
0x96756763,
0x96766764,
0x96776766,
0x96786767,
0x9679676B,
0x967A676C,
0x967B676E,
0x967C6771,
0x967D6774,
0x967E6776,
0x96806778,
0x96816779,
0x9682677A,
0x9683677B,
0x9684677D,
0x96856780,
0x96866782,
0x96876783,
0x96886785,
0x96896786,
0x968A6788,
0x968B678A,
0x968C678C,
0x968D678D,
0x968E678E,
0x968F678F,
0x96906791,
0x96916792,
0x96926793,
0x96936794,
0x96946796,
0x96956799,
0x9696679B,
0x9697679F,
0x969867A0,
0x969967A1,
0x969A67A4,
0x969B67A6,
0x969C67A9,
0x969D67AC,
0x969E67AE,
0x969F67B1,
0x96A067B2,
0x96A167B4,
0x96A267B9,
0x96A367BA,
0x96A467BB,
0x96A567BC,
0x96A667BD,
0x96A767BE,
0x96A867BF,
0x96A967C0,
0x96AA67C2,
0x96AB67C5,
0x96AC67C6,
0x96AD67C7,
0x96AE67C8,
0x96AF67C9,
0x96B067CA,
0x96B167CB,
0x96B267CC,
0x96B367CD,
0x96B467CE,
0x96B567D5,
0x96B667D6,
0x96B767D7,
0x96B867DB,
0x96B967DF,
0x96BA67E1,
0x96BB67E3,
0x96BC67E4,
0x96BD67E6,
0x96BE67E7,
0x96BF67E8,
0x96C067EA,
0x96C167EB,
0x96C267ED,
0x96C367EE,
0x96C467F2,
0x96C567F5,
0x96C667F6,
0x96C767F7,
0x96C867F8,
0x96C967F9,
0x96CA67FA,
0x96CB67FB,
0x96CC67FC,
0x96CD67FE,
0x96CE6801,
0x96CF6802,
0x96D06803,
0x96D16804,
0x96D26806,
0x96D3680D,
0x96D46810,
0x96D56812,
0x96D66814,
0x96D76815,
0x96D86818,
0x96D96819,
0x96DA681A,
0x96DB681B,
0x96DC681C,
0x96DD681E,
0x96DE681F,
0x96DF6820,
0x96E06822,
0x96E16823,
0x96E26824,
0x96E36825,
0x96E46826,
0x96E56827,
0x96E66828,
0x96E7682B,
0x96E8682C,
0x96E9682D,
0x96EA682E,
0x96EB682F,
0x96EC6830,
0x96ED6831,
0x96EE6834,
0x96EF6835,
0x96F06836,
0x96F1683A,
0x96F2683B,
0x96F3683F,
0x96F46847,
0x96F5684B,
0x96F6684D,
0x96F7684F,
0x96F86852,
0x96F96856,
0x96FA6857,
0x96FB6858,
0x96FC6859,
0x96FD685A,
0x96FE685B,
0x9740685C,
0x9741685D,
0x9742685E,
0x9743685F,
0x9744686A,
0x9745686C,
0x9746686D,
0x9747686E,
0x9748686F,
0x97496870,
0x974A6871,
0x974B6872,
0x974C6873,
0x974D6875,
0x974E6878,
0x974F6879,
0x9750687A,
0x9751687B,
0x9752687C,
0x9753687D,
0x9754687E,
0x9755687F,
0x97566880,
0x97576882,
0x97586884,
0x97596887,
0x975A6888,
0x975B6889,
0x975C688A,
0x975D688B,
0x975E688C,
0x975F688D,
0x9760688E,
0x97616890,
0x97626891,
0x97636892,
0x97646894,
0x97656895,
0x97666896,
0x97676898,
0x97686899,
0x9769689A,
0x976A689B,
0x976B689C,
0x976C689D,
0x976D689E,
0x976E689F,
0x976F68A0,
0x977068A1,
0x977168A3,
0x977268A4,
0x977368A5,
0x977468A9,
0x977568AA,
0x977668AB,
0x977768AC,
0x977868AE,
0x977968B1,
0x977A68B2,
0x977B68B4,
0x977C68B6,
0x977D68B7,
0x977E68B8,
0x978068B9,
0x978168BA,
0x978268BB,
0x978368BC,
0x978468BD,
0x978568BE,
0x978668BF,
0x978768C1,
0x978868C3,
0x978968C4,
0x978A68C5,
0x978B68C6,
0x978C68C7,
0x978D68C8,
0x978E68CA,
0x978F68CC,
0x979068CE,
0x979168CF,
0x979268D0,
0x979368D1,
0x979468D3,
0x979568D4,
0x979668D6,
0x979768D7,
0x979868D9,
0x979968DB,
0x979A68DC,
0x979B68DD,
0x979C68DE,
0x979D68DF,
0x979E68E1,
0x979F68E2,
0x97A068E4,
0x97A168E5,
0x97A268E6,
0x97A368E7,
0x97A468E8,
0x97A568E9,
0x97A668EA,
0x97A768EB,
0x97A868EC,
0x97A968ED,
0x97AA68EF,
0x97AB68F2,
0x97AC68F3,
0x97AD68F4,
0x97AE68F6,
0x97AF68F7,
0x97B068F8,
0x97B168FB,
0x97B268FD,
0x97B368FE,
0x97B468FF,
0x97B56900,
0x97B66902,
0x97B76903,
0x97B86904,
0x97B96906,
0x97BA6907,
0x97BB6908,
0x97BC6909,
0x97BD690A,
0x97BE690C,
0x97BF690F,
0x97C06911,
0x97C16913,
0x97C26914,
0x97C36915,
0x97C46916,
0x97C56917,
0x97C66918,
0x97C76919,
0x97C8691A,
0x97C9691B,
0x97CA691C,
0x97CB691D,
0x97CC691E,
0x97CD6921,
0x97CE6922,
0x97CF6923,
0x97D06925,
0x97D16926,
0x97D26927,
0x97D36928,
0x97D46929,
0x97D5692A,
0x97D6692B,
0x97D7692C,
0x97D8692E,
0x97D9692F,
0x97DA6931,
0x97DB6932,
0x97DC6933,
0x97DD6935,
0x97DE6936,
0x97DF6937,
0x97E06938,
0x97E1693A,
0x97E2693B,
0x97E3693C,
0x97E4693E,
0x97E56940,
0x97E66941,
0x97E76943,
0x97E86944,
0x97E96945,
0x97EA6946,
0x97EB6947,
0x97EC6948,
0x97ED6949,
0x97EE694A,
0x97EF694B,
0x97F0694C,
0x97F1694D,
0x97F2694E,
0x97F3694F,
0x97F46950,
0x97F56951,
0x97F66952,
0x97F76953,
0x97F86955,
0x97F96956,
0x97FA6958,
0x97FB6959,
0x97FC695B,
0x97FD695C,
0x97FE695F,
0x98406961,
0x98416962,
0x98426964,
0x98436965,
0x98446967,
0x98456968,
0x98466969,
0x9847696A,
0x9848696C,
0x9849696D,
0x984A696F,
0x984B6970,
0x984C6972,
0x984D6973,
0x984E6974,
0x984F6975,
0x98506976,
0x9851697A,
0x9852697B,
0x9853697D,
0x9854697E,
0x9855697F,
0x98566981,
0x98576983,
0x98586985,
0x9859698A,
0x985A698B,
0x985B698C,
0x985C698E,
0x985D698F,
0x985E6990,
0x985F6991,
0x98606992,
0x98616993,
0x98626996,
0x98636997,
0x98646999,
0x9865699A,
0x9866699D,
0x9867699E,
0x9868699F,
0x986969A0,
0x986A69A1,
0x986B69A2,
0x986C69A3,
0x986D69A4,
0x986E69A5,
0x986F69A6,
0x987069A9,
0x987169AA,
0x987269AC,
0x987369AE,
0x987469AF,
0x987569B0,
0x987669B2,
0x987769B3,
0x987869B5,
0x987969B6,
0x987A69B8,
0x987B69B9,
0x987C69BA,
0x987D69BC,
0x987E69BD,
0x988069BE,
0x988169BF,
0x988269C0,
0x988369C2,
0x988469C3,
0x988569C4,
0x988669C5,
0x988769C6,
0x988869C7,
0x988969C8,
0x988A69C9,
0x988B69CB,
0x988C69CD,
0x988D69CF,
0x988E69D1,
0x988F69D2,
0x989069D3,
0x989169D5,
0x989269D6,
0x989369D7,
0x989469D8,
0x989569D9,
0x989669DA,
0x989769DC,
0x989869DD,
0x989969DE,
0x989A69E1,
0x989B69E2,
0x989C69E3,
0x989D69E4,
0x989E69E5,
0x989F69E6,
0x98A069E7,
0x98A169E8,
0x98A269E9,
0x98A369EA,
0x98A469EB,
0x98A569EC,
0x98A669EE,
0x98A769EF,
0x98A869F0,
0x98A969F1,
0x98AA69F3,
0x98AB69F4,
0x98AC69F5,
0x98AD69F6,
0x98AE69F7,
0x98AF69F8,
0x98B069F9,
0x98B169FA,
0x98B269FB,
0x98B369FC,
0x98B469FE,
0x98B56A00,
0x98B66A01,
0x98B76A02,
0x98B86A03,
0x98B96A04,
0x98BA6A05,
0x98BB6A06,
0x98BC6A07,
0x98BD6A08,
0x98BE6A09,
0x98BF6A0B,
0x98C06A0C,
0x98C16A0D,
0x98C26A0E,
0x98C36A0F,
0x98C46A10,
0x98C56A11,
0x98C66A12,
0x98C76A13,
0x98C86A14,
0x98C96A15,
0x98CA6A16,
0x98CB6A19,
0x98CC6A1A,
0x98CD6A1B,
0x98CE6A1C,
0x98CF6A1D,
0x98D06A1E,
0x98D16A20,
0x98D26A22,
0x98D36A23,
0x98D46A24,
0x98D56A25,
0x98D66A26,
0x98D76A27,
0x98D86A29,
0x98D96A2B,
0x98DA6A2C,
0x98DB6A2D,
0x98DC6A2E,
0x98DD6A30,
0x98DE6A32,
0x98DF6A33,
0x98E06A34,
0x98E16A36,
0x98E26A37,
0x98E36A38,
0x98E46A39,
0x98E56A3A,
0x98E66A3B,
0x98E76A3C,
0x98E86A3F,
0x98E96A40,
0x98EA6A41,
0x98EB6A42,
0x98EC6A43,
0x98ED6A45,
0x98EE6A46,
0x98EF6A48,
0x98F06A49,
0x98F16A4A,
0x98F26A4B,
0x98F36A4C,
0x98F46A4D,
0x98F56A4E,
0x98F66A4F,
0x98F76A51,
0x98F86A52,
0x98F96A53,
0x98FA6A54,
0x98FB6A55,
0x98FC6A56,
0x98FD6A57,
0x98FE6A5A,
0x99406A5C,
0x99416A5D,
0x99426A5E,
0x99436A5F,
0x99446A60,
0x99456A62,
0x99466A63,
0x99476A64,
0x99486A66,
0x99496A67,
0x994A6A68,
0x994B6A69,
0x994C6A6A,
0x994D6A6B,
0x994E6A6C,
0x994F6A6D,
0x99506A6E,
0x99516A6F,
0x99526A70,
0x99536A72,
0x99546A73,
0x99556A74,
0x99566A75,
0x99576A76,
0x99586A77,
0x99596A78,
0x995A6A7A,
0x995B6A7B,
0x995C6A7D,
0x995D6A7E,
0x995E6A7F,
0x995F6A81,
0x99606A82,
0x99616A83,
0x99626A85,
0x99636A86,
0x99646A87,
0x99656A88,
0x99666A89,
0x99676A8A,
0x99686A8B,
0x99696A8C,
0x996A6A8D,
0x996B6A8F,
0x996C6A92,
0x996D6A93,
0x996E6A94,
0x996F6A95,
0x99706A96,
0x99716A98,
0x99726A99,
0x99736A9A,
0x99746A9B,
0x99756A9C,
0x99766A9D,
0x99776A9E,
0x99786A9F,
0x99796AA1,
0x997A6AA2,
0x997B6AA3,
0x997C6AA4,
0x997D6AA5,
0x997E6AA6,
0x99806AA7,
0x99816AA8,
0x99826AAA,
0x99836AAD,
0x99846AAE,
0x99856AAF,
0x99866AB0,
0x99876AB1,
0x99886AB2,
0x99896AB3,
0x998A6AB4,
0x998B6AB5,
0x998C6AB6,
0x998D6AB7,
0x998E6AB8,
0x998F6AB9,
0x99906ABA,
0x99916ABB,
0x99926ABC,
0x99936ABD,
0x99946ABE,
0x99956ABF,
0x99966AC0,
0x99976AC1,
0x99986AC2,
0x99996AC3,
0x999A6AC4,
0x999B6AC5,
0x999C6AC6,
0x999D6AC7,
0x999E6AC8,
0x999F6AC9,
0x99A06ACA,
0x99A16ACB,
0x99A26ACC,
0x99A36ACD,
0x99A46ACE,
0x99A56ACF,
0x99A66AD0,
0x99A76AD1,
0x99A86AD2,
0x99A96AD3,
0x99AA6AD4,
0x99AB6AD5,
0x99AC6AD6,
0x99AD6AD7,
0x99AE6AD8,
0x99AF6AD9,
0x99B06ADA,
0x99B16ADB,
0x99B26ADC,
0x99B36ADD,
0x99B46ADE,
0x99B56ADF,
0x99B66AE0,
0x99B76AE1,
0x99B86AE2,
0x99B96AE3,
0x99BA6AE4,
0x99BB6AE5,
0x99BC6AE6,
0x99BD6AE7,
0x99BE6AE8,
0x99BF6AE9,
0x99C06AEA,
0x99C16AEB,
0x99C26AEC,
0x99C36AED,
0x99C46AEE,
0x99C56AEF,
0x99C66AF0,
0x99C76AF1,
0x99C86AF2,
0x99C96AF3,
0x99CA6AF4,
0x99CB6AF5,
0x99CC6AF6,
0x99CD6AF7,
0x99CE6AF8,
0x99CF6AF9,
0x99D06AFA,
0x99D16AFB,
0x99D26AFC,
0x99D36AFD,
0x99D46AFE,
0x99D56AFF,
0x99D66B00,
0x99D76B01,
0x99D86B02,
0x99D96B03,
0x99DA6B04,
0x99DB6B05,
0x99DC6B06,
0x99DD6B07,
0x99DE6B08,
0x99DF6B09,
0x99E06B0A,
0x99E16B0B,
0x99E26B0C,
0x99E36B0D,
0x99E46B0E,
0x99E56B0F,
0x99E66B10,
0x99E76B11,
0x99E86B12,
0x99E96B13,
0x99EA6B14,
0x99EB6B15,
0x99EC6B16,
0x99ED6B17,
0x99EE6B18,
0x99EF6B19,
0x99F06B1A,
0x99F16B1B,
0x99F26B1C,
0x99F36B1D,
0x99F46B1E,
0x99F56B1F,
0x99F66B25,
0x99F76B26,
0x99F86B28,
0x99F96B29,
0x99FA6B2A,
0x99FB6B2B,
0x99FC6B2C,
0x99FD6B2D,
0x99FE6B2E,
0x9A406B2F,
0x9A416B30,
0x9A426B31,
0x9A436B33,
0x9A446B34,
0x9A456B35,
0x9A466B36,
0x9A476B38,
0x9A486B3B,
0x9A496B3C,
0x9A4A6B3D,
0x9A4B6B3F,
0x9A4C6B40,
0x9A4D6B41,
0x9A4E6B42,
0x9A4F6B44,
0x9A506B45,
0x9A516B48,
0x9A526B4A,
0x9A536B4B,
0x9A546B4D,
0x9A556B4E,
0x9A566B4F,
0x9A576B50,
0x9A586B51,
0x9A596B52,
0x9A5A6B53,
0x9A5B6B54,
0x9A5C6B55,
0x9A5D6B56,
0x9A5E6B57,
0x9A5F6B58,
0x9A606B5A,
0x9A616B5B,
0x9A626B5C,
0x9A636B5D,
0x9A646B5E,
0x9A656B5F,
0x9A666B60,
0x9A676B61,
0x9A686B68,
0x9A696B69,
0x9A6A6B6B,
0x9A6B6B6C,
0x9A6C6B6D,
0x9A6D6B6E,
0x9A6E6B6F,
0x9A6F6B70,
0x9A706B71,
0x9A716B72,
0x9A726B73,
0x9A736B74,
0x9A746B75,
0x9A756B76,
0x9A766B77,
0x9A776B78,
0x9A786B7A,
0x9A796B7D,
0x9A7A6B7E,
0x9A7B6B7F,
0x9A7C6B80,
0x9A7D6B85,
0x9A7E6B88,
0x9A806B8C,
0x9A816B8E,
0x9A826B8F,
0x9A836B90,
0x9A846B91,
0x9A856B94,
0x9A866B95,
0x9A876B97,
0x9A886B98,
0x9A896B99,
0x9A8A6B9C,
0x9A8B6B9D,
0x9A8C6B9E,
0x9A8D6B9F,
0x9A8E6BA0,
0x9A8F6BA2,
0x9A906BA3,
0x9A916BA4,
0x9A926BA5,
0x9A936BA6,
0x9A946BA7,
0x9A956BA8,
0x9A966BA9,
0x9A976BAB,
0x9A986BAC,
0x9A996BAD,
0x9A9A6BAE,
0x9A9B6BAF,
0x9A9C6BB0,
0x9A9D6BB1,
0x9A9E6BB2,
0x9A9F6BB6,
0x9AA06BB8,
0x9AA16BB9,
0x9AA26BBA,
0x9AA36BBB,
0x9AA46BBC,
0x9AA56BBD,
0x9AA66BBE,
0x9AA76BC0,
0x9AA86BC3,
0x9AA96BC4,
0x9AAA6BC6,
0x9AAB6BC7,
0x9AAC6BC8,
0x9AAD6BC9,
0x9AAE6BCA,
0x9AAF6BCC,
0x9AB06BCE,
0x9AB16BD0,
0x9AB26BD1,
0x9AB36BD8,
0x9AB46BDA,
0x9AB56BDC,
0x9AB66BDD,
0x9AB76BDE,
0x9AB86BDF,
0x9AB96BE0,
0x9ABA6BE2,
0x9ABB6BE3,
0x9ABC6BE4,
0x9ABD6BE5,
0x9ABE6BE6,
0x9ABF6BE7,
0x9AC06BE8,
0x9AC16BE9,
0x9AC26BEC,
0x9AC36BED,
0x9AC46BEE,
0x9AC56BF0,
0x9AC66BF1,
0x9AC76BF2,
0x9AC86BF4,
0x9AC96BF6,
0x9ACA6BF7,
0x9ACB6BF8,
0x9ACC6BFA,
0x9ACD6BFB,
0x9ACE6BFC,
0x9ACF6BFE,
0x9AD06BFF,
0x9AD16C00,
0x9AD26C01,
0x9AD36C02,
0x9AD46C03,
0x9AD56C04,
0x9AD66C08,
0x9AD76C09,
0x9AD86C0A,
0x9AD96C0B,
0x9ADA6C0C,
0x9ADB6C0E,
0x9ADC6C12,
0x9ADD6C17,
0x9ADE6C1C,
0x9ADF6C1D,
0x9AE06C1E,
0x9AE16C20,
0x9AE26C23,
0x9AE36C25,
0x9AE46C2B,
0x9AE56C2C,
0x9AE66C2D,
0x9AE76C31,
0x9AE86C33,
0x9AE96C36,
0x9AEA6C37,
0x9AEB6C39,
0x9AEC6C3A,
0x9AED6C3B,
0x9AEE6C3C,
0x9AEF6C3E,
0x9AF06C3F,
0x9AF16C43,
0x9AF26C44,
0x9AF36C45,
0x9AF46C48,
0x9AF56C4B,
0x9AF66C4C,
0x9AF76C4D,
0x9AF86C4E,
0x9AF96C4F,
0x9AFA6C51,
0x9AFB6C52,
0x9AFC6C53,
0x9AFD6C56,
0x9AFE6C58,
0x9B406C59,
0x9B416C5A,
0x9B426C62,
0x9B436C63,
0x9B446C65,
0x9B456C66,
0x9B466C67,
0x9B476C6B,
0x9B486C6C,
0x9B496C6D,
0x9B4A6C6E,
0x9B4B6C6F,
0x9B4C6C71,
0x9B4D6C73,
0x9B4E6C75,
0x9B4F6C77,
0x9B506C78,
0x9B516C7A,
0x9B526C7B,
0x9B536C7C,
0x9B546C7F,
0x9B556C80,
0x9B566C84,
0x9B576C87,
0x9B586C8A,
0x9B596C8B,
0x9B5A6C8D,
0x9B5B6C8E,
0x9B5C6C91,
0x9B5D6C92,
0x9B5E6C95,
0x9B5F6C96,
0x9B606C97,
0x9B616C98,
0x9B626C9A,
0x9B636C9C,
0x9B646C9D,
0x9B656C9E,
0x9B666CA0,
0x9B676CA2,
0x9B686CA8,
0x9B696CAC,
0x9B6A6CAF,
0x9B6B6CB0,
0x9B6C6CB4,
0x9B6D6CB5,
0x9B6E6CB6,
0x9B6F6CB7,
0x9B706CBA,
0x9B716CC0,
0x9B726CC1,
0x9B736CC2,
0x9B746CC3,
0x9B756CC6,
0x9B766CC7,
0x9B776CC8,
0x9B786CCB,
0x9B796CCD,
0x9B7A6CCE,
0x9B7B6CCF,
0x9B7C6CD1,
0x9B7D6CD2,
0x9B7E6CD8,
0x9B806CD9,
0x9B816CDA,
0x9B826CDC,
0x9B836CDD,
0x9B846CDF,
0x9B856CE4,
0x9B866CE6,
0x9B876CE7,
0x9B886CE9,
0x9B896CEC,
0x9B8A6CED,
0x9B8B6CF2,
0x9B8C6CF4,
0x9B8D6CF9,
0x9B8E6CFF,
0x9B8F6D00,
0x9B906D02,
0x9B916D03,
0x9B926D05,
0x9B936D06,
0x9B946D08,
0x9B956D09,
0x9B966D0A,
0x9B976D0D,
0x9B986D0F,
0x9B996D10,
0x9B9A6D11,
0x9B9B6D13,
0x9B9C6D14,
0x9B9D6D15,
0x9B9E6D16,
0x9B9F6D18,
0x9BA06D1C,
0x9BA16D1D,
0x9BA26D1F,
0x9BA36D20,
0x9BA46D21,
0x9BA56D22,
0x9BA66D23,
0x9BA76D24,
0x9BA86D26,
0x9BA96D28,
0x9BAA6D29,
0x9BAB6D2C,
0x9BAC6D2D,
0x9BAD6D2F,
0x9BAE6D30,
0x9BAF6D34,
0x9BB06D36,
0x9BB16D37,
0x9BB26D38,
0x9BB36D3A,
0x9BB46D3F,
0x9BB56D40,
0x9BB66D42,
0x9BB76D44,
0x9BB86D49,
0x9BB96D4C,
0x9BBA6D50,
0x9BBB6D55,
0x9BBC6D56,
0x9BBD6D57,
0x9BBE6D58,
0x9BBF6D5B,
0x9BC06D5D,
0x9BC16D5F,
0x9BC26D61,
0x9BC36D62,
0x9BC46D64,
0x9BC56D65,
0x9BC66D67,
0x9BC76D68,
0x9BC86D6B,
0x9BC96D6C,
0x9BCA6D6D,
0x9BCB6D70,
0x9BCC6D71,
0x9BCD6D72,
0x9BCE6D73,
0x9BCF6D75,
0x9BD06D76,
0x9BD16D79,
0x9BD26D7A,
0x9BD36D7B,
0x9BD46D7D,
0x9BD56D7E,
0x9BD66D7F,
0x9BD76D80,
0x9BD86D81,
0x9BD96D83,
0x9BDA6D84,
0x9BDB6D86,
0x9BDC6D87,
0x9BDD6D8A,
0x9BDE6D8B,
0x9BDF6D8D,
0x9BE06D8F,
0x9BE16D90,
0x9BE26D92,
0x9BE36D96,
0x9BE46D97,
0x9BE56D98,
0x9BE66D99,
0x9BE76D9A,
0x9BE86D9C,
0x9BE96DA2,
0x9BEA6DA5,
0x9BEB6DAC,
0x9BEC6DAD,
0x9BED6DB0,
0x9BEE6DB1,
0x9BEF6DB3,
0x9BF06DB4,
0x9BF16DB6,
0x9BF26DB7,
0x9BF36DB9,
0x9BF46DBA,
0x9BF56DBB,
0x9BF66DBC,
0x9BF76DBD,
0x9BF86DBE,
0x9BF96DC1,
0x9BFA6DC2,
0x9BFB6DC3,
0x9BFC6DC8,
0x9BFD6DC9,
0x9BFE6DCA,
0x9C406DCD,
0x9C416DCE,
0x9C426DCF,
0x9C436DD0,
0x9C446DD2,
0x9C456DD3,
0x9C466DD4,
0x9C476DD5,
0x9C486DD7,
0x9C496DDA,
0x9C4A6DDB,
0x9C4B6DDC,
0x9C4C6DDF,
0x9C4D6DE2,
0x9C4E6DE3,
0x9C4F6DE5,
0x9C506DE7,
0x9C516DE8,
0x9C526DE9,
0x9C536DEA,
0x9C546DED,
0x9C556DEF,
0x9C566DF0,
0x9C576DF2,
0x9C586DF4,
0x9C596DF5,
0x9C5A6DF6,
0x9C5B6DF8,
0x9C5C6DFA,
0x9C5D6DFD,
0x9C5E6DFE,
0x9C5F6DFF,
0x9C606E00,
0x9C616E01,
0x9C626E02,
0x9C636E03,
0x9C646E04,
0x9C656E06,
0x9C666E07,
0x9C676E08,
0x9C686E09,
0x9C696E0B,
0x9C6A6E0F,
0x9C6B6E12,
0x9C6C6E13,
0x9C6D6E15,
0x9C6E6E18,
0x9C6F6E19,
0x9C706E1B,
0x9C716E1C,
0x9C726E1E,
0x9C736E1F,
0x9C746E22,
0x9C756E26,
0x9C766E27,
0x9C776E28,
0x9C786E2A,
0x9C796E2C,
0x9C7A6E2E,
0x9C7B6E30,
0x9C7C6E31,
0x9C7D6E33,
0x9C7E6E35,
0x9C806E36,
0x9C816E37,
0x9C826E39,
0x9C836E3B,
0x9C846E3C,
0x9C856E3D,
0x9C866E3E,
0x9C876E3F,
0x9C886E40,
0x9C896E41,
0x9C8A6E42,
0x9C8B6E45,
0x9C8C6E46,
0x9C8D6E47,
0x9C8E6E48,
0x9C8F6E49,
0x9C906E4A,
0x9C916E4B,
0x9C926E4C,
0x9C936E4F,
0x9C946E50,
0x9C956E51,
0x9C966E52,
0x9C976E55,
0x9C986E57,
0x9C996E59,
0x9C9A6E5A,
0x9C9B6E5C,
0x9C9C6E5D,
0x9C9D6E5E,
0x9C9E6E60,
0x9C9F6E61,
0x9CA06E62,
0x9CA16E63,
0x9CA26E64,
0x9CA36E65,
0x9CA46E66,
0x9CA56E67,
0x9CA66E68,
0x9CA76E69,
0x9CA86E6A,
0x9CA96E6C,
0x9CAA6E6D,
0x9CAB6E6F,
0x9CAC6E70,
0x9CAD6E71,
0x9CAE6E72,
0x9CAF6E73,
0x9CB06E74,
0x9CB16E75,
0x9CB26E76,
0x9CB36E77,
0x9CB46E78,
0x9CB56E79,
0x9CB66E7A,
0x9CB76E7B,
0x9CB86E7C,
0x9CB96E7D,
0x9CBA6E80,
0x9CBB6E81,
0x9CBC6E82,
0x9CBD6E84,
0x9CBE6E87,
0x9CBF6E88,
0x9CC06E8A,
0x9CC16E8B,
0x9CC26E8C,
0x9CC36E8D,
0x9CC46E8E,
0x9CC56E91,
0x9CC66E92,
0x9CC76E93,
0x9CC86E94,
0x9CC96E95,
0x9CCA6E96,
0x9CCB6E97,
0x9CCC6E99,
0x9CCD6E9A,
0x9CCE6E9B,
0x9CCF6E9D,
0x9CD06E9E,
0x9CD16EA0,
0x9CD26EA1,
0x9CD36EA3,
0x9CD46EA4,
0x9CD56EA6,
0x9CD66EA8,
0x9CD76EA9,
0x9CD86EAB,
0x9CD96EAC,
0x9CDA6EAD,
0x9CDB6EAE,
0x9CDC6EB0,
0x9CDD6EB3,
0x9CDE6EB5,
0x9CDF6EB8,
0x9CE06EB9,
0x9CE16EBC,
0x9CE26EBE,
0x9CE36EBF,
0x9CE46EC0,
0x9CE56EC3,
0x9CE66EC4,
0x9CE76EC5,
0x9CE86EC6,
0x9CE96EC8,
0x9CEA6EC9,
0x9CEB6ECA,
0x9CEC6ECC,
0x9CED6ECD,
0x9CEE6ECE,
0x9CEF6ED0,
0x9CF06ED2,
0x9CF16ED6,
0x9CF26ED8,
0x9CF36ED9,
0x9CF46EDB,
0x9CF56EDC,
0x9CF66EDD,
0x9CF76EE3,
0x9CF86EE7,
0x9CF96EEA,
0x9CFA6EEB,
0x9CFB6EEC,
0x9CFC6EED,
0x9CFD6EEE,
0x9CFE6EEF,
0x9D406EF0,
0x9D416EF1,
0x9D426EF2,
0x9D436EF3,
0x9D446EF5,
0x9D456EF6,
0x9D466EF7,
0x9D476EF8,
0x9D486EFA,
0x9D496EFB,
0x9D4A6EFC,
0x9D4B6EFD,
0x9D4C6EFE,
0x9D4D6EFF,
0x9D4E6F00,
0x9D4F6F01,
0x9D506F03,
0x9D516F04,
0x9D526F05,
0x9D536F07,
0x9D546F08,
0x9D556F0A,
0x9D566F0B,
0x9D576F0C,
0x9D586F0D,
0x9D596F0E,
0x9D5A6F10,
0x9D5B6F11,
0x9D5C6F12,
0x9D5D6F16,
0x9D5E6F17,
0x9D5F6F18,
0x9D606F19,
0x9D616F1A,
0x9D626F1B,
0x9D636F1C,
0x9D646F1D,
0x9D656F1E,
0x9D666F1F,
0x9D676F21,
0x9D686F22,
0x9D696F23,
0x9D6A6F25,
0x9D6B6F26,
0x9D6C6F27,
0x9D6D6F28,
0x9D6E6F2C,
0x9D6F6F2E,
0x9D706F30,
0x9D716F32,
0x9D726F34,
0x9D736F35,
0x9D746F37,
0x9D756F38,
0x9D766F39,
0x9D776F3A,
0x9D786F3B,
0x9D796F3C,
0x9D7A6F3D,
0x9D7B6F3F,
0x9D7C6F40,
0x9D7D6F41,
0x9D7E6F42,
0x9D806F43,
0x9D816F44,
0x9D826F45,
0x9D836F48,
0x9D846F49,
0x9D856F4A,
0x9D866F4C,
0x9D876F4E,
0x9D886F4F,
0x9D896F50,
0x9D8A6F51,
0x9D8B6F52,
0x9D8C6F53,
0x9D8D6F54,
0x9D8E6F55,
0x9D8F6F56,
0x9D906F57,
0x9D916F59,
0x9D926F5A,
0x9D936F5B,
0x9D946F5D,
0x9D956F5F,
0x9D966F60,
0x9D976F61,
0x9D986F63,
0x9D996F64,
0x9D9A6F65,
0x9D9B6F67,
0x9D9C6F68,
0x9D9D6F69,
0x9D9E6F6A,
0x9D9F6F6B,
0x9DA06F6C,
0x9DA16F6F,
0x9DA26F70,
0x9DA36F71,
0x9DA46F73,
0x9DA56F75,
0x9DA66F76,
0x9DA76F77,
0x9DA86F79,
0x9DA96F7B,
0x9DAA6F7D,
0x9DAB6F7E,
0x9DAC6F7F,
0x9DAD6F80,
0x9DAE6F81,
0x9DAF6F82,
0x9DB06F83,
0x9DB16F85,
0x9DB26F86,
0x9DB36F87,
0x9DB46F8A,
0x9DB56F8B,
0x9DB66F8F,
0x9DB76F90,
0x9DB86F91,
0x9DB96F92,
0x9DBA6F93,
0x9DBB6F94,
0x9DBC6F95,
0x9DBD6F96,
0x9DBE6F97,
0x9DBF6F98,
0x9DC06F99,
0x9DC16F9A,
0x9DC26F9B,
0x9DC36F9D,
0x9DC46F9E,
0x9DC56F9F,
0x9DC66FA0,
0x9DC76FA2,
0x9DC86FA3,
0x9DC96FA4,
0x9DCA6FA5,
0x9DCB6FA6,
0x9DCC6FA8,
0x9DCD6FA9,
0x9DCE6FAA,
0x9DCF6FAB,
0x9DD06FAC,
0x9DD16FAD,
0x9DD26FAE,
0x9DD36FAF,
0x9DD46FB0,
0x9DD56FB1,
0x9DD66FB2,
0x9DD76FB4,
0x9DD86FB5,
0x9DD96FB7,
0x9DDA6FB8,
0x9DDB6FBA,
0x9DDC6FBB,
0x9DDD6FBC,
0x9DDE6FBD,
0x9DDF6FBE,
0x9DE06FBF,
0x9DE16FC1,
0x9DE26FC3,
0x9DE36FC4,
0x9DE46FC5,
0x9DE56FC6,
0x9DE66FC7,
0x9DE76FC8,
0x9DE86FCA,
0x9DE96FCB,
0x9DEA6FCC,
0x9DEB6FCD,
0x9DEC6FCE,
0x9DED6FCF,
0x9DEE6FD0,
0x9DEF6FD3,
0x9DF06FD4,
0x9DF16FD5,
0x9DF26FD6,
0x9DF36FD7,
0x9DF46FD8,
0x9DF56FD9,
0x9DF66FDA,
0x9DF76FDB,
0x9DF86FDC,
0x9DF96FDD,
0x9DFA6FDF,
0x9DFB6FE2,
0x9DFC6FE3,
0x9DFD6FE4,
0x9DFE6FE5,
0x9E406FE6,
0x9E416FE7,
0x9E426FE8,
0x9E436FE9,
0x9E446FEA,
0x9E456FEB,
0x9E466FEC,
0x9E476FED,
0x9E486FF0,
0x9E496FF1,
0x9E4A6FF2,
0x9E4B6FF3,
0x9E4C6FF4,
0x9E4D6FF5,
0x9E4E6FF6,
0x9E4F6FF7,
0x9E506FF8,
0x9E516FF9,
0x9E526FFA,
0x9E536FFB,
0x9E546FFC,
0x9E556FFD,
0x9E566FFE,
0x9E576FFF,
0x9E587000,
0x9E597001,
0x9E5A7002,
0x9E5B7003,
0x9E5C7004,
0x9E5D7005,
0x9E5E7006,
0x9E5F7007,
0x9E607008,
0x9E617009,
0x9E62700A,
0x9E63700B,
0x9E64700C,
0x9E65700D,
0x9E66700E,
0x9E67700F,
0x9E687010,
0x9E697012,
0x9E6A7013,
0x9E6B7014,
0x9E6C7015,
0x9E6D7016,
0x9E6E7017,
0x9E6F7018,
0x9E707019,
0x9E71701C,
0x9E72701D,
0x9E73701E,
0x9E74701F,
0x9E757020,
0x9E767021,
0x9E777022,
0x9E787024,
0x9E797025,
0x9E7A7026,
0x9E7B7027,
0x9E7C7028,
0x9E7D7029,
0x9E7E702A,
0x9E80702B,
0x9E81702C,
0x9E82702D,
0x9E83702E,
0x9E84702F,
0x9E857030,
0x9E867031,
0x9E877032,
0x9E887033,
0x9E897034,
0x9E8A7036,
0x9E8B7037,
0x9E8C7038,
0x9E8D703A,
0x9E8E703B,
0x9E8F703C,
0x9E90703D,
0x9E91703E,
0x9E92703F,
0x9E937040,
0x9E947041,
0x9E957042,
0x9E967043,
0x9E977044,
0x9E987045,
0x9E997046,
0x9E9A7047,
0x9E9B7048,
0x9E9C7049,
0x9E9D704A,
0x9E9E704B,
0x9E9F704D,
0x9EA0704E,
0x9EA17050,
0x9EA27051,
0x9EA37052,
0x9EA47053,
0x9EA57054,
0x9EA67055,
0x9EA77056,
0x9EA87057,
0x9EA97058,
0x9EAA7059,
0x9EAB705A,
0x9EAC705B,
0x9EAD705C,
0x9EAE705D,
0x9EAF705F,
0x9EB07060,
0x9EB17061,
0x9EB27062,
0x9EB37063,
0x9EB47064,
0x9EB57065,
0x9EB67066,
0x9EB77067,
0x9EB87068,
0x9EB97069,
0x9EBA706A,
0x9EBB706E,
0x9EBC7071,
0x9EBD7072,
0x9EBE7073,
0x9EBF7074,
0x9EC07077,
0x9EC17079,
0x9EC2707A,
0x9EC3707B,
0x9EC4707D,
0x9EC57081,
0x9EC67082,
0x9EC77083,
0x9EC87084,
0x9EC97086,
0x9ECA7087,
0x9ECB7088,
0x9ECC708B,
0x9ECD708C,
0x9ECE708D,
0x9ECF708F,
0x9ED07090,
0x9ED17091,
0x9ED27093,
0x9ED37097,
0x9ED47098,
0x9ED5709A,
0x9ED6709B,
0x9ED7709E,
0x9ED8709F,
0x9ED970A0,
0x9EDA70A1,
0x9EDB70A2,
0x9EDC70A3,
0x9EDD70A4,
0x9EDE70A5,
0x9EDF70A6,
0x9EE070A7,
0x9EE170A8,
0x9EE270A9,
0x9EE370AA,
0x9EE470B0,
0x9EE570B2,
0x9EE670B4,
0x9EE770B5,
0x9EE870B6,
0x9EE970BA,
0x9EEA70BE,
0x9EEB70BF,
0x9EEC70C4,
0x9EED70C5,
0x9EEE70C6,
0x9EEF70C7,
0x9EF070C9,
0x9EF170CB,
0x9EF270CC,
0x9EF370CD,
0x9EF470CE,
0x9EF570CF,
0x9EF670D0,
0x9EF770D1,
0x9EF870D2,
0x9EF970D3,
0x9EFA70D4,
0x9EFB70D5,
0x9EFC70D6,
0x9EFD70D7,
0x9EFE70DA,
0x9F4070DC,
0x9F4170DD,
0x9F4270DE,
0x9F4370E0,
0x9F4470E1,
0x9F4570E2,
0x9F4670E3,
0x9F4770E5,
0x9F4870EA,
0x9F4970EE,
0x9F4A70F0,
0x9F4B70F1,
0x9F4C70F2,
0x9F4D70F3,
0x9F4E70F4,
0x9F4F70F5,
0x9F5070F6,
0x9F5170F8,
0x9F5270FA,
0x9F5370FB,
0x9F5470FC,
0x9F5570FE,
0x9F5670FF,
0x9F577100,
0x9F587101,
0x9F597102,
0x9F5A7103,
0x9F5B7104,
0x9F5C7105,
0x9F5D7106,
0x9F5E7107,
0x9F5F7108,
0x9F60710B,
0x9F61710C,
0x9F62710D,
0x9F63710E,
0x9F64710F,
0x9F657111,
0x9F667112,
0x9F677114,
0x9F687117,
0x9F69711B,
0x9F6A711C,
0x9F6B711D,
0x9F6C711E,
0x9F6D711F,
0x9F6E7120,
0x9F6F7121,
0x9F707122,
0x9F717123,
0x9F727124,
0x9F737125,
0x9F747127,
0x9F757128,
0x9F767129,
0x9F77712A,
0x9F78712B,
0x9F79712C,
0x9F7A712D,
0x9F7B712E,
0x9F7C7132,
0x9F7D7133,
0x9F7E7134,
0x9F807135,
0x9F817137,
0x9F827138,
0x9F837139,
0x9F84713A,
0x9F85713B,
0x9F86713C,
0x9F87713D,
0x9F88713E,
0x9F89713F,
0x9F8A7140,
0x9F8B7141,
0x9F8C7142,
0x9F8D7143,
0x9F8E7144,
0x9F8F7146,
0x9F907147,
0x9F917148,
0x9F927149,
0x9F93714B,
0x9F94714D,
0x9F95714F,
0x9F967150,
0x9F977151,
0x9F987152,
0x9F997153,
0x9F9A7154,
0x9F9B7155,
0x9F9C7156,
0x9F9D7157,
0x9F9E7158,
0x9F9F7159,
0x9FA0715A,
0x9FA1715B,
0x9FA2715D,
0x9FA3715F,
0x9FA47160,
0x9FA57161,
0x9FA67162,
0x9FA77163,
0x9FA87165,
0x9FA97169,
0x9FAA716A,
0x9FAB716B,
0x9FAC716C,
0x9FAD716D,
0x9FAE716F,
0x9FAF7170,
0x9FB07171,
0x9FB17174,
0x9FB27175,
0x9FB37176,
0x9FB47177,
0x9FB57179,
0x9FB6717B,
0x9FB7717C,
0x9FB8717E,
0x9FB9717F,
0x9FBA7180,
0x9FBB7181,
0x9FBC7182,
0x9FBD7183,
0x9FBE7185,
0x9FBF7186,
0x9FC07187,
0x9FC17188,
0x9FC27189,
0x9FC3718B,
0x9FC4718C,
0x9FC5718D,
0x9FC6718E,
0x9FC77190,
0x9FC87191,
0x9FC97192,
0x9FCA7193,
0x9FCB7195,
0x9FCC7196,
0x9FCD7197,
0x9FCE719A,
0x9FCF719B,
0x9FD0719C,
0x9FD1719D,
0x9FD2719E,
0x9FD371A1,
0x9FD471A2,
0x9FD571A3,
0x9FD671A4,
0x9FD771A5,
0x9FD871A6,
0x9FD971A7,
0x9FDA71A9,
0x9FDB71AA,
0x9FDC71AB,
0x9FDD71AD,
0x9FDE71AE,
0x9FDF71AF,
0x9FE071B0,
0x9FE171B1,
0x9FE271B2,
0x9FE371B4,
0x9FE471B6,
0x9FE571B7,
0x9FE671B8,
0x9FE771BA,
0x9FE871BB,
0x9FE971BC,
0x9FEA71BD,
0x9FEB71BE,
0x9FEC71BF,
0x9FED71C0,
0x9FEE71C1,
0x9FEF71C2,
0x9FF071C4,
0x9FF171C5,
0x9FF271C6,
0x9FF371C7,
0x9FF471C8,
0x9FF571C9,
0x9FF671CA,
0x9FF771CB,
0x9FF871CC,
0x9FF971CD,
0x9FFA71CF,
0x9FFB71D0,
0x9FFC71D1,
0x9FFD71D2,
0x9FFE71D3,
0xA04071D6,
0xA04171D7,
0xA04271D8,
0xA04371D9,
0xA04471DA,
0xA04571DB,
0xA04671DC,
0xA04771DD,
0xA04871DE,
0xA04971DF,
0xA04A71E1,
0xA04B71E2,
0xA04C71E3,
0xA04D71E4,
0xA04E71E6,
0xA04F71E8,
0xA05071E9,
0xA05171EA,
0xA05271EB,
0xA05371EC,
0xA05471ED,
0xA05571EF,
0xA05671F0,
0xA05771F1,
0xA05871F2,
0xA05971F3,
0xA05A71F4,
0xA05B71F5,
0xA05C71F6,
0xA05D71F7,
0xA05E71F8,
0xA05F71FA,
0xA06071FB,
0xA06171FC,
0xA06271FD,
0xA06371FE,
0xA06471FF,
0xA0657200,
0xA0667201,
0xA0677202,
0xA0687203,
0xA0697204,
0xA06A7205,
0xA06B7207,
0xA06C7208,
0xA06D7209,
0xA06E720A,
0xA06F720B,
0xA070720C,
0xA071720D,
0xA072720E,
0xA073720F,
0xA0747210,
0xA0757211,
0xA0767212,
0xA0777213,
0xA0787214,
0xA0797215,
0xA07A7216,
0xA07B7217,
0xA07C7218,
0xA07D7219,
0xA07E721A,
0xA080721B,
0xA081721C,
0xA082721E,
0xA083721F,
0xA0847220,
0xA0857221,
0xA0867222,
0xA0877223,
0xA0887224,
0xA0897225,
0xA08A7226,
0xA08B7227,
0xA08C7229,
0xA08D722B,
0xA08E722D,
0xA08F722E,
0xA090722F,
0xA0917232,
0xA0927233,
0xA0937234,
0xA094723A,
0xA095723C,
0xA096723E,
0xA0977240,
0xA0987241,
0xA0997242,
0xA09A7243,
0xA09B7244,
0xA09C7245,
0xA09D7246,
0xA09E7249,
0xA09F724A,
0xA0A0724B,
0xA0A1724E,
0xA0A2724F,
0xA0A37250,
0xA0A47251,
0xA0A57253,
0xA0A67254,
0xA0A77255,
0xA0A87257,
0xA0A97258,
0xA0AA725A,
0xA0AB725C,
0xA0AC725E,
0xA0AD7260,
0xA0AE7263,
0xA0AF7264,
0xA0B07265,
0xA0B17268,
0xA0B2726A,
0xA0B3726B,
0xA0B4726C,
0xA0B5726D,
0xA0B67270,
0xA0B77271,
0xA0B87273,
0xA0B97274,
0xA0BA7276,
0xA0BB7277,
0xA0BC7278,
0xA0BD727B,
0xA0BE727C,
0xA0BF727D,
0xA0C07282,
0xA0C17283,
0xA0C27285,
0xA0C37286,
0xA0C47287,
0xA0C57288,
0xA0C67289,
0xA0C7728C,
0xA0C8728E,
0xA0C97290,
0xA0CA7291,
0xA0CB7293,
0xA0CC7294,
0xA0CD7295,
0xA0CE7296,
0xA0CF7297,
0xA0D07298,
0xA0D17299,
0xA0D2729A,
0xA0D3729B,
0xA0D4729C,
0xA0D5729D,
0xA0D6729E,
0xA0D772A0,
0xA0D872A1,
0xA0D972A2,
0xA0DA72A3,
0xA0DB72A4,
0xA0DC72A5,
0xA0DD72A6,
0xA0DE72A7,
0xA0DF72A8,
0xA0E072A9,
0xA0E172AA,
0xA0E272AB,
0xA0E372AE,
0xA0E472B1,
0xA0E572B2,
0xA0E672B3,
0xA0E772B5,
0xA0E872BA,
0xA0E972BB,
0xA0EA72BC,
0xA0EB72BD,
0xA0EC72BE,
0xA0ED72BF,
0xA0EE72C0,
0xA0EF72C5,
0xA0F072C6,
0xA0F172C7,
0xA0F272C9,
0xA0F372CA,
0xA0F472CB,
0xA0F572CC,
0xA0F672CF,
0xA0F772D1,
0xA0F872D3,
0xA0F972D4,
0xA0FA72D5,
0xA0FB72D6,
0xA0FC72D8,
0xA0FD72DA,
0xA0FE72DB,
0xA1A13000,
0xA1A23001,
0xA1A33002,
0xA1A400B7,
0xA1A502C9,
0xA1A602C7,
0xA1A700A8,
0xA1A83003,
0xA1A93005,
0xA1AA2014,
0xA1ABFF5E,
0xA1AC2016,
0xA1AD2026,
0xA1AE2018,
0xA1AF2019,
0xA1B0201C,
0xA1B1201D,
0xA1B23014,
0xA1B33015,
0xA1B43008,
0xA1B53009,
0xA1B6300A,
0xA1B7300B,
0xA1B8300C,
0xA1B9300D,
0xA1BA300E,
0xA1BB300F,
0xA1BC3016,
0xA1BD3017,
0xA1BE3010,
0xA1BF3011,
0xA1C000B1,
0xA1C100D7,
0xA1C200F7,
0xA1C32236,
0xA1C42227,
0xA1C52228,
0xA1C62211,
0xA1C7220F,
0xA1C8222A,
0xA1C92229,
0xA1CA2208,
0xA1CB2237,
0xA1CC221A,
0xA1CD22A5,
0xA1CE2225,
0xA1CF2220,
0xA1D02312,
0xA1D12299,
0xA1D2222B,
0xA1D3222E,
0xA1D42261,
0xA1D5224C,
0xA1D62248,
0xA1D7223D,
0xA1D8221D,
0xA1D92260,
0xA1DA226E,
0xA1DB226F,
0xA1DC2264,
0xA1DD2265,
0xA1DE221E,
0xA1DF2235,
0xA1E02234,
0xA1E12642,
0xA1E22640,
0xA1E300B0,
0xA1E42032,
0xA1E52033,
0xA1E62103,
0xA1E7FF04,
0xA1E800A4,
0xA1E9FFE0,
0xA1EAFFE1,
0xA1EB2030,
0xA1EC00A7,
0xA1ED2116,
0xA1EE2606,
0xA1EF2605,
0xA1F025CB,
0xA1F125CF,
0xA1F225CE,
0xA1F325C7,
0xA1F425C6,
0xA1F525A1,
0xA1F625A0,
0xA1F725B3,
0xA1F825B2,
0xA1F9203B,
0xA1FA2192,
0xA1FB2190,
0xA1FC2191,
0xA1FD2193,
0xA1FE3013,
0xA2A12170,
0xA2A22171,
0xA2A32172,
0xA2A42173,
0xA2A52174,
0xA2A62175,
0xA2A72176,
0xA2A82177,
0xA2A92178,
0xA2AA2179,
0xA2B12488,
0xA2B22489,
0xA2B3248A,
0xA2B4248B,
0xA2B5248C,
0xA2B6248D,
0xA2B7248E,
0xA2B8248F,
0xA2B92490,
0xA2BA2491,
0xA2BB2492,
0xA2BC2493,
0xA2BD2494,
0xA2BE2495,
0xA2BF2496,
0xA2C02497,
0xA2C12498,
0xA2C22499,
0xA2C3249A,
0xA2C4249B,
0xA2C52474,
0xA2C62475,
0xA2C72476,
0xA2C82477,
0xA2C92478,
0xA2CA2479,
0xA2CB247A,
0xA2CC247B,
0xA2CD247C,
0xA2CE247D,
0xA2CF247E,
0xA2D0247F,
0xA2D12480,
0xA2D22481,
0xA2D32482,
0xA2D42483,
0xA2D52484,
0xA2D62485,
0xA2D72486,
0xA2D82487,
0xA2D92460,
0xA2DA2461,
0xA2DB2462,
0xA2DC2463,
0xA2DD2464,
0xA2DE2465,
0xA2DF2466,
0xA2E02467,
0xA2E12468,
0xA2E22469,
0xA2E53220,
0xA2E63221,
0xA2E73222,
0xA2E83223,
0xA2E93224,
0xA2EA3225,
0xA2EB3226,
0xA2EC3227,
0xA2ED3228,
0xA2EE3229,
0xA2F12160,
0xA2F22161,
0xA2F32162,
0xA2F42163,
0xA2F52164,
0xA2F62165,
0xA2F72166,
0xA2F82167,
0xA2F92168,
0xA2FA2169,
0xA2FB216A,
0xA2FC216B,
0xA3A1FF01,
0xA3A2FF02,
0xA3A3FF03,
0xA3A4FFE5,
0xA3A5FF05,
0xA3A6FF06,
0xA3A7FF07,
0xA3A8FF08,
0xA3A9FF09,
0xA3AAFF0A,
0xA3ABFF0B,
0xA3ACFF0C,
0xA3ADFF0D,
0xA3AEFF0E,
0xA3AFFF0F,
0xA3B0FF10,
0xA3B1FF11,
0xA3B2FF12,
0xA3B3FF13,
0xA3B4FF14,
0xA3B5FF15,
0xA3B6FF16,
0xA3B7FF17,
0xA3B8FF18,
0xA3B9FF19,
0xA3BAFF1A,
0xA3BBFF1B,
0xA3BCFF1C,
0xA3BDFF1D,
0xA3BEFF1E,
0xA3BFFF1F,
0xA3C0FF20,
0xA3C1FF21,
0xA3C2FF22,
0xA3C3FF23,
0xA3C4FF24,
0xA3C5FF25,
0xA3C6FF26,
0xA3C7FF27,
0xA3C8FF28,
0xA3C9FF29,
0xA3CAFF2A,
0xA3CBFF2B,
0xA3CCFF2C,
0xA3CDFF2D,
0xA3CEFF2E,
0xA3CFFF2F,
0xA3D0FF30,
0xA3D1FF31,
0xA3D2FF32,
0xA3D3FF33,
0xA3D4FF34,
0xA3D5FF35,
0xA3D6FF36,
0xA3D7FF37,
0xA3D8FF38,
0xA3D9FF39,
0xA3DAFF3A,
0xA3DBFF3B,
0xA3DCFF3C,
0xA3DDFF3D,
0xA3DEFF3E,
0xA3DFFF3F,
0xA3E0FF40,
0xA3E1FF41,
0xA3E2FF42,
0xA3E3FF43,
0xA3E4FF44,
0xA3E5FF45,
0xA3E6FF46,
0xA3E7FF47,
0xA3E8FF48,
0xA3E9FF49,
0xA3EAFF4A,
0xA3EBFF4B,
0xA3ECFF4C,
0xA3EDFF4D,
0xA3EEFF4E,
0xA3EFFF4F,
0xA3F0FF50,
0xA3F1FF51,
0xA3F2FF52,
0xA3F3FF53,
0xA3F4FF54,
0xA3F5FF55,
0xA3F6FF56,
0xA3F7FF57,
0xA3F8FF58,
0xA3F9FF59,
0xA3FAFF5A,
0xA3FBFF5B,
0xA3FCFF5C,
0xA3FDFF5D,
0xA3FEFFE3,
0xA4A13041,
0xA4A23042,
0xA4A33043,
0xA4A43044,
0xA4A53045,
0xA4A63046,
0xA4A73047,
0xA4A83048,
0xA4A93049,
0xA4AA304A,
0xA4AB304B,
0xA4AC304C,
0xA4AD304D,
0xA4AE304E,
0xA4AF304F,
0xA4B03050,
0xA4B13051,
0xA4B23052,
0xA4B33053,
0xA4B43054,
0xA4B53055,
0xA4B63056,
0xA4B73057,
0xA4B83058,
0xA4B93059,
0xA4BA305A,
0xA4BB305B,
0xA4BC305C,
0xA4BD305D,
0xA4BE305E,
0xA4BF305F,
0xA4C03060,
0xA4C13061,
0xA4C23062,
0xA4C33063,
0xA4C43064,
0xA4C53065,
0xA4C63066,
0xA4C73067,
0xA4C83068,
0xA4C93069,
0xA4CA306A,
0xA4CB306B,
0xA4CC306C,
0xA4CD306D,
0xA4CE306E,
0xA4CF306F,
0xA4D03070,
0xA4D13071,
0xA4D23072,
0xA4D33073,
0xA4D43074,
0xA4D53075,
0xA4D63076,
0xA4D73077,
0xA4D83078,
0xA4D93079,
0xA4DA307A,
0xA4DB307B,
0xA4DC307C,
0xA4DD307D,
0xA4DE307E,
0xA4DF307F,
0xA4E03080,
0xA4E13081,
0xA4E23082,
0xA4E33083,
0xA4E43084,
0xA4E53085,
0xA4E63086,
0xA4E73087,
0xA4E83088,
0xA4E93089,
0xA4EA308A,
0xA4EB308B,
0xA4EC308C,
0xA4ED308D,
0xA4EE308E,
0xA4EF308F,
0xA4F03090,
0xA4F13091,
0xA4F23092,
0xA4F33093,
0xA5A130A1,
0xA5A230A2,
0xA5A330A3,
0xA5A430A4,
0xA5A530A5,
0xA5A630A6,
0xA5A730A7,
0xA5A830A8,
0xA5A930A9,
0xA5AA30AA,
0xA5AB30AB,
0xA5AC30AC,
0xA5AD30AD,
0xA5AE30AE,
0xA5AF30AF,
0xA5B030B0,
0xA5B130B1,
0xA5B230B2,
0xA5B330B3,
0xA5B430B4,
0xA5B530B5,
0xA5B630B6,
0xA5B730B7,
0xA5B830B8,
0xA5B930B9,
0xA5BA30BA,
0xA5BB30BB,
0xA5BC30BC,
0xA5BD30BD,
0xA5BE30BE,
0xA5BF30BF,
0xA5C030C0,
0xA5C130C1,
0xA5C230C2,
0xA5C330C3,
0xA5C430C4,
0xA5C530C5,
0xA5C630C6,
0xA5C730C7,
0xA5C830C8,
0xA5C930C9,
0xA5CA30CA,
0xA5CB30CB,
0xA5CC30CC,
0xA5CD30CD,
0xA5CE30CE,
0xA5CF30CF,
0xA5D030D0,
0xA5D130D1,
0xA5D230D2,
0xA5D330D3,
0xA5D430D4,
0xA5D530D5,
0xA5D630D6,
0xA5D730D7,
0xA5D830D8,
0xA5D930D9,
0xA5DA30DA,
0xA5DB30DB,
0xA5DC30DC,
0xA5DD30DD,
0xA5DE30DE,
0xA5DF30DF,
0xA5E030E0,
0xA5E130E1,
0xA5E230E2,
0xA5E330E3,
0xA5E430E4,
0xA5E530E5,
0xA5E630E6,
0xA5E730E7,
0xA5E830E8,
0xA5E930E9,
0xA5EA30EA,
0xA5EB30EB,
0xA5EC30EC,
0xA5ED30ED,
0xA5EE30EE,
0xA5EF30EF,
0xA5F030F0,
0xA5F130F1,
0xA5F230F2,
0xA5F330F3,
0xA5F430F4,
0xA5F530F5,
0xA5F630F6,
0xA6A10391,
0xA6A20392,
0xA6A30393,
0xA6A40394,
0xA6A50395,
0xA6A60396,
0xA6A70397,
0xA6A80398,
0xA6A90399,
0xA6AA039A,
0xA6AB039B,
0xA6AC039C,
0xA6AD039D,
0xA6AE039E,
0xA6AF039F,
0xA6B003A0,
0xA6B103A1,
0xA6B203A3,
0xA6B303A4,
0xA6B403A5,
0xA6B503A6,
0xA6B603A7,
0xA6B703A8,
0xA6B803A9,
0xA6C103B1,
0xA6C203B2,
0xA6C303B3,
0xA6C403B4,
0xA6C503B5,
0xA6C603B6,
0xA6C703B7,
0xA6C803B8,
0xA6C903B9,
0xA6CA03BA,
0xA6CB03BB,
0xA6CC03BC,
0xA6CD03BD,
0xA6CE03BE,
0xA6CF03BF,
0xA6D003C0,
0xA6D103C1,
0xA6D203C3,
0xA6D303C4,
0xA6D403C5,
0xA6D503C6,
0xA6D603C7,
0xA6D703C8,
0xA6D803C9,
0xA6E0FE35,
0xA6E1FE36,
0xA6E2FE39,
0xA6E3FE3A,
0xA6E4FE3F,
0xA6E5FE40,
0xA6E6FE3D,
0xA6E7FE3E,
0xA6E8FE41,
0xA6E9FE42,
0xA6EAFE43,
0xA6EBFE44,
0xA6EEFE3B,
0xA6EFFE3C,
0xA6F0FE37,
0xA6F1FE38,
0xA6F2FE31,
0xA6F4FE33,
0xA6F5FE34,
0xA7A10410,
0xA7A20411,
0xA7A30412,
0xA7A40413,
0xA7A50414,
0xA7A60415,
0xA7A70401,
0xA7A80416,
0xA7A90417,
0xA7AA0418,
0xA7AB0419,
0xA7AC041A,
0xA7AD041B,
0xA7AE041C,
0xA7AF041D,
0xA7B0041E,
0xA7B1041F,
0xA7B20420,
0xA7B30421,
0xA7B40422,
0xA7B50423,
0xA7B60424,
0xA7B70425,
0xA7B80426,
0xA7B90427,
0xA7BA0428,
0xA7BB0429,
0xA7BC042A,
0xA7BD042B,
0xA7BE042C,
0xA7BF042D,
0xA7C0042E,
0xA7C1042F,
0xA7D10430,
0xA7D20431,
0xA7D30432,
0xA7D40433,
0xA7D50434,
0xA7D60435,
0xA7D70451,
0xA7D80436,
0xA7D90437,
0xA7DA0438,
0xA7DB0439,
0xA7DC043A,
0xA7DD043B,
0xA7DE043C,
0xA7DF043D,
0xA7E0043E,
0xA7E1043F,
0xA7E20440,
0xA7E30441,
0xA7E40442,
0xA7E50443,
0xA7E60444,
0xA7E70445,
0xA7E80446,
0xA7E90447,
0xA7EA0448,
0xA7EB0449,
0xA7EC044A,
0xA7ED044B,
0xA7EE044C,
0xA7EF044D,
0xA7F0044E,
0xA7F1044F,
0xA84002CA,
0xA84102CB,
0xA84202D9,
0xA8432013,
0xA8442015,
0xA8452025,
0xA8462035,
0xA8472105,
0xA8482109,
0xA8492196,
0xA84A2197,
0xA84B2198,
0xA84C2199,
0xA84D2215,
0xA84E221F,
0xA84F2223,
0xA8502252,
0xA8512266,
0xA8522267,
0xA85322BF,
0xA8542550,
0xA8552551,
0xA8562552,
0xA8572553,
0xA8582554,
0xA8592555,
0xA85A2556,
0xA85B2557,
0xA85C2558,
0xA85D2559,
0xA85E255A,
0xA85F255B,
0xA860255C,
0xA861255D,
0xA862255E,
0xA863255F,
0xA8642560,
0xA8652561,
0xA8662562,
0xA8672563,
0xA8682564,
0xA8692565,
0xA86A2566,
0xA86B2567,
0xA86C2568,
0xA86D2569,
0xA86E256A,
0xA86F256B,
0xA870256C,
0xA871256D,
0xA872256E,
0xA873256F,
0xA8742570,
0xA8752571,
0xA8762572,
0xA8772573,
0xA8782581,
0xA8792582,
0xA87A2583,
0xA87B2584,
0xA87C2585,
0xA87D2586,
0xA87E2587,
0xA8802588,
0xA8812589,
0xA882258A,
0xA883258B,
0xA884258C,
0xA885258D,
0xA886258E,
0xA887258F,
0xA8882593,
0xA8892594,
0xA88A2595,
0xA88B25BC,
0xA88C25BD,
0xA88D25E2,
0xA88E25E3,
0xA88F25E4,
0xA89025E5,
0xA8912609,
0xA8922295,
0xA8933012,
0xA894301D,
0xA895301E,
0xA8A10101,
0xA8A200E1,
0xA8A301CE,
0xA8A400E0,
0xA8A50113,
0xA8A600E9,
0xA8A7011B,
0xA8A800E8,
0xA8A9012B,
0xA8AA00ED,
0xA8AB01D0,
0xA8AC00EC,
0xA8AD014D,
0xA8AE00F3,
0xA8AF01D2,
0xA8B000F2,
0xA8B1016B,
0xA8B200FA,
0xA8B301D4,
0xA8B400F9,
0xA8B501D6,
0xA8B601D8,
0xA8B701DA,
0xA8B801DC,
0xA8B900FC,
0xA8BA00EA,
0xA8BB0251,
0xA8BD0144,
0xA8BE0148,
0xA8C00261,
0xA8C53105,
0xA8C63106,
0xA8C73107,
0xA8C83108,
0xA8C93109,
0xA8CA310A,
0xA8CB310B,
0xA8CC310C,
0xA8CD310D,
0xA8CE310E,
0xA8CF310F,
0xA8D03110,
0xA8D13111,
0xA8D23112,
0xA8D33113,
0xA8D43114,
0xA8D53115,
0xA8D63116,
0xA8D73117,
0xA8D83118,
0xA8D93119,
0xA8DA311A,
0xA8DB311B,
0xA8DC311C,
0xA8DD311D,
0xA8DE311E,
0xA8DF311F,
0xA8E03120,
0xA8E13121,
0xA8E23122,
0xA8E33123,
0xA8E43124,
0xA8E53125,
0xA8E63126,
0xA8E73127,
0xA8E83128,
0xA8E93129,
0xA9403021,
0xA9413022,
0xA9423023,
0xA9433024,
0xA9443025,
0xA9453026,
0xA9463027,
0xA9473028,
0xA9483029,
0xA94932A3,
0xA94A338E,
0xA94B338F,
0xA94C339C,
0xA94D339D,
0xA94E339E,
0xA94F33A1,
0xA95033C4,
0xA95133CE,
0xA95233D1,
0xA95333D2,
0xA95433D5,
0xA955FE30,
0xA956FFE2,
0xA957FFE4,
0xA9592121,
0xA95A3231,
0xA95C2010,
0xA96030FC,
0xA961309B,
0xA962309C,
0xA96330FD,
0xA96430FE,
0xA9653006,
0xA966309D,
0xA967309E,
0xA968FE49,
0xA969FE4A,
0xA96AFE4B,
0xA96BFE4C,
0xA96CFE4D,
0xA96DFE4E,
0xA96EFE4F,
0xA96FFE50,
0xA970FE51,
0xA971FE52,
0xA972FE54,
0xA973FE55,
0xA974FE56,
0xA975FE57,
0xA976FE59,
0xA977FE5A,
0xA978FE5B,
0xA979FE5C,
0xA97AFE5D,
0xA97BFE5E,
0xA97CFE5F,
0xA97DFE60,
0xA97EFE61,
0xA980FE62,
0xA981FE63,
0xA982FE64,
0xA983FE65,
0xA984FE66,
0xA985FE68,
0xA986FE69,
0xA987FE6A,
0xA988FE6B,
0xA9963007,
0xA9A42500,
0xA9A52501,
0xA9A62502,
0xA9A72503,
0xA9A82504,
0xA9A92505,
0xA9AA2506,
0xA9AB2507,
0xA9AC2508,
0xA9AD2509,
0xA9AE250A,
0xA9AF250B,
0xA9B0250C,
0xA9B1250D,
0xA9B2250E,
0xA9B3250F,
0xA9B42510,
0xA9B52511,
0xA9B62512,
0xA9B72513,
0xA9B82514,
0xA9B92515,
0xA9BA2516,
0xA9BB2517,
0xA9BC2518,
0xA9BD2519,
0xA9BE251A,
0xA9BF251B,
0xA9C0251C,
0xA9C1251D,
0xA9C2251E,
0xA9C3251F,
0xA9C42520,
0xA9C52521,
0xA9C62522,
0xA9C72523,
0xA9C82524,
0xA9C92525,
0xA9CA2526,
0xA9CB2527,
0xA9CC2528,
0xA9CD2529,
0xA9CE252A,
0xA9CF252B,
0xA9D0252C,
0xA9D1252D,
0xA9D2252E,
0xA9D3252F,
0xA9D42530,
0xA9D52531,
0xA9D62532,
0xA9D72533,
0xA9D82534,
0xA9D92535,
0xA9DA2536,
0xA9DB2537,
0xA9DC2538,
0xA9DD2539,
0xA9DE253A,
0xA9DF253B,
0xA9E0253C,
0xA9E1253D,
0xA9E2253E,
0xA9E3253F,
0xA9E42540,
0xA9E52541,
0xA9E62542,
0xA9E72543,
0xA9E82544,
0xA9E92545,
0xA9EA2546,
0xA9EB2547,
0xA9EC2548,
0xA9ED2549,
0xA9EE254A,
0xA9EF254B,
0xAA4072DC,
0xAA4172DD,
0xAA4272DF,
0xAA4372E2,
0xAA4472E3,
0xAA4572E4,
0xAA4672E5,
0xAA4772E6,
0xAA4872E7,
0xAA4972EA,
0xAA4A72EB,
0xAA4B72F5,
0xAA4C72F6,
0xAA4D72F9,
0xAA4E72FD,
0xAA4F72FE,
0xAA5072FF,
0xAA517300,
0xAA527302,
0xAA537304,
0xAA547305,
0xAA557306,
0xAA567307,
0xAA577308,
0xAA587309,
0xAA59730B,
0xAA5A730C,
0xAA5B730D,
0xAA5C730F,
0xAA5D7310,
0xAA5E7311,
0xAA5F7312,
0xAA607314,
0xAA617318,
0xAA627319,
0xAA63731A,
0xAA64731F,
0xAA657320,
0xAA667323,
0xAA677324,
0xAA687326,
0xAA697327,
0xAA6A7328,
0xAA6B732D,
0xAA6C732F,
0xAA6D7330,
0xAA6E7332,
0xAA6F7333,
0xAA707335,
0xAA717336,
0xAA72733A,
0xAA73733B,
0xAA74733C,
0xAA75733D,
0xAA767340,
0xAA777341,
0xAA787342,
0xAA797343,
0xAA7A7344,
0xAA7B7345,
0xAA7C7346,
0xAA7D7347,
0xAA7E7348,
0xAA807349,
0xAA81734A,
0xAA82734B,
0xAA83734C,
0xAA84734E,
0xAA85734F,
0xAA867351,
0xAA877353,
0xAA887354,
0xAA897355,
0xAA8A7356,
0xAA8B7358,
0xAA8C7359,
0xAA8D735A,
0xAA8E735B,
0xAA8F735C,
0xAA90735D,
0xAA91735E,
0xAA92735F,
0xAA937361,
0xAA947362,
0xAA957363,
0xAA967364,
0xAA977365,
0xAA987366,
0xAA997367,
0xAA9A7368,
0xAA9B7369,
0xAA9C736A,
0xAA9D736B,
0xAA9E736E,
0xAA9F7370,
0xAAA07371,
0xAB407372,
0xAB417373,
0xAB427374,
0xAB437375,
0xAB447376,
0xAB457377,
0xAB467378,
0xAB477379,
0xAB48737A,
0xAB49737B,
0xAB4A737C,
0xAB4B737D,
0xAB4C737F,
0xAB4D7380,
0xAB4E7381,
0xAB4F7382,
0xAB507383,
0xAB517385,
0xAB527386,
0xAB537388,
0xAB54738A,
0xAB55738C,
0xAB56738D,
0xAB57738F,
0xAB587390,
0xAB597392,
0xAB5A7393,
0xAB5B7394,
0xAB5C7395,
0xAB5D7397,
0xAB5E7398,
0xAB5F7399,
0xAB60739A,
0xAB61739C,
0xAB62739D,
0xAB63739E,
0xAB6473A0,
0xAB6573A1,
0xAB6673A3,
0xAB6773A4,
0xAB6873A5,
0xAB6973A6,
0xAB6A73A7,
0xAB6B73A8,
0xAB6C73AA,
0xAB6D73AC,
0xAB6E73AD,
0xAB6F73B1,
0xAB7073B4,
0xAB7173B5,
0xAB7273B6,
0xAB7373B8,
0xAB7473B9,
0xAB7573BC,
0xAB7673BD,
0xAB7773BE,
0xAB7873BF,
0xAB7973C1,
0xAB7A73C3,
0xAB7B73C4,
0xAB7C73C5,
0xAB7D73C6,
0xAB7E73C7,
0xAB8073CB,
0xAB8173CC,
0xAB8273CE,
0xAB8373D2,
0xAB8473D3,
0xAB8573D4,
0xAB8673D5,
0xAB8773D6,
0xAB8873D7,
0xAB8973D8,
0xAB8A73DA,
0xAB8B73DB,
0xAB8C73DC,
0xAB8D73DD,
0xAB8E73DF,
0xAB8F73E1,
0xAB9073E2,
0xAB9173E3,
0xAB9273E4,
0xAB9373E6,
0xAB9473E8,
0xAB9573EA,
0xAB9673EB,
0xAB9773EC,
0xAB9873EE,
0xAB9973EF,
0xAB9A73F0,
0xAB9B73F1,
0xAB9C73F3,
0xAB9D73F4,
0xAB9E73F5,
0xAB9F73F6,
0xABA073F7,
0xAC4073F8,
0xAC4173F9,
0xAC4273FA,
0xAC4373FB,
0xAC4473FC,
0xAC4573FD,
0xAC4673FE,
0xAC4773FF,
0xAC487400,
0xAC497401,
0xAC4A7402,
0xAC4B7404,
0xAC4C7407,
0xAC4D7408,
0xAC4E740B,
0xAC4F740C,
0xAC50740D,
0xAC51740E,
0xAC527411,
0xAC537412,
0xAC547413,
0xAC557414,
0xAC567415,
0xAC577416,
0xAC587417,
0xAC597418,
0xAC5A7419,
0xAC5B741C,
0xAC5C741D,
0xAC5D741E,
0xAC5E741F,
0xAC5F7420,
0xAC607421,
0xAC617423,
0xAC627424,
0xAC637427,
0xAC647429,
0xAC65742B,
0xAC66742D,
0xAC67742F,
0xAC687431,
0xAC697432,
0xAC6A7437,
0xAC6B7438,
0xAC6C7439,
0xAC6D743A,
0xAC6E743B,
0xAC6F743D,
0xAC70743E,
0xAC71743F,
0xAC727440,
0xAC737442,
0xAC747443,
0xAC757444,
0xAC767445,
0xAC777446,
0xAC787447,
0xAC797448,
0xAC7A7449,
0xAC7B744A,
0xAC7C744B,
0xAC7D744C,
0xAC7E744D,
0xAC80744E,
0xAC81744F,
0xAC827450,
0xAC837451,
0xAC847452,
0xAC857453,
0xAC867454,
0xAC877456,
0xAC887458,
0xAC89745D,
0xAC8A7460,
0xAC8B7461,
0xAC8C7462,
0xAC8D7463,
0xAC8E7464,
0xAC8F7465,
0xAC907466,
0xAC917467,
0xAC927468,
0xAC937469,
0xAC94746A,
0xAC95746B,
0xAC96746C,
0xAC97746E,
0xAC98746F,
0xAC997471,
0xAC9A7472,
0xAC9B7473,
0xAC9C7474,
0xAC9D7475,
0xAC9E7478,
0xAC9F7479,
0xACA0747A,
0xAD40747B,
0xAD41747C,
0xAD42747D,
0xAD43747F,
0xAD447482,
0xAD457484,
0xAD467485,
0xAD477486,
0xAD487488,
0xAD497489,
0xAD4A748A,
0xAD4B748C,
0xAD4C748D,
0xAD4D748F,
0xAD4E7491,
0xAD4F7492,
0xAD507493,
0xAD517494,
0xAD527495,
0xAD537496,
0xAD547497,
0xAD557498,
0xAD567499,
0xAD57749A,
0xAD58749B,
0xAD59749D,
0xAD5A749F,
0xAD5B74A0,
0xAD5C74A1,
0xAD5D74A2,
0xAD5E74A3,
0xAD5F74A4,
0xAD6074A5,
0xAD6174A6,
0xAD6274AA,
0xAD6374AB,
0xAD6474AC,
0xAD6574AD,
0xAD6674AE,
0xAD6774AF,
0xAD6874B0,
0xAD6974B1,
0xAD6A74B2,
0xAD6B74B3,
0xAD6C74B4,
0xAD6D74B5,
0xAD6E74B6,
0xAD6F74B7,
0xAD7074B8,
0xAD7174B9,
0xAD7274BB,
0xAD7374BC,
0xAD7474BD,
0xAD7574BE,
0xAD7674BF,
0xAD7774C0,
0xAD7874C1,
0xAD7974C2,
0xAD7A74C3,
0xAD7B74C4,
0xAD7C74C5,
0xAD7D74C6,
0xAD7E74C7,
0xAD8074C8,
0xAD8174C9,
0xAD8274CA,
0xAD8374CB,
0xAD8474CC,
0xAD8574CD,
0xAD8674CE,
0xAD8774CF,
0xAD8874D0,
0xAD8974D1,
0xAD8A74D3,
0xAD8B74D4,
0xAD8C74D5,
0xAD8D74D6,
0xAD8E74D7,
0xAD8F74D8,
0xAD9074D9,
0xAD9174DA,
0xAD9274DB,
0xAD9374DD,
0xAD9474DF,
0xAD9574E1,
0xAD9674E5,
0xAD9774E7,
0xAD9874E8,
0xAD9974E9,
0xAD9A74EA,
0xAD9B74EB,
0xAD9C74EC,
0xAD9D74ED,
0xAD9E74F0,
0xAD9F74F1,
0xADA074F2,
0xAE4074F3,
0xAE4174F5,
0xAE4274F8,
0xAE4374F9,
0xAE4474FA,
0xAE4574FB,
0xAE4674FC,
0xAE4774FD,
0xAE4874FE,
0xAE497500,
0xAE4A7501,
0xAE4B7502,
0xAE4C7503,
0xAE4D7505,
0xAE4E7506,
0xAE4F7507,
0xAE507508,
0xAE517509,
0xAE52750A,
0xAE53750B,
0xAE54750C,
0xAE55750E,
0xAE567510,
0xAE577512,
0xAE587514,
0xAE597515,
0xAE5A7516,
0xAE5B7517,
0xAE5C751B,
0xAE5D751D,
0xAE5E751E,
0xAE5F7520,
0xAE607521,
0xAE617522,
0xAE627523,
0xAE637524,
0xAE647526,
0xAE657527,
0xAE66752A,
0xAE67752E,
0xAE687534,
0xAE697536,
0xAE6A7539,
0xAE6B753C,
0xAE6C753D,
0xAE6D753F,
0xAE6E7541,
0xAE6F7542,
0xAE707543,
0xAE717544,
0xAE727546,
0xAE737547,
0xAE747549,
0xAE75754A,
0xAE76754D,
0xAE777550,
0xAE787551,
0xAE797552,
0xAE7A7553,
0xAE7B7555,
0xAE7C7556,
0xAE7D7557,
0xAE7E7558,
0xAE80755D,
0xAE81755E,
0xAE82755F,
0xAE837560,
0xAE847561,
0xAE857562,
0xAE867563,
0xAE877564,
0xAE887567,
0xAE897568,
0xAE8A7569,
0xAE8B756B,
0xAE8C756C,
0xAE8D756D,
0xAE8E756E,
0xAE8F756F,
0xAE907570,
0xAE917571,
0xAE927573,
0xAE937575,
0xAE947576,
0xAE957577,
0xAE96757A,
0xAE97757B,
0xAE98757C,
0xAE99757D,
0xAE9A757E,
0xAE9B7580,
0xAE9C7581,
0xAE9D7582,
0xAE9E7584,
0xAE9F7585,
0xAEA07587,
0xAF407588,
0xAF417589,
0xAF42758A,
0xAF43758C,
0xAF44758D,
0xAF45758E,
0xAF467590,
0xAF477593,
0xAF487595,
0xAF497598,
0xAF4A759B,
0xAF4B759C,
0xAF4C759E,
0xAF4D75A2,
0xAF4E75A6,
0xAF4F75A7,
0xAF5075A8,
0xAF5175A9,
0xAF5275AA,
0xAF5375AD,
0xAF5475B6,
0xAF5575B7,
0xAF5675BA,
0xAF5775BB,
0xAF5875BF,
0xAF5975C0,
0xAF5A75C1,
0xAF5B75C6,
0xAF5C75CB,
0xAF5D75CC,
0xAF5E75CE,
0xAF5F75CF,
0xAF6075D0,
0xAF6175D1,
0xAF6275D3,
0xAF6375D7,
0xAF6475D9,
0xAF6575DA,
0xAF6675DC,
0xAF6775DD,
0xAF6875DF,
0xAF6975E0,
0xAF6A75E1,
0xAF6B75E5,
0xAF6C75E9,
0xAF6D75EC,
0xAF6E75ED,
0xAF6F75EE,
0xAF7075EF,
0xAF7175F2,
0xAF7275F3,
0xAF7375F5,
0xAF7475F6,
0xAF7575F7,
0xAF7675F8,
0xAF7775FA,
0xAF7875FB,
0xAF7975FD,
0xAF7A75FE,
0xAF7B7602,
0xAF7C7604,
0xAF7D7606,
0xAF7E7607,
0xAF807608,
0xAF817609,
0xAF82760B,
0xAF83760D,
0xAF84760E,
0xAF85760F,
0xAF867611,
0xAF877612,
0xAF887613,
0xAF897614,
0xAF8A7616,
0xAF8B761A,
0xAF8C761C,
0xAF8D761D,
0xAF8E761E,
0xAF8F7621,
0xAF907623,
0xAF917627,
0xAF927628,
0xAF93762C,
0xAF94762E,
0xAF95762F,
0xAF967631,
0xAF977632,
0xAF987636,
0xAF997637,
0xAF9A7639,
0xAF9B763A,
0xAF9C763B,
0xAF9D763D,
0xAF9E7641,
0xAF9F7642,
0xAFA07644,
0xB0407645,
0xB0417646,
0xB0427647,
0xB0437648,
0xB0447649,
0xB045764A,
0xB046764B,
0xB047764E,
0xB048764F,
0xB0497650,
0xB04A7651,
0xB04B7652,
0xB04C7653,
0xB04D7655,
0xB04E7657,
0xB04F7658,
0xB0507659,
0xB051765A,
0xB052765B,
0xB053765D,
0xB054765F,
0xB0557660,
0xB0567661,
0xB0577662,
0xB0587664,
0xB0597665,
0xB05A7666,
0xB05B7667,
0xB05C7668,
0xB05D7669,
0xB05E766A,
0xB05F766C,
0xB060766D,
0xB061766E,
0xB0627670,
0xB0637671,
0xB0647672,
0xB0657673,
0xB0667674,
0xB0677675,
0xB0687676,
0xB0697677,
0xB06A7679,
0xB06B767A,
0xB06C767C,
0xB06D767F,
0xB06E7680,
0xB06F7681,
0xB0707683,
0xB0717685,
0xB0727689,
0xB073768A,
0xB074768C,
0xB075768D,
0xB076768F,
0xB0777690,
0xB0787692,
0xB0797694,
0xB07A7695,
0xB07B7697,
0xB07C7698,
0xB07D769A,
0xB07E769B,
0xB080769C,
0xB081769D,
0xB082769E,
0xB083769F,
0xB08476A0,
0xB08576A1,
0xB08676A2,
0xB08776A3,
0xB08876A5,
0xB08976A6,
0xB08A76A7,
0xB08B76A8,
0xB08C76A9,
0xB08D76AA,
0xB08E76AB,
0xB08F76AC,
0xB09076AD,
0xB09176AF,
0xB09276B0,
0xB09376B3,
0xB09476B5,
0xB09576B6,
0xB09676B7,
0xB09776B8,
0xB09876B9,
0xB09976BA,
0xB09A76BB,
0xB09B76BC,
0xB09C76BD,
0xB09D76BE,
0xB09E76C0,
0xB09F76C1,
0xB0A076C3,
0xB0A1554A,
0xB0A2963F,
0xB0A357C3,
0xB0A46328,
0xB0A554CE,
0xB0A65509,
0xB0A754C0,
0xB0A87691,
0xB0A9764C,
0xB0AA853C,
0xB0AB77EE,
0xB0AC827E,
0xB0AD788D,
0xB0AE7231,
0xB0AF9698,
0xB0B0978D,
0xB0B16C28,
0xB0B25B89,
0xB0B34FFA,
0xB0B46309,
0xB0B56697,
0xB0B65CB8,
0xB0B780FA,
0xB0B86848,
0xB0B980AE,
0xB0BA6602,
0xB0BB76CE,
0xB0BC51F9,
0xB0BD6556,
0xB0BE71AC,
0xB0BF7FF1,
0xB0C08884,
0xB0C150B2,
0xB0C25965,
0xB0C361CA,
0xB0C46FB3,
0xB0C582AD,
0xB0C6634C,
0xB0C76252,
0xB0C853ED,
0xB0C95427,
0xB0CA7B06,
0xB0CB516B,
0xB0CC75A4,
0xB0CD5DF4,
0xB0CE62D4,
0xB0CF8DCB,
0xB0D09776,
0xB0D1628A,
0xB0D28019,
0xB0D3575D,
0xB0D49738,
0xB0D57F62,
0xB0D67238,
0xB0D7767D,
0xB0D867CF,
0xB0D9767E,
0xB0DA6446,
0xB0DB4F70,
0xB0DC8D25,
0xB0DD62DC,
0xB0DE7A17,
0xB0DF6591,
0xB0E073ED,
0xB0E1642C,
0xB0E26273,
0xB0E3822C,
0xB0E49881,
0xB0E5677F,
0xB0E67248,
0xB0E7626E,
0xB0E862CC,
0xB0E94F34,
0xB0EA74E3,
0xB0EB534A,
0xB0EC529E,
0xB0ED7ECA,
0xB0EE90A6,
0xB0EF5E2E,
0xB0F06886,
0xB0F1699C,
0xB0F28180,
0xB0F37ED1,
0xB0F468D2,
0xB0F578C5,
0xB0F6868C,
0xB0F79551,
0xB0F8508D,
0xB0F98C24,
0xB0FA82DE,
0xB0FB80DE,
0xB0FC5305,
0xB0FD8912,
0xB0FE5265,
0xB14076C4,
0xB14176C7,
0xB14276C9,
0xB14376CB,
0xB14476CC,
0xB14576D3,
0xB14676D5,
0xB14776D9,
0xB14876DA,
0xB14976DC,
0xB14A76DD,
0xB14B76DE,
0xB14C76E0,
0xB14D76E1,
0xB14E76E2,
0xB14F76E3,
0xB15076E4,
0xB15176E6,
0xB15276E7,
0xB15376E8,
0xB15476E9,
0xB15576EA,
0xB15676EB,
0xB15776EC,
0xB15876ED,
0xB15976F0,
0xB15A76F3,
0xB15B76F5,
0xB15C76F6,
0xB15D76F7,
0xB15E76FA,
0xB15F76FB,
0xB16076FD,
0xB16176FF,
0xB1627700,
0xB1637702,
0xB1647703,
0xB1657705,
0xB1667706,
0xB167770A,
0xB168770C,
0xB169770E,
0xB16A770F,
0xB16B7710,
0xB16C7711,
0xB16D7712,
0xB16E7713,
0xB16F7714,
0xB1707715,
0xB1717716,
0xB1727717,
0xB1737718,
0xB174771B,
0xB175771C,
0xB176771D,
0xB177771E,
0xB1787721,
0xB1797723,
0xB17A7724,
0xB17B7725,
0xB17C7727,
0xB17D772A,
0xB17E772B,
0xB180772C,
0xB181772E,
0xB1827730,
0xB1837731,
0xB1847732,
0xB1857733,
0xB1867734,
0xB1877739,
0xB188773B,
0xB189773D,
0xB18A773E,
0xB18B773F,
0xB18C7742,
0xB18D7744,
0xB18E7745,
0xB18F7746,
0xB1907748,
0xB1917749,
0xB192774A,
0xB193774B,
0xB194774C,
0xB195774D,
0xB196774E,
0xB197774F,
0xB1987752,
0xB1997753,
0xB19A7754,
0xB19B7755,
0xB19C7756,
0xB19D7757,
0xB19E7758,
0xB19F7759,
0xB1A0775C,
0xB1A18584,
0xB1A296F9,
0xB1A34FDD,
0xB1A45821,
0xB1A59971,
0xB1A65B9D,
0xB1A762B1,
0xB1A862A5,
0xB1A966B4,
0xB1AA8C79,
0xB1AB9C8D,
0xB1AC7206,
0xB1AD676F,
0xB1AE7891,
0xB1AF60B2,
0xB1B05351,
0xB1B15317,
0xB1B28F88,
0xB1B380CC,
0xB1B48D1D,
0xB1B594A1,
0xB1B6500D,
0xB1B772C8,
0xB1B85907,
0xB1B960EB,
0xB1BA7119,
0xB1BB88AB,
0xB1BC5954,
0xB1BD82EF,
0xB1BE672C,
0xB1BF7B28,
0xB1C05D29,
0xB1C17EF7,
0xB1C2752D,
0xB1C36CF5,
0xB1C48E66,
0xB1C58FF8,
0xB1C6903C,
0xB1C79F3B,
0xB1C86BD4,
0xB1C99119,
0xB1CA7B14,
0xB1CB5F7C,
0xB1CC78A7,
0xB1CD84D6,
0xB1CE853D,
0xB1CF6BD5,
0xB1D06BD9,
0xB1D16BD6,
0xB1D25E01,
0xB1D35E87,
0xB1D475F9,
0xB1D595ED,
0xB1D6655D,
0xB1D75F0A,
0xB1D85FC5,
0xB1D98F9F,
0xB1DA58C1,
0xB1DB81C2,
0xB1DC907F,
0xB1DD965B,
0xB1DE97AD,
0xB1DF8FB9,
0xB1E07F16,
0xB1E18D2C,
0xB1E26241,
0xB1E34FBF,
0xB1E453D8,
0xB1E5535E,
0xB1E68FA8,
0xB1E78FA9,
0xB1E88FAB,
0xB1E9904D,
0xB1EA6807,
0xB1EB5F6A,
0xB1EC8198,
0xB1ED8868,
0xB1EE9CD6,
0xB1EF618B,
0xB1F0522B,
0xB1F1762A,
0xB1F25F6C,
0xB1F3658C,
0xB1F46FD2,
0xB1F56EE8,
0xB1F65BBE,
0xB1F76448,
0xB1F85175,
0xB1F951B0,
0xB1FA67C4,
0xB1FB4E19,
0xB1FC79C9,
0xB1FD997C,
0xB1FE70B3,
0xB240775D,
0xB241775E,
0xB242775F,
0xB2437760,
0xB2447764,
0xB2457767,
0xB2467769,
0xB247776A,
0xB248776D,
0xB249776E,
0xB24A776F,
0xB24B7770,
0xB24C7771,
0xB24D7772,
0xB24E7773,
0xB24F7774,
0xB2507775,
0xB2517776,
0xB2527777,
0xB2537778,
0xB254777A,
0xB255777B,
0xB256777C,
0xB2577781,
0xB2587782,
0xB2597783,
0xB25A7786,
0xB25B7787,
0xB25C7788,
0xB25D7789,
0xB25E778A,
0xB25F778B,
0xB260778F,
0xB2617790,
0xB2627793,
0xB2637794,
0xB2647795,
0xB2657796,
0xB2667797,
0xB2677798,
0xB2687799,
0xB269779A,
0xB26A779B,
0xB26B779C,
0xB26C779D,
0xB26D779E,
0xB26E77A1,
0xB26F77A3,
0xB27077A4,
0xB27177A6,
0xB27277A8,
0xB27377AB,
0xB27477AD,
0xB27577AE,
0xB27677AF,
0xB27777B1,
0xB27877B2,
0xB27977B4,
0xB27A77B6,
0xB27B77B7,
0xB27C77B8,
0xB27D77B9,
0xB27E77BA,
0xB28077BC,
0xB28177BE,
0xB28277C0,
0xB28377C1,
0xB28477C2,
0xB28577C3,
0xB28677C4,
0xB28777C5,
0xB28877C6,
0xB28977C7,
0xB28A77C8,
0xB28B77C9,
0xB28C77CA,
0xB28D77CB,
0xB28E77CC,
0xB28F77CE,
0xB29077CF,
0xB29177D0,
0xB29277D1,
0xB29377D2,
0xB29477D3,
0xB29577D4,
0xB29677D5,
0xB29777D6,
0xB29877D8,
0xB29977D9,
0xB29A77DA,
0xB29B77DD,
0xB29C77DE,
0xB29D77DF,
0xB29E77E0,
0xB29F77E1,
0xB2A077E4,
0xB2A175C5,
0xB2A25E76,
0xB2A373BB,
0xB2A483E0,
0xB2A564AD,
0xB2A662E8,
0xB2A794B5,
0xB2A86CE2,
0xB2A9535A,
0xB2AA52C3,
0xB2AB640F,
0xB2AC94C2,
0xB2AD7B94,
0xB2AE4F2F,
0xB2AF5E1B,
0xB2B08236,
0xB2B18116,
0xB2B2818A,
0xB2B36E24,
0xB2B46CCA,
0xB2B59A73,
0xB2B66355,
0xB2B7535C,
0xB2B854FA,
0xB2B98865,
0xB2BA57E0,
0xB2BB4E0D,
0xB2BC5E03,
0xB2BD6B65,
0xB2BE7C3F,
0xB2BF90E8,
0xB2C06016,
0xB2C164E6,
0xB2C2731C,
0xB2C388C1,
0xB2C46750,
0xB2C5624D,
0xB2C68D22,
0xB2C7776C,
0xB2C88E29,
0xB2C991C7,
0xB2CA5F69,
0xB2CB83DC,
0xB2CC8521,
0xB2CD9910,
0xB2CE53C2,
0xB2CF8695,
0xB2D06B8B,
0xB2D160ED,
0xB2D260E8,
0xB2D3707F,
0xB2D482CD,
0xB2D58231,
0xB2D64ED3,
0xB2D76CA7,
0xB2D885CF,
0xB2D964CD,
0xB2DA7CD9,
0xB2DB69FD,
0xB2DC66F9,
0xB2DD8349,
0xB2DE5395,
0xB2DF7B56,
0xB2E04FA7,
0xB2E1518C,
0xB2E26D4B,
0xB2E35C42,
0xB2E48E6D,
0xB2E563D2,
0xB2E653C9,
0xB2E7832C,
0xB2E88336,
0xB2E967E5,
0xB2EA78B4,
0xB2EB643D,
0xB2EC5BDF,
0xB2ED5C94,
0xB2EE5DEE,
0xB2EF8BE7,
0xB2F062C6,
0xB2F167F4,
0xB2F28C7A,
0xB2F36400,
0xB2F463BA,
0xB2F58749,
0xB2F6998B,
0xB2F78C17,
0xB2F87F20,
0xB2F994F2,
0xB2FA4EA7,
0xB2FB9610,
0xB2FC98A4,
0xB2FD660C,
0xB2FE7316,
0xB34077E6,
0xB34177E8,
0xB34277EA,
0xB34377EF,
0xB34477F0,
0xB34577F1,
0xB34677F2,
0xB34777F4,
0xB34877F5,
0xB34977F7,
0xB34A77F9,
0xB34B77FA,
0xB34C77FB,
0xB34D77FC,
0xB34E7803,
0xB34F7804,
0xB3507805,
0xB3517806,
0xB3527807,
0xB3537808,
0xB354780A,
0xB355780B,
0xB356780E,
0xB357780F,
0xB3587810,
0xB3597813,
0xB35A7815,
0xB35B7819,
0xB35C781B,
0xB35D781E,
0xB35E7820,
0xB35F7821,
0xB3607822,
0xB3617824,
0xB3627828,
0xB363782A,
0xB364782B,
0xB365782E,
0xB366782F,
0xB3677831,
0xB3687832,
0xB3697833,
0xB36A7835,
0xB36B7836,
0xB36C783D,
0xB36D783F,
0xB36E7841,
0xB36F7842,
0xB3707843,
0xB3717844,
0xB3727846,
0xB3737848,
0xB3747849,
0xB375784A,
0xB376784B,
0xB377784D,
0xB378784F,
0xB3797851,
0xB37A7853,
0xB37B7854,
0xB37C7858,
0xB37D7859,
0xB37E785A,
0xB380785B,
0xB381785C,
0xB382785E,
0xB383785F,
0xB3847860,
0xB3857861,
0xB3867862,
0xB3877863,
0xB3887864,
0xB3897865,
0xB38A7866,
0xB38B7867,
0xB38C7868,
0xB38D7869,
0xB38E786F,
0xB38F7870,
0xB3907871,
0xB3917872,
0xB3927873,
0xB3937874,
0xB3947875,
0xB3957876,
0xB3967878,
0xB3977879,
0xB398787A,
0xB399787B,
0xB39A787D,
0xB39B787E,
0xB39C787F,
0xB39D7880,
0xB39E7881,
0xB39F7882,
0xB3A07883,
0xB3A1573A,
0xB3A25C1D,
0xB3A35E38,
0xB3A4957F,
0xB3A5507F,
0xB3A680A0,
0xB3A75382,
0xB3A8655E,
0xB3A97545,
0xB3AA5531,
0xB3AB5021,
0xB3AC8D85,
0xB3AD6284,
0xB3AE949E,
0xB3AF671D,
0xB3B05632,
0xB3B16F6E,
0xB3B25DE2,
0xB3B35435,
0xB3B47092,
0xB3B58F66,
0xB3B6626F,
0xB3B764A4,
0xB3B863A3,
0xB3B95F7B,
0xB3BA6F88,
0xB3BB90F4,
0xB3BC81E3,
0xB3BD8FB0,
0xB3BE5C18,
0xB3BF6668,
0xB3C05FF1,
0xB3C16C89,
0xB3C29648,
0xB3C38D81,
0xB3C4886C,
0xB3C56491,
0xB3C679F0,
0xB3C757CE,
0xB3C86A59,
0xB3C96210,
0xB3CA5448,
0xB3CB4E58,
0xB3CC7A0B,
0xB3CD60E9,
0xB3CE6F84,
0xB3CF8BDA,
0xB3D0627F,
0xB3D1901E,
0xB3D29A8B,
0xB3D379E4,
0xB3D45403,
0xB3D575F4,
0xB3D66301,
0xB3D75319,
0xB3D86C60,
0xB3D98FDF,
0xB3DA5F1B,
0xB3DB9A70,
0xB3DC803B,
0xB3DD9F7F,
0xB3DE4F88,
0xB3DF5C3A,
0xB3E08D64,
0xB3E17FC5,
0xB3E265A5,
0xB3E370BD,
0xB3E45145,
0xB3E551B2,
0xB3E6866B,
0xB3E75D07,
0xB3E85BA0,
0xB3E962BD,
0xB3EA916C,
0xB3EB7574,
0xB3EC8E0C,
0xB3ED7A20,
0xB3EE6101,
0xB3EF7B79,
0xB3F04EC7,
0xB3F17EF8,
0xB3F27785,
0xB3F34E11,
0xB3F481ED,
0xB3F5521D,
0xB3F651FA,
0xB3F76A71,
0xB3F853A8,
0xB3F98E87,
0xB3FA9504,
0xB3FB96CF,
0xB3FC6EC1,
0xB3FD9664,
0xB3FE695A,
0xB4407884,
0xB4417885,
0xB4427886,
0xB4437888,
0xB444788A,
0xB445788B,
0xB446788F,
0xB4477890,
0xB4487892,
0xB4497894,
0xB44A7895,
0xB44B7896,
0xB44C7899,
0xB44D789D,
0xB44E789E,
0xB44F78A0,
0xB45078A2,
0xB45178A4,
0xB45278A6,
0xB45378A8,
0xB45478A9,
0xB45578AA,
0xB45678AB,
0xB45778AC,
0xB45878AD,
0xB45978AE,
0xB45A78AF,
0xB45B78B5,
0xB45C78B6,
0xB45D78B7,
0xB45E78B8,
0xB45F78BA,
0xB46078BB,
0xB46178BC,
0xB46278BD,
0xB46378BF,
0xB46478C0,
0xB46578C2,
0xB46678C3,
0xB46778C4,
0xB46878C6,
0xB46978C7,
0xB46A78C8,
0xB46B78CC,
0xB46C78CD,
0xB46D78CE,
0xB46E78CF,
0xB46F78D1,
0xB47078D2,
0xB47178D3,
0xB47278D6,
0xB47378D7,
0xB47478D8,
0xB47578DA,
0xB47678DB,
0xB47778DC,
0xB47878DD,
0xB47978DE,
0xB47A78DF,
0xB47B78E0,
0xB47C78E1,
0xB47D78E2,
0xB47E78E3,
0xB48078E4,
0xB48178E5,
0xB48278E6,
0xB48378E7,
0xB48478E9,
0xB48578EA,
0xB48678EB,
0xB48778ED,
0xB48878EE,
0xB48978EF,
0xB48A78F0,
0xB48B78F1,
0xB48C78F3,
0xB48D78F5,
0xB48E78F6,
0xB48F78F8,
0xB49078F9,
0xB49178FB,
0xB49278FC,
0xB49378FD,
0xB49478FE,
0xB49578FF,
0xB4967900,
0xB4977902,
0xB4987903,
0xB4997904,
0xB49A7906,
0xB49B7907,
0xB49C7908,
0xB49D7909,
0xB49E790A,
0xB49F790B,
0xB4A0790C,
0xB4A17840,
0xB4A250A8,
0xB4A377D7,
0xB4A46410,
0xB4A589E6,
0xB4A65904,
0xB4A763E3,
0xB4A85DDD,
0xB4A97A7F,
0xB4AA693D,
0xB4AB4F20,
0xB4AC8239,
0xB4AD5598,
0xB4AE4E32,
0xB4AF75AE,
0xB4B07A97,
0xB4B15E62,
0xB4B25E8A,
0xB4B395EF,
0xB4B4521B,
0xB4B55439,
0xB4B6708A,
0xB4B76376,
0xB4B89524,
0xB4B95782,
0xB4BA6625,
0xB4BB693F,
0xB4BC9187,
0xB4BD5507,
0xB4BE6DF3,
0xB4BF7EAF,
0xB4C08822,
0xB4C16233,
0xB4C27EF0,
0xB4C375B5,
0xB4C48328,
0xB4C578C1,
0xB4C696CC,
0xB4C78F9E,
0xB4C86148,
0xB4C974F7,
0xB4CA8BCD,
0xB4CB6B64,
0xB4CC523A,
0xB4CD8D50,
0xB4CE6B21,
0xB4CF806A,
0xB4D08471,
0xB4D156F1,
0xB4D25306,
0xB4D34ECE,
0xB4D44E1B,
0xB4D551D1,
0xB4D67C97,
0xB4D7918B,
0xB4D87C07,
0xB4D94FC3,
0xB4DA8E7F,
0xB4DB7BE1,
0xB4DC7A9C,
0xB4DD6467,
0xB4DE5D14,
0xB4DF50AC,
0xB4E08106,
0xB4E17601,
0xB4E27CB9,
0xB4E36DEC,
0xB4E47FE0,
0xB4E56751,
0xB4E65B58,
0xB4E75BF8,
0xB4E878CB,
0xB4E964AE,
0xB4EA6413,
0xB4EB63AA,
0xB4EC632B,
0xB4ED9519,
0xB4EE642D,
0xB4EF8FBE,
0xB4F07B54,
0xB4F17629,
0xB4F26253,
0xB4F35927,
0xB4F45446,
0xB4F56B79,
0xB4F650A3,
0xB4F76234,
0xB4F85E26,
0xB4F96B86,
0xB4FA4EE3,
0xB4FB8D37,
0xB4FC888B,
0xB4FD5F85,
0xB4FE902E,
0xB540790D,
0xB541790E,
0xB542790F,
0xB5437910,
0xB5447911,
0xB5457912,
0xB5467914,
0xB5477915,
0xB5487916,
0xB5497917,
0xB54A7918,
0xB54B7919,
0xB54C791A,
0xB54D791B,
0xB54E791C,
0xB54F791D,
0xB550791F,
0xB5517920,
0xB5527921,
0xB5537922,
0xB5547923,
0xB5557925,
0xB5567926,
0xB5577927,
0xB5587928,
0xB5597929,
0xB55A792A,
0xB55B792B,
0xB55C792C,
0xB55D792D,
0xB55E792E,
0xB55F792F,
0xB5607930,
0xB5617931,
0xB5627932,
0xB5637933,
0xB5647935,
0xB5657936,
0xB5667937,
0xB5677938,
0xB5687939,
0xB569793D,
0xB56A793F,
0xB56B7942,
0xB56C7943,
0xB56D7944,
0xB56E7945,
0xB56F7947,
0xB570794A,
0xB571794B,
0xB572794C,
0xB573794D,
0xB574794E,
0xB575794F,
0xB5767950,
0xB5777951,
0xB5787952,
0xB5797954,
0xB57A7955,
0xB57B7958,
0xB57C7959,
0xB57D7961,
0xB57E7963,
0xB5807964,
0xB5817966,
0xB5827969,
0xB583796A,
0xB584796B,
0xB585796C,
0xB586796E,
0xB5877970,
0xB5887971,
0xB5897972,
0xB58A7973,
0xB58B7974,
0xB58C7975,
0xB58D7976,
0xB58E7979,
0xB58F797B,
0xB590797C,
0xB591797D,
0xB592797E,
0xB593797F,
0xB5947982,
0xB5957983,
0xB5967986,
0xB5977987,
0xB5987988,
0xB5997989,
0xB59A798B,
0xB59B798C,
0xB59C798D,
0xB59D798E,
0xB59E7990,
0xB59F7991,
0xB5A07992,
0xB5A16020,
0xB5A2803D,
0xB5A362C5,
0xB5A44E39,
0xB5A55355,
0xB5A690F8,
0xB5A763B8,
0xB5A880C6,
0xB5A965E6,
0xB5AA6C2E,
0xB5AB4F46,
0xB5AC60EE,
0xB5AD6DE1,
0xB5AE8BDE,
0xB5AF5F39,
0xB5B086CB,
0xB5B15F53,
0xB5B26321,
0xB5B3515A,
0xB5B48361,
0xB5B56863,
0xB5B65200,
0xB5B76363,
0xB5B88E48,
0xB5B95012,
0xB5BA5C9B,
0xB5BB7977,
0xB5BC5BFC,
0xB5BD5230,
0xB5BE7A3B,
0xB5BF60BC,
0xB5C09053,
0xB5C176D7,
0xB5C25FB7,
0xB5C35F97,
0xB5C47684,
0xB5C58E6C,
0xB5C6706F,
0xB5C7767B,
0xB5C87B49,
0xB5C977AA,
0xB5CA51F3,
0xB5CB9093,
0xB5CC5824,
0xB5CD4F4E,
0xB5CE6EF4,
0xB5CF8FEA,
0xB5D0654C,
0xB5D17B1B,
0xB5D272C4,
0xB5D36DA4,
0xB5D47FDF,
0xB5D55AE1,
0xB5D662B5,
0xB5D75E95,
0xB5D85730,
0xB5D98482,
0xB5DA7B2C,
0xB5DB5E1D,
0xB5DC5F1F,
0xB5DD9012,
0xB5DE7F14,
0xB5DF98A0,
0xB5E06382,
0xB5E16EC7,
0xB5E27898,
0xB5E370B9,
0xB5E45178,
0xB5E5975B,
0xB5E657AB,
0xB5E77535,
0xB5E84F43,
0xB5E97538,
0xB5EA5E97,
0xB5EB60E6,
0xB5EC5960,
0xB5ED6DC0,
0xB5EE6BBF,
0xB5EF7889,
0xB5F053FC,
0xB5F196D5,
0xB5F251CB,
0xB5F35201,
0xB5F46389,
0xB5F5540A,
0xB5F69493,
0xB5F78C03,
0xB5F88DCC,
0xB5F97239,
0xB5FA789F,
0xB5FB8776,
0xB5FC8FED,
0xB5FD8C0D,
0xB5FE53E0,
0xB6407993,
0xB6417994,
0xB6427995,
0xB6437996,
0xB6447997,
0xB6457998,
0xB6467999,
0xB647799B,
0xB648799C,
0xB649799D,
0xB64A799E,
0xB64B799F,
0xB64C79A0,
0xB64D79A1,
0xB64E79A2,
0xB64F79A3,
0xB65079A4,
0xB65179A5,
0xB65279A6,
0xB65379A8,
0xB65479A9,
0xB65579AA,
0xB65679AB,
0xB65779AC,
0xB65879AD,
0xB65979AE,
0xB65A79AF,
0xB65B79B0,
0xB65C79B1,
0xB65D79B2,
0xB65E79B4,
0xB65F79B5,
0xB66079B6,
0xB66179B7,
0xB66279B8,
0xB66379BC,
0xB66479BF,
0xB66579C2,
0xB66679C4,
0xB66779C5,
0xB66879C7,
0xB66979C8,
0xB66A79CA,
0xB66B79CC,
0xB66C79CE,
0xB66D79CF,
0xB66E79D0,
0xB66F79D3,
0xB67079D4,
0xB67179D6,
0xB67279D7,
0xB67379D9,
0xB67479DA,
0xB67579DB,
0xB67679DC,
0xB67779DD,
0xB67879DE,
0xB67979E0,
0xB67A79E1,
0xB67B79E2,
0xB67C79E5,
0xB67D79E8,
0xB67E79EA,
0xB68079EC,
0xB68179EE,
0xB68279F1,
0xB68379F2,
0xB68479F3,
0xB68579F4,
0xB68679F5,
0xB68779F6,
0xB68879F7,
0xB68979F9,
0xB68A79FA,
0xB68B79FC,
0xB68C79FE,
0xB68D79FF,
0xB68E7A01,
0xB68F7A04,
0xB6907A05,
0xB6917A07,
0xB6927A08,
0xB6937A09,
0xB6947A0A,
0xB6957A0C,
0xB6967A0F,
0xB6977A10,
0xB6987A11,
0xB6997A12,
0xB69A7A13,
0xB69B7A15,
0xB69C7A16,
0xB69D7A18,
0xB69E7A19,
0xB69F7A1B,
0xB6A07A1C,
0xB6A14E01,
0xB6A276EF,
0xB6A353EE,
0xB6A49489,
0xB6A59876,
0xB6A69F0E,
0xB6A7952D,
0xB6A85B9A,
0xB6A98BA2,
0xB6AA4E22,
0xB6AB4E1C,
0xB6AC51AC,
0xB6AD8463,
0xB6AE61C2,
0xB6AF52A8,
0xB6B0680B,
0xB6B14F97,
0xB6B2606B,
0xB6B351BB,
0xB6B46D1E,
0xB6B5515C,
0xB6B66296,
0xB6B76597,
0xB6B89661,
0xB6B98C46,
0xB6BA9017,
0xB6BB75D8,
0xB6BC90FD,
0xB6BD7763,
0xB6BE6BD2,
0xB6BF728A,
0xB6C072EC,
0xB6C18BFB,
0xB6C25835,
0xB6C37779,
0xB6C48D4C,
0xB6C5675C,
0xB6C69540,
0xB6C7809A,
0xB6C85EA6,
0xB6C96E21,
0xB6CA5992,
0xB6CB7AEF,
0xB6CC77ED,
0xB6CD953B,
0xB6CE6BB5,
0xB6CF65AD,
0xB6D07F0E,
0xB6D15806,
0xB6D25151,
0xB6D3961F,
0xB6D45BF9,
0xB6D558A9,
0xB6D65428,
0xB6D78E72,
0xB6D86566,
0xB6D9987F,
0xB6DA56E4,
0xB6DB949D,
0xB6DC76FE,
0xB6DD9041,
0xB6DE6387,
0xB6DF54C6,
0xB6E0591A,
0xB6E1593A,
0xB6E2579B,
0xB6E38EB2,
0xB6E46735,
0xB6E58DFA,
0xB6E68235,
0xB6E75241,
0xB6E860F0,
0xB6E95815,
0xB6EA86FE,
0xB6EB5CE8,
0xB6EC9E45,
0xB6ED4FC4,
0xB6EE989D,
0xB6EF8BB9,
0xB6F05A25,
0xB6F16076,
0xB6F25384,
0xB6F3627C,
0xB6F4904F,
0xB6F59102,
0xB6F6997F,
0xB6F76069,
0xB6F8800C,
0xB6F9513F,
0xB6FA8033,
0xB6FB5C14,
0xB6FC9975,
0xB6FD6D31,
0xB6FE4E8C,
0xB7407A1D,
0xB7417A1F,
0xB7427A21,
0xB7437A22,
0xB7447A24,
0xB7457A25,
0xB7467A26,
0xB7477A27,
0xB7487A28,
0xB7497A29,
0xB74A7A2A,
0xB74B7A2B,
0xB74C7A2C,
0xB74D7A2D,
0xB74E7A2E,
0xB74F7A2F,
0xB7507A30,
0xB7517A31,
0xB7527A32,
0xB7537A34,
0xB7547A35,
0xB7557A36,
0xB7567A38,
0xB7577A3A,
0xB7587A3E,
0xB7597A40,
0xB75A7A41,
0xB75B7A42,
0xB75C7A43,
0xB75D7A44,
0xB75E7A45,
0xB75F7A47,
0xB7607A48,
0xB7617A49,
0xB7627A4A,
0xB7637A4B,
0xB7647A4C,
0xB7657A4D,
0xB7667A4E,
0xB7677A4F,
0xB7687A50,
0xB7697A52,
0xB76A7A53,
0xB76B7A54,
0xB76C7A55,
0xB76D7A56,
0xB76E7A58,
0xB76F7A59,
0xB7707A5A,
0xB7717A5B,
0xB7727A5C,
0xB7737A5D,
0xB7747A5E,
0xB7757A5F,
0xB7767A60,
0xB7777A61,
0xB7787A62,
0xB7797A63,
0xB77A7A64,
0xB77B7A65,
0xB77C7A66,
0xB77D7A67,
0xB77E7A68,
0xB7807A69,
0xB7817A6A,
0xB7827A6B,
0xB7837A6C,
0xB7847A6D,
0xB7857A6E,
0xB7867A6F,
0xB7877A71,
0xB7887A72,
0xB7897A73,
0xB78A7A75,
0xB78B7A7B,
0xB78C7A7C,
0xB78D7A7D,
0xB78E7A7E,
0xB78F7A82,
0xB7907A85,
0xB7917A87,
0xB7927A89,
0xB7937A8A,
0xB7947A8B,
0xB7957A8C,
0xB7967A8E,
0xB7977A8F,
0xB7987A90,
0xB7997A93,
0xB79A7A94,
0xB79B7A99,
0xB79C7A9A,
0xB79D7A9B,
0xB79E7A9E,
0xB79F7AA1,
0xB7A07AA2,
0xB7A18D30,
0xB7A253D1,
0xB7A37F5A,
0xB7A47B4F,
0xB7A54F10,
0xB7A64E4F,
0xB7A79600,
0xB7A86CD5,
0xB7A973D0,
0xB7AA85E9,
0xB7AB5E06,
0xB7AC756A,
0xB7AD7FFB,
0xB7AE6A0A,
0xB7AF77FE,
0xB7B09492,
0xB7B17E41,
0xB7B251E1,
0xB7B370E6,
0xB7B453CD,
0xB7B58FD4,
0xB7B68303,
0xB7B78D29,
0xB7B872AF,
0xB7B9996D,
0xB7BA6CDB,
0xB7BB574A,
0xB7BC82B3,
0xB7BD65B9,
0xB7BE80AA,
0xB7BF623F,
0xB7C09632,
0xB7C159A8,
0xB7C24EFF,
0xB7C38BBF,
0xB7C47EBA,
0xB7C5653E,
0xB7C683F2,
0xB7C7975E,
0xB7C85561,
0xB7C998DE,
0xB7CA80A5,
0xB7CB532A,
0xB7CC8BFD,
0xB7CD5420,
0xB7CE80BA,
0xB7CF5E9F,
0xB7D06CB8,
0xB7D18D39,
0xB7D282AC,
0xB7D3915A,
0xB7D45429,
0xB7D56C1B,
0xB7D65206,
0xB7D77EB7,
0xB7D8575F,
0xB7D9711A,
0xB7DA6C7E,
0xB7DB7C89,
0xB7DC594B,
0xB7DD4EFD,
0xB7DE5FFF,
0xB7DF6124,
0xB7E07CAA,
0xB7E14E30,
0xB7E25C01,
0xB7E367AB,
0xB7E48702,
0xB7E55CF0,
0xB7E6950B,
0xB7E798CE,
0xB7E875AF,
0xB7E970FD,
0xB7EA9022,
0xB7EB51AF,
0xB7EC7F1D,
0xB7ED8BBD,
0xB7EE5949,
0xB7EF51E4,
0xB7F04F5B,
0xB7F15426,
0xB7F2592B,
0xB7F36577,
0xB7F480A4,
0xB7F55B75,
0xB7F66276,
0xB7F762C2,
0xB7F88F90,
0xB7F95E45,
0xB7FA6C1F,
0xB7FB7B26,
0xB7FC4F0F,
0xB7FD4FD8,
0xB7FE670D,
0xB8407AA3,
0xB8417AA4,
0xB8427AA7,
0xB8437AA9,
0xB8447AAA,
0xB8457AAB,
0xB8467AAE,
0xB8477AAF,
0xB8487AB0,
0xB8497AB1,
0xB84A7AB2,
0xB84B7AB4,
0xB84C7AB5,
0xB84D7AB6,
0xB84E7AB7,
0xB84F7AB8,
0xB8507AB9,
0xB8517ABA,
0xB8527ABB,
0xB8537ABC,
0xB8547ABD,
0xB8557ABE,
0xB8567AC0,
0xB8577AC1,
0xB8587AC2,
0xB8597AC3,
0xB85A7AC4,
0xB85B7AC5,
0xB85C7AC6,
0xB85D7AC7,
0xB85E7AC8,
0xB85F7AC9,
0xB8607ACA,
0xB8617ACC,
0xB8627ACD,
0xB8637ACE,
0xB8647ACF,
0xB8657AD0,
0xB8667AD1,
0xB8677AD2,
0xB8687AD3,
0xB8697AD4,
0xB86A7AD5,
0xB86B7AD7,
0xB86C7AD8,
0xB86D7ADA,
0xB86E7ADB,
0xB86F7ADC,
0xB8707ADD,
0xB8717AE1,
0xB8727AE2,
0xB8737AE4,
0xB8747AE7,
0xB8757AE8,
0xB8767AE9,
0xB8777AEA,
0xB8787AEB,
0xB8797AEC,
0xB87A7AEE,
0xB87B7AF0,
0xB87C7AF1,
0xB87D7AF2,
0xB87E7AF3,
0xB8807AF4,
0xB8817AF5,
0xB8827AF6,
0xB8837AF7,
0xB8847AF8,
0xB8857AFB,
0xB8867AFC,
0xB8877AFE,
0xB8887B00,
0xB8897B01,
0xB88A7B02,
0xB88B7B05,
0xB88C7B07,
0xB88D7B09,
0xB88E7B0C,
0xB88F7B0D,
0xB8907B0E,
0xB8917B10,
0xB8927B12,
0xB8937B13,
0xB8947B16,
0xB8957B17,
0xB8967B18,
0xB8977B1A,
0xB8987B1C,
0xB8997B1D,
0xB89A7B1F,
0xB89B7B21,
0xB89C7B22,
0xB89D7B23,
0xB89E7B27,
0xB89F7B29,
0xB8A07B2D,
0xB8A16D6E,
0xB8A26DAA,
0xB8A3798F,
0xB8A488B1,
0xB8A55F17,
0xB8A6752B,
0xB8A7629A,
0xB8A88F85,
0xB8A94FEF,
0xB8AA91DC,
0xB8AB65A7,
0xB8AC812F,
0xB8AD8151,
0xB8AE5E9C,
0xB8AF8150,
0xB8B08D74,
0xB8B1526F,
0xB8B28986,
0xB8B38D4B,
0xB8B4590D,
0xB8B55085,
0xB8B64ED8,
0xB8B7961C,
0xB8B87236,
0xB8B98179,
0xB8BA8D1F,
0xB8BB5BCC,
0xB8BC8BA3,
0xB8BD9644,
0xB8BE5987,
0xB8BF7F1A,
0xB8C05490,
0xB8C15676,
0xB8C2560E,
0xB8C38BE5,
0xB8C46539,
0xB8C56982,
0xB8C69499,
0xB8C776D6,
0xB8C86E89,
0xB8C95E72,
0xB8CA7518,
0xB8CB6746,
0xB8CC67D1,
0xB8CD7AFF,
0xB8CE809D,
0xB8CF8D76,
0xB8D0611F,
0xB8D179C6,
0xB8D26562,
0xB8D38D63,
0xB8D45188,
0xB8D5521A,
0xB8D694A2,
0xB8D77F38,
0xB8D8809B,
0xB8D97EB2,
0xB8DA5C97,
0xB8DB6E2F,
0xB8DC6760,
0xB8DD7BD9,
0xB8DE768B,
0xB8DF9AD8,
0xB8E0818F,
0xB8E17F94,
0xB8E27CD5,
0xB8E3641E,
0xB8E49550,
0xB8E57A3F,
0xB8E6544A,
0xB8E754E5,
0xB8E86B4C,
0xB8E96401,
0xB8EA6208,
0xB8EB9E3D,
0xB8EC80F3,
0xB8ED7599,
0xB8EE5272,
0xB8EF9769,
0xB8F0845B,
0xB8F1683C,
0xB8F286E4,
0xB8F39601,
0xB8F49694,
0xB8F594EC,
0xB8F64E2A,
0xB8F75404,
0xB8F87ED9,
0xB8F96839,
0xB8FA8DDF,
0xB8FB8015,
0xB8FC66F4,
0xB8FD5E9A,
0xB8FE7FB9,
0xB9407B2F,
0xB9417B30,
0xB9427B32,
0xB9437B34,
0xB9447B35,
0xB9457B36,
0xB9467B37,
0xB9477B39,
0xB9487B3B,
0xB9497B3D,
0xB94A7B3F,
0xB94B7B40,
0xB94C7B41,
0xB94D7B42,
0xB94E7B43,
0xB94F7B44,
0xB9507B46,
0xB9517B48,
0xB9527B4A,
0xB9537B4D,
0xB9547B4E,
0xB9557B53,
0xB9567B55,
0xB9577B57,
0xB9587B59,
0xB9597B5C,
0xB95A7B5E,
0xB95B7B5F,
0xB95C7B61,
0xB95D7B63,
0xB95E7B64,
0xB95F7B65,
0xB9607B66,
0xB9617B67,
0xB9627B68,
0xB9637B69,
0xB9647B6A,
0xB9657B6B,
0xB9667B6C,
0xB9677B6D,
0xB9687B6F,
0xB9697B70,
0xB96A7B73,
0xB96B7B74,
0xB96C7B76,
0xB96D7B78,
0xB96E7B7A,
0xB96F7B7C,
0xB9707B7D,
0xB9717B7F,
0xB9727B81,
0xB9737B82,
0xB9747B83,
0xB9757B84,
0xB9767B86,
0xB9777B87,
0xB9787B88,
0xB9797B89,
0xB97A7B8A,
0xB97B7B8B,
0xB97C7B8C,
0xB97D7B8E,
0xB97E7B8F,
0xB9807B91,
0xB9817B92,
0xB9827B93,
0xB9837B96,
0xB9847B98,
0xB9857B99,
0xB9867B9A,
0xB9877B9B,
0xB9887B9E,
0xB9897B9F,
0xB98A7BA0,
0xB98B7BA3,
0xB98C7BA4,
0xB98D7BA5,
0xB98E7BAE,
0xB98F7BAF,
0xB9907BB0,
0xB9917BB2,
0xB9927BB3,
0xB9937BB5,
0xB9947BB6,
0xB9957BB7,
0xB9967BB9,
0xB9977BBA,
0xB9987BBB,
0xB9997BBC,
0xB99A7BBD,
0xB99B7BBE,
0xB99C7BBF,
0xB99D7BC0,
0xB99E7BC2,
0xB99F7BC3,
0xB9A07BC4,
0xB9A157C2,
0xB9A2803F,
0xB9A36897,
0xB9A45DE5,
0xB9A5653B,
0xB9A6529F,
0xB9A7606D,
0xB9A89F9A,
0xB9A94F9B,
0xB9AA8EAC,
0xB9AB516C,
0xB9AC5BAB,
0xB9AD5F13,
0xB9AE5DE9,
0xB9AF6C5E,
0xB9B062F1,
0xB9B18D21,
0xB9B25171,
0xB9B394A9,
0xB9B452FE,
0xB9B56C9F,
0xB9B682DF,
0xB9B772D7,
0xB9B857A2,
0xB9B96784,
0xB9BA8D2D,
0xB9BB591F,
0xB9BC8F9C,
0xB9BD83C7,
0xB9BE5495,
0xB9BF7B8D,
0xB9C04F30,
0xB9C16CBD,
0xB9C25B64,
0xB9C359D1,
0xB9C49F13,
0xB9C553E4,
0xB9C686CA,
0xB9C79AA8,
0xB9C88C37,
0xB9C980A1,
0xB9CA6545,
0xB9CB987E,
0xB9CC56FA,
0xB9CD96C7,
0xB9CE522E,
0xB9CF74DC,
0xB9D05250,
0xB9D15BE1,
0xB9D26302,
0xB9D38902,
0xB9D44E56,
0xB9D562D0,
0xB9D6602A,
0xB9D768FA,
0xB9D85173,
0xB9D95B98,
0xB9DA51A0,
0xB9DB89C2,
0xB9DC7BA1,
0xB9DD9986,
0xB9DE7F50,
0xB9DF60EF,
0xB9E0704C,
0xB9E18D2F,
0xB9E25149,
0xB9E35E7F,
0xB9E4901B,
0xB9E57470,
0xB9E689C4,
0xB9E7572D,
0xB9E87845,
0xB9E95F52,
0xB9EA9F9F,
0xB9EB95FA,
0xB9EC8F68,
0xB9ED9B3C,
0xB9EE8BE1,
0xB9EF7678,
0xB9F06842,
0xB9F167DC,
0xB9F28DEA,
0xB9F38D35,
0xB9F4523D,
0xB9F58F8A,
0xB9F66EDA,
0xB9F768CD,
0xB9F89505,
0xB9F990ED,
0xB9FA56FD,
0xB9FB679C,
0xB9FC88F9,
0xB9FD8FC7,
0xB9FE54C8,
0xBA407BC5,
0xBA417BC8,
0xBA427BC9,
0xBA437BCA,
0xBA447BCB,
0xBA457BCD,
0xBA467BCE,
0xBA477BCF,
0xBA487BD0,
0xBA497BD2,
0xBA4A7BD4,
0xBA4B7BD5,
0xBA4C7BD6,
0xBA4D7BD7,
0xBA4E7BD8,
0xBA4F7BDB,
0xBA507BDC,
0xBA517BDE,
0xBA527BDF,
0xBA537BE0,
0xBA547BE2,
0xBA557BE3,
0xBA567BE4,
0xBA577BE7,
0xBA587BE8,
0xBA597BE9,
0xBA5A7BEB,
0xBA5B7BEC,
0xBA5C7BED,
0xBA5D7BEF,
0xBA5E7BF0,
0xBA5F7BF2,
0xBA607BF3,
0xBA617BF4,
0xBA627BF5,
0xBA637BF6,
0xBA647BF8,
0xBA657BF9,
0xBA667BFA,
0xBA677BFB,
0xBA687BFD,
0xBA697BFF,
0xBA6A7C00,
0xBA6B7C01,
0xBA6C7C02,
0xBA6D7C03,
0xBA6E7C04,
0xBA6F7C05,
0xBA707C06,
0xBA717C08,
0xBA727C09,
0xBA737C0A,
0xBA747C0D,
0xBA757C0E,
0xBA767C10,
0xBA777C11,
0xBA787C12,
0xBA797C13,
0xBA7A7C14,
0xBA7B7C15,
0xBA7C7C17,
0xBA7D7C18,
0xBA7E7C19,
0xBA807C1A,
0xBA817C1B,
0xBA827C1C,
0xBA837C1D,
0xBA847C1E,
0xBA857C20,
0xBA867C21,
0xBA877C22,
0xBA887C23,
0xBA897C24,
0xBA8A7C25,
0xBA8B7C28,
0xBA8C7C29,
0xBA8D7C2B,
0xBA8E7C2C,
0xBA8F7C2D,
0xBA907C2E,
0xBA917C2F,
0xBA927C30,
0xBA937C31,
0xBA947C32,
0xBA957C33,
0xBA967C34,
0xBA977C35,
0xBA987C36,
0xBA997C37,
0xBA9A7C39,
0xBA9B7C3A,
0xBA9C7C3B,
0xBA9D7C3C,
0xBA9E7C3D,
0xBA9F7C3E,
0xBAA07C42,
0xBAA19AB8,
0xBAA25B69,
0xBAA36D77,
0xBAA46C26,
0xBAA54EA5,
0xBAA65BB3,
0xBAA79A87,
0xBAA89163,
0xBAA961A8,
0xBAAA90AF,
0xBAAB97E9,
0xBAAC542B,
0xBAAD6DB5,
0xBAAE5BD2,
0xBAAF51FD,
0xBAB0558A,
0xBAB17F55,
0xBAB27FF0,
0xBAB364BC,
0xBAB4634D,
0xBAB565F1,
0xBAB661BE,
0xBAB7608D,
0xBAB8710A,
0xBAB96C57,
0xBABA6C49,
0xBABB592F,
0xBABC676D,
0xBABD822A,
0xBABE58D5,
0xBABF568E,
0xBAC08C6A,
0xBAC16BEB,
0xBAC290DD,
0xBAC3597D,
0xBAC48017,
0xBAC553F7,
0xBAC66D69,
0xBAC75475,
0xBAC8559D,
0xBAC98377,
0xBACA83CF,
0xBACB6838,
0xBACC79BE,
0xBACD548C,
0xBACE4F55,
0xBACF5408,
0xBAD076D2,
0xBAD18C89,
0xBAD29602,
0xBAD36CB3,
0xBAD46DB8,
0xBAD58D6B,
0xBAD68910,
0xBAD79E64,
0xBAD88D3A,
0xBAD9563F,
0xBADA9ED1,
0xBADB75D5,
0xBADC5F88,
0xBADD72E0,
0xBADE6068,
0xBADF54FC,
0xBAE04EA8,
0xBAE16A2A,
0xBAE28861,
0xBAE36052,
0xBAE48F70,
0xBAE554C4,
0xBAE670D8,
0xBAE78679,
0xBAE89E3F,
0xBAE96D2A,
0xBAEA5B8F,
0xBAEB5F18,
0xBAEC7EA2,
0xBAED5589,
0xBAEE4FAF,
0xBAEF7334,
0xBAF0543C,
0xBAF1539A,
0xBAF25019,
0xBAF3540E,
0xBAF4547C,
0xBAF54E4E,
0xBAF65FFD,
0xBAF7745A,
0xBAF858F6,
0xBAF9846B,
0xBAFA80E1,
0xBAFB8774,
0xBAFC72D0,
0xBAFD7CCA,
0xBAFE6E56,
0xBB407C43,
0xBB417C44,
0xBB427C45,
0xBB437C46,
0xBB447C47,
0xBB457C48,
0xBB467C49,
0xBB477C4A,
0xBB487C4B,
0xBB497C4C,
0xBB4A7C4E,
0xBB4B7C4F,
0xBB4C7C50,
0xBB4D7C51,
0xBB4E7C52,
0xBB4F7C53,
0xBB507C54,
0xBB517C55,
0xBB527C56,
0xBB537C57,
0xBB547C58,
0xBB557C59,
0xBB567C5A,
0xBB577C5B,
0xBB587C5C,
0xBB597C5D,
0xBB5A7C5E,
0xBB5B7C5F,
0xBB5C7C60,
0xBB5D7C61,
0xBB5E7C62,
0xBB5F7C63,
0xBB607C64,
0xBB617C65,
0xBB627C66,
0xBB637C67,
0xBB647C68,
0xBB657C69,
0xBB667C6A,
0xBB677C6B,
0xBB687C6C,
0xBB697C6D,
0xBB6A7C6E,
0xBB6B7C6F,
0xBB6C7C70,
0xBB6D7C71,
0xBB6E7C72,
0xBB6F7C75,
0xBB707C76,
0xBB717C77,
0xBB727C78,
0xBB737C79,
0xBB747C7A,
0xBB757C7E,
0xBB767C7F,
0xBB777C80,
0xBB787C81,
0xBB797C82,
0xBB7A7C83,
0xBB7B7C84,
0xBB7C7C85,
0xBB7D7C86,
0xBB7E7C87,
0xBB807C88,
0xBB817C8A,
0xBB827C8B,
0xBB837C8C,
0xBB847C8D,
0xBB857C8E,
0xBB867C8F,
0xBB877C90,
0xBB887C93,
0xBB897C94,
0xBB8A7C96,
0xBB8B7C99,
0xBB8C7C9A,
0xBB8D7C9B,
0xBB8E7CA0,
0xBB8F7CA1,
0xBB907CA3,
0xBB917CA6,
0xBB927CA7,
0xBB937CA8,
0xBB947CA9,
0xBB957CAB,
0xBB967CAC,
0xBB977CAD,
0xBB987CAF,
0xBB997CB0,
0xBB9A7CB4,
0xBB9B7CB5,
0xBB9C7CB6,
0xBB9D7CB7,
0xBB9E7CB8,
0xBB9F7CBA,
0xBBA07CBB,
0xBBA15F27,
0xBBA2864E,
0xBBA3552C,
0xBBA462A4,
0xBBA54E92,
0xBBA66CAA,
0xBBA76237,
0xBBA882B1,
0xBBA954D7,
0xBBAA534E,
0xBBAB733E,
0xBBAC6ED1,
0xBBAD753B,
0xBBAE5212,
0xBBAF5316,
0xBBB08BDD,
0xBBB169D0,
0xBBB25F8A,
0xBBB36000,
0xBBB46DEE,
0xBBB5574F,
0xBBB66B22,
0xBBB773AF,
0xBBB86853,
0xBBB98FD8,
0xBBBA7F13,
0xBBBB6362,
0xBBBC60A3,
0xBBBD5524,
0xBBBE75EA,
0xBBBF8C62,
0xBBC07115,
0xBBC16DA3,
0xBBC25BA6,
0xBBC35E7B,
0xBBC48352,
0xBBC5614C,
0xBBC69EC4,
0xBBC778FA,
0xBBC88757,
0xBBC97C27,
0xBBCA7687,
0xBBCB51F0,
0xBBCC60F6,
0xBBCD714C,
0xBBCE6643,
0xBBCF5E4C,
0xBBD0604D,
0xBBD18C0E,
0xBBD27070,
0xBBD36325,
0xBBD48F89,
0xBBD55FBD,
0xBBD66062,
0xBBD786D4,
0xBBD856DE,
0xBBD96BC1,
0xBBDA6094,
0xBBDB6167,
0xBBDC5349,
0xBBDD60E0,
0xBBDE6666,
0xBBDF8D3F,
0xBBE079FD,
0xBBE14F1A,
0xBBE270E9,
0xBBE36C47,
0xBBE48BB3,
0xBBE58BF2,
0xBBE67ED8,
0xBBE78364,
0xBBE8660F,
0xBBE95A5A,
0xBBEA9B42,
0xBBEB6D51,
0xBBEC6DF7,
0xBBED8C41,
0xBBEE6D3B,
0xBBEF4F19,
0xBBF0706B,
0xBBF183B7,
0xBBF26216,
0xBBF360D1,
0xBBF4970D,
0xBBF58D27,
0xBBF67978,
0xBBF751FB,
0xBBF8573E,
0xBBF957FA,
0xBBFA673A,
0xBBFB7578,
0xBBFC7A3D,
0xBBFD79EF,
0xBBFE7B95,
0xBC407CBF,
0xBC417CC0,
0xBC427CC2,
0xBC437CC3,
0xBC447CC4,
0xBC457CC6,
0xBC467CC9,
0xBC477CCB,
0xBC487CCE,
0xBC497CCF,
0xBC4A7CD0,
0xBC4B7CD1,
0xBC4C7CD2,
0xBC4D7CD3,
0xBC4E7CD4,
0xBC4F7CD8,
0xBC507CDA,
0xBC517CDB,
0xBC527CDD,
0xBC537CDE,
0xBC547CE1,
0xBC557CE2,
0xBC567CE3,
0xBC577CE4,
0xBC587CE5,
0xBC597CE6,
0xBC5A7CE7,
0xBC5B7CE9,
0xBC5C7CEA,
0xBC5D7CEB,
0xBC5E7CEC,
0xBC5F7CED,
0xBC607CEE,
0xBC617CF0,
0xBC627CF1,
0xBC637CF2,
0xBC647CF3,
0xBC657CF4,
0xBC667CF5,
0xBC677CF6,
0xBC687CF7,
0xBC697CF9,
0xBC6A7CFA,
0xBC6B7CFC,
0xBC6C7CFD,
0xBC6D7CFE,
0xBC6E7CFF,
0xBC6F7D00,
0xBC707D01,
0xBC717D02,
0xBC727D03,
0xBC737D04,
0xBC747D05,
0xBC757D06,
0xBC767D07,
0xBC777D08,
0xBC787D09,
0xBC797D0B,
0xBC7A7D0C,
0xBC7B7D0D,
0xBC7C7D0E,
0xBC7D7D0F,
0xBC7E7D10,
0xBC807D11,
0xBC817D12,
0xBC827D13,
0xBC837D14,
0xBC847D15,
0xBC857D16,
0xBC867D17,
0xBC877D18,
0xBC887D19,
0xBC897D1A,
0xBC8A7D1B,
0xBC8B7D1C,
0xBC8C7D1D,
0xBC8D7D1E,
0xBC8E7D1F,
0xBC8F7D21,
0xBC907D23,
0xBC917D24,
0xBC927D25,
0xBC937D26,
0xBC947D28,
0xBC957D29,
0xBC967D2A,
0xBC977D2C,
0xBC987D2D,
0xBC997D2E,
0xBC9A7D30,
0xBC9B7D31,
0xBC9C7D32,
0xBC9D7D33,
0xBC9E7D34,
0xBC9F7D35,
0xBCA07D36,
0xBCA1808C,
0xBCA29965,
0xBCA38FF9,
0xBCA46FC0,
0xBCA58BA5,
0xBCA69E21,
0xBCA759EC,
0xBCA87EE9,
0xBCA97F09,
0xBCAA5409,
0xBCAB6781,
0xBCAC68D8,
0xBCAD8F91,
0xBCAE7C4D,
0xBCAF96C6,
0xBCB053CA,
0xBCB16025,
0xBCB275BE,
0xBCB36C72,
0xBCB45373,
0xBCB55AC9,
0xBCB67EA7,
0xBCB76324,
0xBCB851E0,
0xBCB9810A,
0xBCBA5DF1,
0xBCBB84DF,
0xBCBC6280,
0xBCBD5180,
0xBCBE5B63,
0xBCBF4F0E,
0xBCC0796D,
0xBCC15242,
0xBCC260B8,
0xBCC36D4E,
0xBCC45BC4,
0xBCC55BC2,
0xBCC68BA1,
0xBCC78BB0,
0xBCC865E2,
0xBCC95FCC,
0xBCCA9645,
0xBCCB5993,
0xBCCC7EE7,
0xBCCD7EAA,
0xBCCE5609,
0xBCCF67B7,
0xBCD05939,
0xBCD14F73,
0xBCD25BB6,
0xBCD352A0,
0xBCD4835A,
0xBCD5988A,
0xBCD68D3E,
0xBCD77532,
0xBCD894BE,
0xBCD95047,
0xBCDA7A3C,
0xBCDB4EF7,
0xBCDC67B6,
0xBCDD9A7E,
0xBCDE5AC1,
0xBCDF6B7C,
0xBCE076D1,
0xBCE1575A,
0xBCE25C16,
0xBCE37B3A,
0xBCE495F4,
0xBCE5714E,
0xBCE6517C,
0xBCE780A9,
0xBCE88270,
0xBCE95978,
0xBCEA7F04,
0xBCEB8327,
0xBCEC68C0,
0xBCED67EC,
0xBCEE78B1,
0xBCEF7877,
0xBCF062E3,
0xBCF16361,
0xBCF27B80,
0xBCF34FED,
0xBCF4526A,
0xBCF551CF,
0xBCF68350,
0xBCF769DB,
0xBCF89274,
0xBCF98DF5,
0xBCFA8D31,
0xBCFB89C1,
0xBCFC952E,
0xBCFD7BAD,
0xBCFE4EF6,
0xBD407D37,
0xBD417D38,
0xBD427D39,
0xBD437D3A,
0xBD447D3B,
0xBD457D3C,
0xBD467D3D,
0xBD477D3E,
0xBD487D3F,
0xBD497D40,
0xBD4A7D41,
0xBD4B7D42,
0xBD4C7D43,
0xBD4D7D44,
0xBD4E7D45,
0xBD4F7D46,
0xBD507D47,
0xBD517D48,
0xBD527D49,
0xBD537D4A,
0xBD547D4B,
0xBD557D4C,
0xBD567D4D,
0xBD577D4E,
0xBD587D4F,
0xBD597D50,
0xBD5A7D51,
0xBD5B7D52,
0xBD5C7D53,
0xBD5D7D54,
0xBD5E7D55,
0xBD5F7D56,
0xBD607D57,
0xBD617D58,
0xBD627D59,
0xBD637D5A,
0xBD647D5B,
0xBD657D5C,
0xBD667D5D,
0xBD677D5E,
0xBD687D5F,
0xBD697D60,
0xBD6A7D61,
0xBD6B7D62,
0xBD6C7D63,
0xBD6D7D64,
0xBD6E7D65,
0xBD6F7D66,
0xBD707D67,
0xBD717D68,
0xBD727D69,
0xBD737D6A,
0xBD747D6B,
0xBD757D6C,
0xBD767D6D,
0xBD777D6F,
0xBD787D70,
0xBD797D71,
0xBD7A7D72,
0xBD7B7D73,
0xBD7C7D74,
0xBD7D7D75,
0xBD7E7D76,
0xBD807D78,
0xBD817D79,
0xBD827D7A,
0xBD837D7B,
0xBD847D7C,
0xBD857D7D,
0xBD867D7E,
0xBD877D7F,
0xBD887D80,
0xBD897D81,
0xBD8A7D82,
0xBD8B7D83,
0xBD8C7D84,
0xBD8D7D85,
0xBD8E7D86,
0xBD8F7D87,
0xBD907D88,
0xBD917D89,
0xBD927D8A,
0xBD937D8B,
0xBD947D8C,
0xBD957D8D,
0xBD967D8E,
0xBD977D8F,
0xBD987D90,
0xBD997D91,
0xBD9A7D92,
0xBD9B7D93,
0xBD9C7D94,
0xBD9D7D95,
0xBD9E7D96,
0xBD9F7D97,
0xBDA07D98,
0xBDA15065,
0xBDA28230,
0xBDA35251,
0xBDA4996F,
0xBDA56E10,
0xBDA66E85,
0xBDA76DA7,
0xBDA85EFA,
0xBDA950F5,
0xBDAA59DC,
0xBDAB5C06,
0xBDAC6D46,
0xBDAD6C5F,
0xBDAE7586,
0xBDAF848B,
0xBDB06868,
0xBDB15956,
0xBDB28BB2,
0xBDB35320,
0xBDB49171,
0xBDB5964D,
0xBDB68549,
0xBDB76912,
0xBDB87901,
0xBDB97126,
0xBDBA80F6,
0xBDBB4EA4,
0xBDBC90CA,
0xBDBD6D47,
0xBDBE9A84,
0xBDBF5A07,
0xBDC056BC,
0xBDC16405,
0xBDC294F0,
0xBDC377EB,
0xBDC44FA5,
0xBDC5811A,
0xBDC672E1,
0xBDC789D2,
0xBDC8997A,
0xBDC97F34,
0xBDCA7EDE,
0xBDCB527F,
0xBDCC6559,
0xBDCD9175,
0xBDCE8F7F,
0xBDCF8F83,
0xBDD053EB,
0xBDD17A96,
0xBDD263ED,
0xBDD363A5,
0xBDD47686,
0xBDD579F8,
0xBDD68857,
0xBDD79636,
0xBDD8622A,
0xBDD952AB,
0xBDDA8282,
0xBDDB6854,
0xBDDC6770,
0xBDDD6377,
0xBDDE776B,
0xBDDF7AED,
0xBDE06D01,
0xBDE17ED3,
0xBDE289E3,
0xBDE359D0,
0xBDE46212,
0xBDE585C9,
0xBDE682A5,
0xBDE7754C,
0xBDE8501F,
0xBDE94ECB,
0xBDEA75A5,
0xBDEB8BEB,
0xBDEC5C4A,
0xBDED5DFE,
0xBDEE7B4B,
0xBDEF65A4,
0xBDF091D1,
0xBDF14ECA,
0xBDF26D25,
0xBDF3895F,
0xBDF47D27,
0xBDF59526,
0xBDF64EC5,
0xBDF78C28,
0xBDF88FDB,
0xBDF99773,
0xBDFA664B,
0xBDFB7981,
0xBDFC8FD1,
0xBDFD70EC,
0xBDFE6D78,
0xBE407D99,
0xBE417D9A,
0xBE427D9B,
0xBE437D9C,
0xBE447D9D,
0xBE457D9E,
0xBE467D9F,
0xBE477DA0,
0xBE487DA1,
0xBE497DA2,
0xBE4A7DA3,
0xBE4B7DA4,
0xBE4C7DA5,
0xBE4D7DA7,
0xBE4E7DA8,
0xBE4F7DA9,
0xBE507DAA,
0xBE517DAB,
0xBE527DAC,
0xBE537DAD,
0xBE547DAF,
0xBE557DB0,
0xBE567DB1,
0xBE577DB2,
0xBE587DB3,
0xBE597DB4,
0xBE5A7DB5,
0xBE5B7DB6,
0xBE5C7DB7,
0xBE5D7DB8,
0xBE5E7DB9,
0xBE5F7DBA,
0xBE607DBB,
0xBE617DBC,
0xBE627DBD,
0xBE637DBE,
0xBE647DBF,
0xBE657DC0,
0xBE667DC1,
0xBE677DC2,
0xBE687DC3,
0xBE697DC4,
0xBE6A7DC5,
0xBE6B7DC6,
0xBE6C7DC7,
0xBE6D7DC8,
0xBE6E7DC9,
0xBE6F7DCA,
0xBE707DCB,
0xBE717DCC,
0xBE727DCD,
0xBE737DCE,
0xBE747DCF,
0xBE757DD0,
0xBE767DD1,
0xBE777DD2,
0xBE787DD3,
0xBE797DD4,
0xBE7A7DD5,
0xBE7B7DD6,
0xBE7C7DD7,
0xBE7D7DD8,
0xBE7E7DD9,
0xBE807DDA,
0xBE817DDB,
0xBE827DDC,
0xBE837DDD,
0xBE847DDE,
0xBE857DDF,
0xBE867DE0,
0xBE877DE1,
0xBE887DE2,
0xBE897DE3,
0xBE8A7DE4,
0xBE8B7DE5,
0xBE8C7DE6,
0xBE8D7DE7,
0xBE8E7DE8,
0xBE8F7DE9,
0xBE907DEA,
0xBE917DEB,
0xBE927DEC,
0xBE937DED,
0xBE947DEE,
0xBE957DEF,
0xBE967DF0,
0xBE977DF1,
0xBE987DF2,
0xBE997DF3,
0xBE9A7DF4,
0xBE9B7DF5,
0xBE9C7DF6,
0xBE9D7DF7,
0xBE9E7DF8,
0xBE9F7DF9,
0xBEA07DFA,
0xBEA15C3D,
0xBEA252B2,
0xBEA38346,
0xBEA45162,
0xBEA5830E,
0xBEA6775B,
0xBEA76676,
0xBEA89CB8,
0xBEA94EAC,
0xBEAA60CA,
0xBEAB7CBE,
0xBEAC7CB3,
0xBEAD7ECF,
0xBEAE4E95,
0xBEAF8B66,
0xBEB0666F,
0xBEB19888,
0xBEB29759,
0xBEB35883,
0xBEB4656C,
0xBEB5955C,
0xBEB65F84,
0xBEB775C9,
0xBEB89756,
0xBEB97ADF,
0xBEBA7ADE,
0xBEBB51C0,
0xBEBC70AF,
0xBEBD7A98,
0xBEBE63EA,
0xBEBF7A76,
0xBEC07EA0,
0xBEC17396,
0xBEC297ED,
0xBEC34E45,
0xBEC47078,
0xBEC54E5D,
0xBEC69152,
0xBEC753A9,
0xBEC86551,
0xBEC965E7,
0xBECA81FC,
0xBECB8205,
0xBECC548E,
0xBECD5C31,
0xBECE759A,
0xBECF97A0,
0xBED062D8,
0xBED172D9,
0xBED275BD,
0xBED35C45,
0xBED49A79,
0xBED583CA,
0xBED65C40,
0xBED75480,
0xBED877E9,
0xBED94E3E,
0xBEDA6CAE,
0xBEDB805A,
0xBEDC62D2,
0xBEDD636E,
0xBEDE5DE8,
0xBEDF5177,
0xBEE08DDD,
0xBEE18E1E,
0xBEE2952F,
0xBEE34FF1,
0xBEE453E5,
0xBEE560E7,
0xBEE670AC,
0xBEE75267,
0xBEE86350,
0xBEE99E43,
0xBEEA5A1F,
0xBEEB5026,
0xBEEC7737,
0xBEED5377,
0xBEEE7EE2,
0xBEEF6485,
0xBEF0652B,
0xBEF16289,
0xBEF26398,
0xBEF35014,
0xBEF47235,
0xBEF589C9,
0xBEF651B3,
0xBEF78BC0,
0xBEF87EDD,
0xBEF95747,
0xBEFA83CC,
0xBEFB94A7,
0xBEFC519B,
0xBEFD541B,
0xBEFE5CFB,
0xBF407DFB,
0xBF417DFC,
0xBF427DFD,
0xBF437DFE,
0xBF447DFF,
0xBF457E00,
0xBF467E01,
0xBF477E02,
0xBF487E03,
0xBF497E04,
0xBF4A7E05,
0xBF4B7E06,
0xBF4C7E07,
0xBF4D7E08,
0xBF4E7E09,
0xBF4F7E0A,
0xBF507E0B,
0xBF517E0C,
0xBF527E0D,
0xBF537E0E,
0xBF547E0F,
0xBF557E10,
0xBF567E11,
0xBF577E12,
0xBF587E13,
0xBF597E14,
0xBF5A7E15,
0xBF5B7E16,
0xBF5C7E17,
0xBF5D7E18,
0xBF5E7E19,
0xBF5F7E1A,
0xBF607E1B,
0xBF617E1C,
0xBF627E1D,
0xBF637E1E,
0xBF647E1F,
0xBF657E20,
0xBF667E21,
0xBF677E22,
0xBF687E23,
0xBF697E24,
0xBF6A7E25,
0xBF6B7E26,
0xBF6C7E27,
0xBF6D7E28,
0xBF6E7E29,
0xBF6F7E2A,
0xBF707E2B,
0xBF717E2C,
0xBF727E2D,
0xBF737E2E,
0xBF747E2F,
0xBF757E30,
0xBF767E31,
0xBF777E32,
0xBF787E33,
0xBF797E34,
0xBF7A7E35,
0xBF7B7E36,
0xBF7C7E37,
0xBF7D7E38,
0xBF7E7E39,
0xBF807E3A,
0xBF817E3C,
0xBF827E3D,
0xBF837E3E,
0xBF847E3F,
0xBF857E40,
0xBF867E42,
0xBF877E43,
0xBF887E44,
0xBF897E45,
0xBF8A7E46,
0xBF8B7E48,
0xBF8C7E49,
0xBF8D7E4A,
0xBF8E7E4B,
0xBF8F7E4C,
0xBF907E4D,
0xBF917E4E,
0xBF927E4F,
0xBF937E50,
0xBF947E51,
0xBF957E52,
0xBF967E53,
0xBF977E54,
0xBF987E55,
0xBF997E56,
0xBF9A7E57,
0xBF9B7E58,
0xBF9C7E59,
0xBF9D7E5A,
0xBF9E7E5B,
0xBF9F7E5C,
0xBFA07E5D,
0xBFA14FCA,
0xBFA27AE3,
0xBFA36D5A,
0xBFA490E1,
0xBFA59A8F,
0xBFA65580,
0xBFA75496,
0xBFA85361,
0xBFA954AF,
0xBFAA5F00,
0xBFAB63E9,
0xBFAC6977,
0xBFAD51EF,
0xBFAE6168,
0xBFAF520A,
0xBFB0582A,
0xBFB152D8,
0xBFB2574E,
0xBFB3780D,
0xBFB4770B,
0xBFB55EB7,
0xBFB66177,
0xBFB77CE0,
0xBFB8625B,
0xBFB96297,
0xBFBA4EA2,
0xBFBB7095,
0xBFBC8003,
0xBFBD62F7,
0xBFBE70E4,
0xBFBF9760,
0xBFC05777,
0xBFC182DB,
0xBFC267EF,
0xBFC368F5,
0xBFC478D5,
0xBFC59897,
0xBFC679D1,
0xBFC758F3,
0xBFC854B3,
0xBFC953EF,
0xBFCA6E34,
0xBFCB514B,
0xBFCC523B,
0xBFCD5BA2,
0xBFCE8BFE,
0xBFCF80AF,
0xBFD05543,
0xBFD157A6,
0xBFD26073,
0xBFD35751,
0xBFD4542D,
0xBFD57A7A,
0xBFD66050,
0xBFD75B54,
0xBFD863A7,
0xBFD962A0,
0xBFDA53E3,
0xBFDB6263,
0xBFDC5BC7,
0xBFDD67AF,
0xBFDE54ED,
0xBFDF7A9F,
0xBFE082E6,
0xBFE19177,
0xBFE25E93,
0xBFE388E4,
0xBFE45938,
0xBFE557AE,
0xBFE6630E,
0xBFE78DE8,
0xBFE880EF,
0xBFE95757,
0xBFEA7B77,
0xBFEB4FA9,
0xBFEC5FEB,
0xBFED5BBD,
0xBFEE6B3E,
0xBFEF5321,
0xBFF07B50,
0xBFF172C2,
0xBFF26846,
0xBFF377FF,
0xBFF47736,
0xBFF565F7,
0xBFF651B5,
0xBFF74E8F,
0xBFF876D4,
0xBFF95CBF,
0xBFFA7AA5,
0xBFFB8475,
0xBFFC594E,
0xBFFD9B41,
0xBFFE5080,
0xC0407E5E,
0xC0417E5F,
0xC0427E60,
0xC0437E61,
0xC0447E62,
0xC0457E63,
0xC0467E64,
0xC0477E65,
0xC0487E66,
0xC0497E67,
0xC04A7E68,
0xC04B7E69,
0xC04C7E6A,
0xC04D7E6B,
0xC04E7E6C,
0xC04F7E6D,
0xC0507E6E,
0xC0517E6F,
0xC0527E70,
0xC0537E71,
0xC0547E72,
0xC0557E73,
0xC0567E74,
0xC0577E75,
0xC0587E76,
0xC0597E77,
0xC05A7E78,
0xC05B7E79,
0xC05C7E7A,
0xC05D7E7B,
0xC05E7E7C,
0xC05F7E7D,
0xC0607E7E,
0xC0617E7F,
0xC0627E80,
0xC0637E81,
0xC0647E83,
0xC0657E84,
0xC0667E85,
0xC0677E86,
0xC0687E87,
0xC0697E88,
0xC06A7E89,
0xC06B7E8A,
0xC06C7E8B,
0xC06D7E8C,
0xC06E7E8D,
0xC06F7E8E,
0xC0707E8F,
0xC0717E90,
0xC0727E91,
0xC0737E92,
0xC0747E93,
0xC0757E94,
0xC0767E95,
0xC0777E96,
0xC0787E97,
0xC0797E98,
0xC07A7E99,
0xC07B7E9A,
0xC07C7E9C,
0xC07D7E9D,
0xC07E7E9E,
0xC0807EAE,
0xC0817EB4,
0xC0827EBB,
0xC0837EBC,
0xC0847ED6,
0xC0857EE4,
0xC0867EEC,
0xC0877EF9,
0xC0887F0A,
0xC0897F10,
0xC08A7F1E,
0xC08B7F37,
0xC08C7F39,
0xC08D7F3B,
0xC08E7F3C,
0xC08F7F3D,
0xC0907F3E,
0xC0917F3F,
0xC0927F40,
0xC0937F41,
0xC0947F43,
0xC0957F46,
0xC0967F47,
0xC0977F48,
0xC0987F49,
0xC0997F4A,
0xC09A7F4B,
0xC09B7F4C,
0xC09C7F4D,
0xC09D7F4E,
0xC09E7F4F,
0xC09F7F52,
0xC0A07F53,
0xC0A19988,
0xC0A26127,
0xC0A36E83,
0xC0A45764,
0xC0A56606,
0xC0A66346,
0xC0A756F0,
0xC0A862EC,
0xC0A96269,
0xC0AA5ED3,
0xC0AB9614,
0xC0AC5783,
0xC0AD62C9,
0xC0AE5587,
0xC0AF8721,
0xC0B0814A,
0xC0B18FA3,
0xC0B25566,
0xC0B383B1,
0xC0B46765,
0xC0B58D56,
0xC0B684DD,
0xC0B75A6A,
0xC0B8680F,
0xC0B962E6,
0xC0BA7BEE,
0xC0BB9611,
0xC0BC5170,
0xC0BD6F9C,
0xC0BE8C30,
0xC0BF63FD,
0xC0C089C8,
0xC0C161D2,
0xC0C27F06,
0xC0C370C2,
0xC0C46EE5,
0xC0C57405,
0xC0C66994,
0xC0C772FC,
0xC0C85ECA,
0xC0C990CE,
0xC0CA6717,
0xC0CB6D6A,
0xC0CC635E,
0xC0CD52B3,
0xC0CE7262,
0xC0CF8001,
0xC0D04F6C,
0xC0D159E5,
0xC0D2916A,
0xC0D370D9,
0xC0D46D9D,
0xC0D552D2,
0xC0D64E50,
0xC0D796F7,
0xC0D8956D,
0xC0D9857E,
0xC0DA78CA,
0xC0DB7D2F,
0xC0DC5121,
0xC0DD5792,
0xC0DE64C2,
0xC0DF808B,
0xC0E07C7B,
0xC0E16CEA,
0xC0E268F1,
0xC0E3695E,
0xC0E451B7,
0xC0E55398,
0xC0E668A8,
0xC0E77281,
0xC0E89ECE,
0xC0E97BF1,
0xC0EA72F8,
0xC0EB79BB,
0xC0EC6F13,
0xC0ED7406,
0xC0EE674E,
0xC0EF91CC,
0xC0F09CA4,
0xC0F1793C,
0xC0F28389,
0xC0F38354,
0xC0F4540F,
0xC0F56817,
0xC0F64E3D,
0xC0F75389,
0xC0F852B1,
0xC0F9783E,
0xC0FA5386,
0xC0FB5229,
0xC0FC5088,
0xC0FD4F8B,
0xC0FE4FD0,
0xC1407F56,
0xC1417F59,
0xC1427F5B,
0xC1437F5C,
0xC1447F5D,
0xC1457F5E,
0xC1467F60,
0xC1477F63,
0xC1487F64,
0xC1497F65,
0xC14A7F66,
0xC14B7F67,
0xC14C7F6B,
0xC14D7F6C,
0xC14E7F6D,
0xC14F7F6F,
0xC1507F70,
0xC1517F73,
0xC1527F75,
0xC1537F76,
0xC1547F77,
0xC1557F78,
0xC1567F7A,
0xC1577F7B,
0xC1587F7C,
0xC1597F7D,
0xC15A7F7F,
0xC15B7F80,
0xC15C7F82,
0xC15D7F83,
0xC15E7F84,
0xC15F7F85,
0xC1607F86,
0xC1617F87,
0xC1627F88,
0xC1637F89,
0xC1647F8B,
0xC1657F8D,
0xC1667F8F,
0xC1677F90,
0xC1687F91,
0xC1697F92,
0xC16A7F93,
0xC16B7F95,
0xC16C7F96,
0xC16D7F97,
0xC16E7F98,
0xC16F7F99,
0xC1707F9B,
0xC1717F9C,
0xC1727FA0,
0xC1737FA2,
0xC1747FA3,
0xC1757FA5,
0xC1767FA6,
0xC1777FA8,
0xC1787FA9,
0xC1797FAA,
0xC17A7FAB,
0xC17B7FAC,
0xC17C7FAD,
0xC17D7FAE,
0xC17E7FB1,
0xC1807FB3,
0xC1817FB4,
0xC1827FB5,
0xC1837FB6,
0xC1847FB7,
0xC1857FBA,
0xC1867FBB,
0xC1877FBE,
0xC1887FC0,
0xC1897FC2,
0xC18A7FC3,
0xC18B7FC4,
0xC18C7FC6,
0xC18D7FC7,
0xC18E7FC8,
0xC18F7FC9,
0xC1907FCB,
0xC1917FCD,
0xC1927FCF,
0xC1937FD0,
0xC1947FD1,
0xC1957FD2,
0xC1967FD3,
0xC1977FD6,
0xC1987FD7,
0xC1997FD9,
0xC19A7FDA,
0xC19B7FDB,
0xC19C7FDC,
0xC19D7FDD,
0xC19E7FDE,
0xC19F7FE2,
0xC1A07FE3,
0xC1A175E2,
0xC1A27ACB,
0xC1A37C92,
0xC1A46CA5,
0xC1A596B6,
0xC1A6529B,
0xC1A77483,
0xC1A854E9,
0xC1A94FE9,
0xC1AA8054,
0xC1AB83B2,
0xC1AC8FDE,
0xC1AD9570,
0xC1AE5EC9,
0xC1AF601C,
0xC1B06D9F,
0xC1B15E18,
0xC1B2655B,
0xC1B38138,
0xC1B494FE,
0xC1B5604B,
0xC1B670BC,
0xC1B77EC3,
0xC1B87CAE,
0xC1B951C9,
0xC1BA6881,
0xC1BB7CB1,
0xC1BC826F,
0xC1BD4E24,
0xC1BE8F86,
0xC1BF91CF,
0xC1C0667E,
0xC1C14EAE,
0xC1C28C05,
0xC1C364A9,
0xC1C4804A,
0xC1C550DA,
0xC1C67597,
0xC1C771CE,
0xC1C85BE5,
0xC1C98FBD,
0xC1CA6F66,
0xC1CB4E86,
0xC1CC6482,
0xC1CD9563,
0xC1CE5ED6,
0xC1CF6599,
0xC1D05217,
0xC1D188C2,
0xC1D270C8,
0xC1D352A3,
0xC1D4730E,
0xC1D57433,
0xC1D66797,
0xC1D778F7,
0xC1D89716,
0xC1D94E34,
0xC1DA90BB,
0xC1DB9CDE,
0xC1DC6DCB,
0xC1DD51DB,
0xC1DE8D41,
0xC1DF541D,
0xC1E062CE,
0xC1E173B2,
0xC1E283F1,
0xC1E396F6,
0xC1E49F84,
0xC1E594C3,
0xC1E64F36,
0xC1E77F9A,
0xC1E851CC,
0xC1E97075,
0xC1EA9675,
0xC1EB5CAD,
0xC1EC9886,
0xC1ED53E6,
0xC1EE4EE4,
0xC1EF6E9C,
0xC1F07409,
0xC1F169B4,
0xC1F2786B,
0xC1F3998F,
0xC1F47559,
0xC1F55218,
0xC1F67624,
0xC1F76D41,
0xC1F867F3,
0xC1F9516D,
0xC1FA9F99,
0xC1FB804B,
0xC1FC5499,
0xC1FD7B3C,
0xC1FE7ABF,
0xC2407FE4,
0xC2417FE7,
0xC2427FE8,
0xC2437FEA,
0xC2447FEB,
0xC2457FEC,
0xC2467FED,
0xC2477FEF,
0xC2487FF2,
0xC2497FF4,
0xC24A7FF5,
0xC24B7FF6,
0xC24C7FF7,
0xC24D7FF8,
0xC24E7FF9,
0xC24F7FFA,
0xC2507FFD,
0xC2517FFE,
0xC2527FFF,
0xC2538002,
0xC2548007,
0xC2558008,
0xC2568009,
0xC257800A,
0xC258800E,
0xC259800F,
0xC25A8011,
0xC25B8013,
0xC25C801A,
0xC25D801B,
0xC25E801D,
0xC25F801E,
0xC260801F,
0xC2618021,
0xC2628023,
0xC2638024,
0xC264802B,
0xC265802C,
0xC266802D,
0xC267802E,
0xC268802F,
0xC2698030,
0xC26A8032,
0xC26B8034,
0xC26C8039,
0xC26D803A,
0xC26E803C,
0xC26F803E,
0xC2708040,
0xC2718041,
0xC2728044,
0xC2738045,
0xC2748047,
0xC2758048,
0xC2768049,
0xC277804E,
0xC278804F,
0xC2798050,
0xC27A8051,
0xC27B8053,
0xC27C8055,
0xC27D8056,
0xC27E8057,
0xC2808059,
0xC281805B,
0xC282805C,
0xC283805D,
0xC284805E,
0xC285805F,
0xC2868060,
0xC2878061,
0xC2888062,
0xC2898063,
0xC28A8064,
0xC28B8065,
0xC28C8066,
0xC28D8067,
0xC28E8068,
0xC28F806B,
0xC290806C,
0xC291806D,
0xC292806E,
0xC293806F,
0xC2948070,
0xC2958072,
0xC2968073,
0xC2978074,
0xC2988075,
0xC2998076,
0xC29A8077,
0xC29B8078,
0xC29C8079,
0xC29D807A,
0xC29E807B,
0xC29F807C,
0xC2A0807D,
0xC2A19686,
0xC2A25784,
0xC2A362E2,
0xC2A49647,
0xC2A5697C,
0xC2A65A04,
0xC2A76402,
0xC2A87BD3,
0xC2A96F0F,
0xC2AA964B,
0xC2AB82A6,
0xC2AC5362,
0xC2AD9885,
0xC2AE5E90,
0xC2AF7089,
0xC2B063B3,
0xC2B15364,
0xC2B2864F,
0xC2B39C81,
0xC2B49E93,
0xC2B5788C,
0xC2B69732,
0xC2B78DEF,
0xC2B88D42,
0xC2B99E7F,
0xC2BA6F5E,
0xC2BB7984,
0xC2BC5F55,
0xC2BD9646,
0xC2BE622E,
0xC2BF9A74,
0xC2C05415,
0xC2C194DD,
0xC2C24FA3,
0xC2C365C5,
0xC2C45C65,
0xC2C55C61,
0xC2C67F15,
0xC2C78651,
0xC2C86C2F,
0xC2C95F8B,
0xC2CA7387,
0xC2CB6EE4,
0xC2CC7EFF,
0xC2CD5CE6,
0xC2CE631B,
0xC2CF5B6A,
0xC2D06EE6,
0xC2D15375,
0xC2D24E71,
0xC2D363A0,
0xC2D47565,
0xC2D562A1,
0xC2D68F6E,
0xC2D74F26,
0xC2D84ED1,
0xC2D96CA6,
0xC2DA7EB6,
0xC2DB8BBA,
0xC2DC841D,
0xC2DD87BA,
0xC2DE7F57,
0xC2DF903B,
0xC2E09523,
0xC2E17BA9,
0xC2E29AA1,
0xC2E388F8,
0xC2E4843D,
0xC2E56D1B,
0xC2E69A86,
0xC2E77EDC,
0xC2E85988,
0xC2E99EBB,
0xC2EA739B,
0xC2EB7801,
0xC2EC8682,
0xC2ED9A6C,
0xC2EE9A82,
0xC2EF561B,
0xC2F05417,
0xC2F157CB,
0xC2F24E70,
0xC2F39EA6,
0xC2F45356,
0xC2F58FC8,
0xC2F68109,
0xC2F77792,
0xC2F89992,
0xC2F986EE,
0xC2FA6EE1,
0xC2FB8513,
0xC2FC66FC,
0xC2FD6162,
0xC2FE6F2B,
0xC340807E,
0xC3418081,
0xC3428082,
0xC3438085,
0xC3448088,
0xC345808A,
0xC346808D,
0xC347808E,
0xC348808F,
0xC3498090,
0xC34A8091,
0xC34B8092,
0xC34C8094,
0xC34D8095,
0xC34E8097,
0xC34F8099,
0xC350809E,
0xC35180A3,
0xC35280A6,
0xC35380A7,
0xC35480A8,
0xC35580AC,
0xC35680B0,
0xC35780B3,
0xC35880B5,
0xC35980B6,
0xC35A80B8,
0xC35B80B9,
0xC35C80BB,
0xC35D80C5,
0xC35E80C7,
0xC35F80C8,
0xC36080C9,
0xC36180CA,
0xC36280CB,
0xC36380CF,
0xC36480D0,
0xC36580D1,
0xC36680D2,
0xC36780D3,
0xC36880D4,
0xC36980D5,
0xC36A80D8,
0xC36B80DF,
0xC36C80E0,
0xC36D80E2,
0xC36E80E3,
0xC36F80E6,
0xC37080EE,
0xC37180F5,
0xC37280F7,
0xC37380F9,
0xC37480FB,
0xC37580FE,
0xC37680FF,
0xC3778100,
0xC3788101,
0xC3798103,
0xC37A8104,
0xC37B8105,
0xC37C8107,
0xC37D8108,
0xC37E810B,
0xC380810C,
0xC3818115,
0xC3828117,
0xC3838119,
0xC384811B,
0xC385811C,
0xC386811D,
0xC387811F,
0xC3888120,
0xC3898121,
0xC38A8122,
0xC38B8123,
0xC38C8124,
0xC38D8125,
0xC38E8126,
0xC38F8127,
0xC3908128,
0xC3918129,
0xC392812A,
0xC393812B,
0xC394812D,
0xC395812E,
0xC3968130,
0xC3978133,
0xC3988134,
0xC3998135,
0xC39A8137,
0xC39B8139,
0xC39C813A,
0xC39D813B,
0xC39E813C,
0xC39F813D,
0xC3A0813F,
0xC3A18C29,
0xC3A28292,
0xC3A3832B,
0xC3A476F2,
0xC3A56C13,
0xC3A65FD9,
0xC3A783BD,
0xC3A8732B,
0xC3A98305,
0xC3AA951A,
0xC3AB6BDB,
0xC3AC77DB,
0xC3AD94C6,
0xC3AE536F,
0xC3AF8302,
0xC3B05192,
0xC3B15E3D,
0xC3B28C8C,
0xC3B38D38,
0xC3B44E48,
0xC3B573AB,
0xC3B6679A,
0xC3B76885,
0xC3B89176,
0xC3B99709,
0xC3BA7164,
0xC3BB6CA1,
0xC3BC7709,
0xC3BD5A92,
0xC3BE9541,
0xC3BF6BCF,
0xC3C07F8E,
0xC3C16627,
0xC3C25BD0,
0xC3C359B9,
0xC3C45A9A,
0xC3C595E8,
0xC3C695F7,
0xC3C74EEC,
0xC3C8840C,
0xC3C98499,
0xC3CA6AAC,
0xC3CB76DF,
0xC3CC9530,
0xC3CD731B,
0xC3CE68A6,
0xC3CF5B5F,
0xC3D0772F,
0xC3D1919A,
0xC3D29761,
0xC3D37CDC,
0xC3D48FF7,
0xC3D58C1C,
0xC3D65F25,
0xC3D77C73,
0xC3D879D8,
0xC3D989C5,
0xC3DA6CCC,
0xC3DB871C,
0xC3DC5BC6,
0xC3DD5E42,
0xC3DE68C9,
0xC3DF7720,
0xC3E07EF5,
0xC3E15195,
0xC3E2514D,
0xC3E352C9,
0xC3E45A29,
0xC3E57F05,
0xC3E69762,
0xC3E782D7,
0xC3E863CF,
0xC3E97784,
0xC3EA85D0,
0xC3EB79D2,
0xC3EC6E3A,
0xC3ED5E99,
0xC3EE5999,
0xC3EF8511,
0xC3F0706D,
0xC3F16C11,
0xC3F262BF,
0xC3F376BF,
0xC3F4654F,
0xC3F560AF,
0xC3F695FD,
0xC3F7660E,
0xC3F8879F,
0xC3F99E23,
0xC3FA94ED,
0xC3FB540D,
0xC3FC547D,
0xC3FD8C2C,
0xC3FE6478,
0xC4408140,
0xC4418141,
0xC4428142,
0xC4438143,
0xC4448144,
0xC4458145,
0xC4468147,
0xC4478149,
0xC448814D,
0xC449814E,
0xC44A814F,
0xC44B8152,
0xC44C8156,
0xC44D8157,
0xC44E8158,
0xC44F815B,
0xC450815C,
0xC451815D,
0xC452815E,
0xC453815F,
0xC4548161,
0xC4558162,
0xC4568163,
0xC4578164,
0xC4588166,
0xC4598168,
0xC45A816A,
0xC45B816B,
0xC45C816C,
0xC45D816F,
0xC45E8172,
0xC45F8173,
0xC4608175,
0xC4618176,
0xC4628177,
0xC4638178,
0xC4648181,
0xC4658183,
0xC4668184,
0xC4678185,
0xC4688186,
0xC4698187,
0xC46A8189,
0xC46B818B,
0xC46C818C,
0xC46D818D,
0xC46E818E,
0xC46F8190,
0xC4708192,
0xC4718193,
0xC4728194,
0xC4738195,
0xC4748196,
0xC4758197,
0xC4768199,
0xC477819A,
0xC478819E,
0xC479819F,
0xC47A81A0,
0xC47B81A1,
0xC47C81A2,
0xC47D81A4,
0xC47E81A5,
0xC48081A7,
0xC48181A9,
0xC48281AB,
0xC48381AC,
0xC48481AD,
0xC48581AE,
0xC48681AF,
0xC48781B0,
0xC48881B1,
0xC48981B2,
0xC48A81B4,
0xC48B81B5,
0xC48C81B6,
0xC48D81B7,
0xC48E81B8,
0xC48F81B9,
0xC49081BC,
0xC49181BD,
0xC49281BE,
0xC49381BF,
0xC49481C4,
0xC49581C5,
0xC49681C7,
0xC49781C8,
0xC49881C9,
0xC49981CB,
0xC49A81CD,
0xC49B81CE,
0xC49C81CF,
0xC49D81D0,
0xC49E81D1,
0xC49F81D2,
0xC4A081D3,
0xC4A16479,
0xC4A28611,
0xC4A36A21,
0xC4A4819C,
0xC4A578E8,
0xC4A66469,
0xC4A79B54,
0xC4A862B9,
0xC4A9672B,
0xC4AA83AB,
0xC4AB58A8,
0xC4AC9ED8,
0xC4AD6CAB,
0xC4AE6F20,
0xC4AF5BDE,
0xC4B0964C,
0xC4B18C0B,
0xC4B2725F,
0xC4B367D0,
0xC4B462C7,
0xC4B57261,
0xC4B64EA9,
0xC4B759C6,
0xC4B86BCD,
0xC4B95893,
0xC4BA66AE,
0xC4BB5E55,
0xC4BC52DF,
0xC4BD6155,
0xC4BE6728,
0xC4BF76EE,
0xC4C07766,
0xC4C17267,
0xC4C27A46,
0xC4C362FF,
0xC4C454EA,
0xC4C55450,
0xC4C694A0,
0xC4C790A3,
0xC4C85A1C,
0xC4C97EB3,
0xC4CA6C16,
0xC4CB4E43,
0xC4CC5976,
0xC4CD8010,
0xC4CE5948,
0xC4CF5357,
0xC4D07537,
0xC4D196BE,
0xC4D256CA,
0xC4D36320,
0xC4D48111,
0xC4D5607C,
0xC4D695F9,
0xC4D76DD6,
0xC4D85462,
0xC4D99981,
0xC4DA5185,
0xC4DB5AE9,
0xC4DC80FD,
0xC4DD59AE,
0xC4DE9713,
0xC4DF502A,
0xC4E06CE5,
0xC4E15C3C,
0xC4E262DF,
0xC4E34F60,
0xC4E4533F,
0xC4E5817B,
0xC4E69006,
0xC4E76EBA,
0xC4E8852B,
0xC4E962C8,
0xC4EA5E74,
0xC4EB78BE,
0xC4EC64B5,
0xC4ED637B,
0xC4EE5FF5,
0xC4EF5A18,
0xC4F0917F,
0xC4F19E1F,
0xC4F25C3F,
0xC4F3634F,
0xC4F48042,
0xC4F55B7D,
0xC4F6556E,
0xC4F7954A,
0xC4F8954D,
0xC4F96D85,
0xC4FA60A8,
0xC4FB67E0,
0xC4FC72DE,
0xC4FD51DD,
0xC4FE5B81,
0xC54081D4,
0xC54181D5,
0xC54281D6,
0xC54381D7,
0xC54481D8,
0xC54581D9,
0xC54681DA,
0xC54781DB,
0xC54881DC,
0xC54981DD,
0xC54A81DE,
0xC54B81DF,
0xC54C81E0,
0xC54D81E1,
0xC54E81E2,
0xC54F81E4,
0xC55081E5,
0xC55181E6,
0xC55281E8,
0xC55381E9,
0xC55481EB,
0xC55581EE,
0xC55681EF,
0xC55781F0,
0xC55881F1,
0xC55981F2,
0xC55A81F5,
0xC55B81F6,
0xC55C81F7,
0xC55D81F8,
0xC55E81F9,
0xC55F81FA,
0xC56081FD,
0xC56181FF,
0xC5628203,
0xC5638207,
0xC5648208,
0xC5658209,
0xC566820A,
0xC567820B,
0xC568820E,
0xC569820F,
0xC56A8211,
0xC56B8213,
0xC56C8215,
0xC56D8216,
0xC56E8217,
0xC56F8218,
0xC5708219,
0xC571821A,
0xC572821D,
0xC5738220,
0xC5748224,
0xC5758225,
0xC5768226,
0xC5778227,
0xC5788229,
0xC579822E,
0xC57A8232,
0xC57B823A,
0xC57C823C,
0xC57D823D,
0xC57E823F,
0xC5808240,
0xC5818241,
0xC5828242,
0xC5838243,
0xC5848245,
0xC5858246,
0xC5868248,
0xC587824A,
0xC588824C,
0xC589824D,
0xC58A824E,
0xC58B8250,
0xC58C8251,
0xC58D8252,
0xC58E8253,
0xC58F8254,
0xC5908255,
0xC5918256,
0xC5928257,
0xC5938259,
0xC594825B,
0xC595825C,
0xC596825D,
0xC597825E,
0xC5988260,
0xC5998261,
0xC59A8262,
0xC59B8263,
0xC59C8264,
0xC59D8265,
0xC59E8266,
0xC59F8267,
0xC5A08269,
0xC5A162E7,
0xC5A26CDE,
0xC5A3725B,
0xC5A4626D,
0xC5A594AE,
0xC5A67EBD,
0xC5A78113,
0xC5A86D53,
0xC5A9519C,
0xC5AA5F04,
0xC5AB5974,
0xC5AC52AA,
0xC5AD6012,
0xC5AE5973,
0xC5AF6696,
0xC5B08650,
0xC5B1759F,
0xC5B2632A,
0xC5B361E6,
0xC5B47CEF,
0xC5B58BFA,
0xC5B654E6,
0xC5B76B27,
0xC5B89E25,
0xC5B96BB4,
0xC5BA85D5,
0xC5BB5455,
0xC5BC5076,
0xC5BD6CA4,
0xC5BE556A,
0xC5BF8DB4,
0xC5C0722C,
0xC5C15E15,
0xC5C26015,
0xC5C37436,
0xC5C462CD,
0xC5C56392,
0xC5C6724C,
0xC5C75F98,
0xC5C86E43,
0xC5C96D3E,
0xC5CA6500,
0xC5CB6F58,
0xC5CC76D8,
0xC5CD78D0,
0xC5CE76FC,
0xC5CF7554,
0xC5D05224,
0xC5D153DB,
0xC5D24E53,
0xC5D35E9E,
0xC5D465C1,
0xC5D5802A,
0xC5D680D6,
0xC5D7629B,
0xC5D85486,
0xC5D95228,
0xC5DA70AE,
0xC5DB888D,
0xC5DC8DD1,
0xC5DD6CE1,
0xC5DE5478,
0xC5DF80DA,
0xC5E057F9,
0xC5E188F4,
0xC5E28D54,
0xC5E3966A,
0xC5E4914D,
0xC5E54F69,
0xC5E66C9B,
0xC5E755B7,
0xC5E876C6,
0xC5E97830,
0xC5EA62A8,
0xC5EB70F9,
0xC5EC6F8E,
0xC5ED5F6D,
0xC5EE84EC,
0xC5EF68DA,
0xC5F0787C,
0xC5F17BF7,
0xC5F281A8,
0xC5F3670B,
0xC5F49E4F,
0xC5F56367,
0xC5F678B0,
0xC5F7576F,
0xC5F87812,
0xC5F99739,
0xC5FA6279,
0xC5FB62AB,
0xC5FC5288,
0xC5FD7435,
0xC5FE6BD7,
0xC640826A,
0xC641826B,
0xC642826C,
0xC643826D,
0xC6448271,
0xC6458275,
0xC6468276,
0xC6478277,
0xC6488278,
0xC649827B,
0xC64A827C,
0xC64B8280,
0xC64C8281,
0xC64D8283,
0xC64E8285,
0xC64F8286,
0xC6508287,
0xC6518289,
0xC652828C,
0xC6538290,
0xC6548293,
0xC6558294,
0xC6568295,
0xC6578296,
0xC658829A,
0xC659829B,
0xC65A829E,
0xC65B82A0,
0xC65C82A2,
0xC65D82A3,
0xC65E82A7,
0xC65F82B2,
0xC66082B5,
0xC66182B6,
0xC66282BA,
0xC66382BB,
0xC66482BC,
0xC66582BF,
0xC66682C0,
0xC66782C2,
0xC66882C3,
0xC66982C5,
0xC66A82C6,
0xC66B82C9,
0xC66C82D0,
0xC66D82D6,
0xC66E82D9,
0xC66F82DA,
0xC67082DD,
0xC67182E2,
0xC67282E7,
0xC67382E8,
0xC67482E9,
0xC67582EA,
0xC67682EC,
0xC67782ED,
0xC67882EE,
0xC67982F0,
0xC67A82F2,
0xC67B82F3,
0xC67C82F5,
0xC67D82F6,
0xC67E82F8,
0xC68082FA,
0xC68182FC,
0xC68282FD,
0xC68382FE,
0xC68482FF,
0xC6858300,
0xC686830A,
0xC687830B,
0xC688830D,
0xC6898310,
0xC68A8312,
0xC68B8313,
0xC68C8316,
0xC68D8318,
0xC68E8319,
0xC68F831D,
0xC690831E,
0xC691831F,
0xC6928320,
0xC6938321,
0xC6948322,
0xC6958323,
0xC6968324,
0xC6978325,
0xC6988326,
0xC6998329,
0xC69A832A,
0xC69B832E,
0xC69C8330,
0xC69D8332,
0xC69E8337,
0xC69F833B,
0xC6A0833D,
0xC6A15564,
0xC6A2813E,
0xC6A375B2,
0xC6A476AE,
0xC6A55339,
0xC6A675DE,
0xC6A750FB,
0xC6A85C41,
0xC6A98B6C,
0xC6AA7BC7,
0xC6AB504F,
0xC6AC7247,
0xC6AD9A97,
0xC6AE98D8,
0xC6AF6F02,
0xC6B074E2,
0xC6B17968,
0xC6B26487,
0xC6B377A5,
0xC6B462FC,
0xC6B59891,
0xC6B68D2B,
0xC6B754C1,
0xC6B88058,
0xC6B94E52,
0xC6BA576A,
0xC6BB82F9,
0xC6BC840D,
0xC6BD5E73,
0xC6BE51ED,
0xC6BF74F6,
0xC6C08BC4,
0xC6C15C4F,
0xC6C25761,
0xC6C36CFC,
0xC6C49887,
0xC6C55A46,
0xC6C67834,
0xC6C79B44,
0xC6C88FEB,
0xC6C97C95,
0xC6CA5256,
0xC6CB6251,
0xC6CC94FA,
0xC6CD4EC6,
0xC6CE8386,
0xC6CF8461,
0xC6D083E9,
0xC6D184B2,
0xC6D257D4,
0xC6D36734,
0xC6D45703,
0xC6D5666E,
0xC6D66D66,
0xC6D78C31,
0xC6D866DD,
0xC6D97011,
0xC6DA671F,
0xC6DB6B3A,
0xC6DC6816,
0xC6DD621A,
0xC6DE59BB,
0xC6DF4E03,
0xC6E051C4,
0xC6E16F06,
0xC6E267D2,
0xC6E36C8F,
0xC6E45176,
0xC6E568CB,
0xC6E65947,
0xC6E76B67,
0xC6E87566,
0xC6E95D0E,
0xC6EA8110,
0xC6EB9F50,
0xC6EC65D7,
0xC6ED7948,
0xC6EE7941,
0xC6EF9A91,
0xC6F08D77,
0xC6F15C82,
0xC6F24E5E,
0xC6F34F01,
0xC6F4542F,
0xC6F55951,
0xC6F6780C,
0xC6F75668,
0xC6F86C14,
0xC6F98FC4,
0xC6FA5F03,
0xC6FB6C7D,
0xC6FC6CE3,
0xC6FD8BAB,
0xC6FE6390,
0xC740833E,
0xC741833F,
0xC7428341,
0xC7438342,
0xC7448344,
0xC7458345,
0xC7468348,
0xC747834A,
0xC748834B,
0xC749834C,
0xC74A834D,
0xC74B834E,
0xC74C8353,
0xC74D8355,
0xC74E8356,
0xC74F8357,
0xC7508358,
0xC7518359,
0xC752835D,
0xC7538362,
0xC7548370,
0xC7558371,
0xC7568372,
0xC7578373,
0xC7588374,
0xC7598375,
0xC75A8376,
0xC75B8379,
0xC75C837A,
0xC75D837E,
0xC75E837F,
0xC75F8380,
0xC7608381,
0xC7618382,
0xC7628383,
0xC7638384,
0xC7648387,
0xC7658388,
0xC766838A,
0xC767838B,
0xC768838C,
0xC769838D,
0xC76A838F,
0xC76B8390,
0xC76C8391,
0xC76D8394,
0xC76E8395,
0xC76F8396,
0xC7708397,
0xC7718399,
0xC772839A,
0xC773839D,
0xC774839F,
0xC77583A1,
0xC77683A2,
0xC77783A3,
0xC77883A4,
0xC77983A5,
0xC77A83A6,
0xC77B83A7,
0xC77C83AC,
0xC77D83AD,
0xC77E83AE,
0xC78083AF,
0xC78183B5,
0xC78283BB,
0xC78383BE,
0xC78483BF,
0xC78583C2,
0xC78683C3,
0xC78783C4,
0xC78883C6,
0xC78983C8,
0xC78A83C9,
0xC78B83CB,
0xC78C83CD,
0xC78D83CE,
0xC78E83D0,
0xC78F83D1,
0xC79083D2,
0xC79183D3,
0xC79283D5,
0xC79383D7,
0xC79483D9,
0xC79583DA,
0xC79683DB,
0xC79783DE,
0xC79883E2,
0xC79983E3,
0xC79A83E4,
0xC79B83E6,
0xC79C83E7,
0xC79D83E8,
0xC79E83EB,
0xC79F83EC,
0xC7A083ED,
0xC7A16070,
0xC7A26D3D,
0xC7A37275,
0xC7A46266,
0xC7A5948E,
0xC7A694C5,
0xC7A75343,
0xC7A88FC1,
0xC7A97B7E,
0xC7AA4EDF,
0xC7AB8C26,
0xC7AC4E7E,
0xC7AD9ED4,
0xC7AE94B1,
0xC7AF94B3,
0xC7B0524D,
0xC7B16F5C,
0xC7B29063,
0xC7B36D45,
0xC7B48C34,
0xC7B55811,
0xC7B65D4C,
0xC7B76B20,
0xC7B86B49,
0xC7B967AA,
0xC7BA545B,
0xC7BB8154,
0xC7BC7F8C,
0xC7BD5899,
0xC7BE8537,
0xC7BF5F3A,
0xC7C062A2,
0xC7C16A47,
0xC7C29539,
0xC7C36572,
0xC7C46084,
0xC7C56865,
0xC7C677A7,
0xC7C74E54,
0xC7C84FA8,
0xC7C95DE7,
0xC7CA9798,
0xC7CB64AC,
0xC7CC7FD8,
0xC7CD5CED,
0xC7CE4FCF,
0xC7CF7A8D,
0xC7D05207,
0xC7D18304,
0xC7D24E14,
0xC7D3602F,
0xC7D47A83,
0xC7D594A6,
0xC7D64FB5,
0xC7D74EB2,
0xC7D879E6,
0xC7D97434,
0xC7DA52E4,
0xC7DB82B9,
0xC7DC64D2,
0xC7DD79BD,
0xC7DE5BDD,
0xC7DF6C81,
0xC7E09752,
0xC7E18F7B,
0xC7E26C22,
0xC7E3503E,
0xC7E4537F,
0xC7E56E05,
0xC7E664CE,
0xC7E76674,
0xC7E86C30,
0xC7E960C5,
0xC7EA9877,
0xC7EB8BF7,
0xC7EC5E86,
0xC7ED743C,
0xC7EE7A77,
0xC7EF79CB,
0xC7F04E18,
0xC7F190B1,
0xC7F27403,
0xC7F36C42,
0xC7F456DA,
0xC7F5914B,
0xC7F66CC5,
0xC7F78D8B,
0xC7F8533A,
0xC7F986C6,
0xC7FA66F2,
0xC7FB8EAF,
0xC7FC5C48,
0xC7FD9A71,
0xC7FE6E20,
0xC84083EE,
0xC84183EF,
0xC84283F3,
0xC84383F4,
0xC84483F5,
0xC84583F6,
0xC84683F7,
0xC84783FA,
0xC84883FB,
0xC84983FC,
0xC84A83FE,
0xC84B83FF,
0xC84C8400,
0xC84D8402,
0xC84E8405,
0xC84F8407,
0xC8508408,
0xC8518409,
0xC852840A,
0xC8538410,
0xC8548412,
0xC8558413,
0xC8568414,
0xC8578415,
0xC8588416,
0xC8598417,
0xC85A8419,
0xC85B841A,
0xC85C841B,
0xC85D841E,
0xC85E841F,
0xC85F8420,
0xC8608421,
0xC8618422,
0xC8628423,
0xC8638429,
0xC864842A,
0xC865842B,
0xC866842C,
0xC867842D,
0xC868842E,
0xC869842F,
0xC86A8430,
0xC86B8432,
0xC86C8433,
0xC86D8434,
0xC86E8435,
0xC86F8436,
0xC8708437,
0xC8718439,
0xC872843A,
0xC873843B,
0xC874843E,
0xC875843F,
0xC8768440,
0xC8778441,
0xC8788442,
0xC8798443,
0xC87A8444,
0xC87B8445,
0xC87C8447,
0xC87D8448,
0xC87E8449,
0xC880844A,
0xC881844B,
0xC882844C,
0xC883844D,
0xC884844E,
0xC885844F,
0xC8868450,
0xC8878452,
0xC8888453,
0xC8898454,
0xC88A8455,
0xC88B8456,
0xC88C8458,
0xC88D845D,
0xC88E845E,
0xC88F845F,
0xC8908460,
0xC8918462,
0xC8928464,
0xC8938465,
0xC8948466,
0xC8958467,
0xC8968468,
0xC897846A,
0xC898846E,
0xC899846F,
0xC89A8470,
0xC89B8472,
0xC89C8474,
0xC89D8477,
0xC89E8479,
0xC89F847B,
0xC8A0847C,
0xC8A153D6,
0xC8A25A36,
0xC8A39F8B,
0xC8A48DA3,
0xC8A553BB,
0xC8A65708,
0xC8A798A7,
0xC8A86743,
0xC8A9919B,
0xC8AA6CC9,
0xC8AB5168,
0xC8AC75CA,
0xC8AD62F3,
0xC8AE72AC,
0xC8AF5238,
0xC8B0529D,
0xC8B17F3A,
0xC8B27094,
0xC8B37638,
0xC8B45374,
0xC8B59E4A,
0xC8B669B7,
0xC8B7786E,
0xC8B896C0,
0xC8B988D9,
0xC8BA7FA4,
0xC8BB7136,
0xC8BC71C3,
0xC8BD5189,
0xC8BE67D3,
0xC8BF74E4,
0xC8C058E4,
0xC8C16518,
0xC8C256B7,
0xC8C38BA9,
0xC8C49976,
0xC8C56270,
0xC8C67ED5,
0xC8C760F9,
0xC8C870ED,
0xC8C958EC,
0xC8CA4EC1,
0xC8CB4EBA,
0xC8CC5FCD,
0xC8CD97E7,
0xC8CE4EFB,
0xC8CF8BA4,
0xC8D05203,
0xC8D1598A,
0xC8D27EAB,
0xC8D36254,
0xC8D44ECD,
0xC8D565E5,
0xC8D6620E,
0xC8D78338,
0xC8D884C9,
0xC8D98363,
0xC8DA878D,
0xC8DB7194,
0xC8DC6EB6,
0xC8DD5BB9,
0xC8DE7ED2,
0xC8DF5197,
0xC8E063C9,
0xC8E167D4,
0xC8E28089,
0xC8E38339,
0xC8E48815,
0xC8E55112,
0xC8E65B7A,
0xC8E75982,
0xC8E88FB1,
0xC8E94E73,
0xC8EA6C5D,
0xC8EB5165,
0xC8EC8925,
0xC8ED8F6F,
0xC8EE962E,
0xC8EF854A,
0xC8F0745E,
0xC8F19510,
0xC8F295F0,
0xC8F36DA6,
0xC8F482E5,
0xC8F55F31,
0xC8F66492,
0xC8F76D12,
0xC8F88428,
0xC8F9816E,
0xC8FA9CC3,
0xC8FB585E,
0xC8FC8D5B,
0xC8FD4E09,
0xC8FE53C1,
0xC940847D,
0xC941847E,
0xC942847F,
0xC9438480,
0xC9448481,
0xC9458483,
0xC9468484,
0xC9478485,
0xC9488486,
0xC949848A,
0xC94A848D,
0xC94B848F,
0xC94C8490,
0xC94D8491,
0xC94E8492,
0xC94F8493,
0xC9508494,
0xC9518495,
0xC9528496,
0xC9538498,
0xC954849A,
0xC955849B,
0xC956849D,
0xC957849E,
0xC958849F,
0xC95984A0,
0xC95A84A2,
0xC95B84A3,
0xC95C84A4,
0xC95D84A5,
0xC95E84A6,
0xC95F84A7,
0xC96084A8,
0xC96184A9,
0xC96284AA,
0xC96384AB,
0xC96484AC,
0xC96584AD,
0xC96684AE,
0xC96784B0,
0xC96884B1,
0xC96984B3,
0xC96A84B5,
0xC96B84B6,
0xC96C84B7,
0xC96D84BB,
0xC96E84BC,
0xC96F84BE,
0xC97084C0,
0xC97184C2,
0xC97284C3,
0xC97384C5,
0xC97484C6,
0xC97584C7,
0xC97684C8,
0xC97784CB,
0xC97884CC,
0xC97984CE,
0xC97A84CF,
0xC97B84D2,
0xC97C84D4,
0xC97D84D5,
0xC97E84D7,
0xC98084D8,
0xC98184D9,
0xC98284DA,
0xC98384DB,
0xC98484DC,
0xC98584DE,
0xC98684E1,
0xC98784E2,
0xC98884E4,
0xC98984E7,
0xC98A84E8,
0xC98B84E9,
0xC98C84EA,
0xC98D84EB,
0xC98E84ED,
0xC98F84EE,
0xC99084EF,
0xC99184F1,
0xC99284F2,
0xC99384F3,
0xC99484F4,
0xC99584F5,
0xC99684F6,
0xC99784F7,
0xC99884F8,
0xC99984F9,
0xC99A84FA,
0xC99B84FB,
0xC99C84FD,
0xC99D84FE,
0xC99E8500,
0xC99F8501,
0xC9A08502,
0xC9A14F1E,
0xC9A26563,
0xC9A36851,
0xC9A455D3,
0xC9A54E27,
0xC9A66414,
0xC9A79A9A,
0xC9A8626B,
0xC9A95AC2,
0xC9AA745F,
0xC9AB8272,
0xC9AC6DA9,
0xC9AD68EE,
0xC9AE50E7,
0xC9AF838E,
0xC9B07802,
0xC9B16740,
0xC9B25239,
0xC9B36C99,
0xC9B47EB1,
0xC9B550BB,
0xC9B65565,
0xC9B7715E,
0xC9B87B5B,
0xC9B96652,
0xC9BA73CA,
0xC9BB82EB,
0xC9BC6749,
0xC9BD5C71,
0xC9BE5220,
0xC9BF717D,
0xC9C0886B,
0xC9C195EA,
0xC9C29655,
0xC9C364C5,
0xC9C48D61,
0xC9C581B3,
0xC9C65584,
0xC9C76C55,
0xC9C86247,
0xC9C97F2E,
0xC9CA5892,
0xC9CB4F24,
0xC9CC5546,
0xC9CD8D4F,
0xC9CE664C,
0xC9CF4E0A,
0xC9D05C1A,
0xC9D188F3,
0xC9D268A2,
0xC9D3634E,
0xC9D47A0D,
0xC9D570E7,
0xC9D6828D,
0xC9D752FA,
0xC9D897F6,
0xC9D95C11,
0xC9DA54E8,
0xC9DB90B5,
0xC9DC7ECD,
0xC9DD5962,
0xC9DE8D4A,
0xC9DF86C7,
0xC9E0820C,
0xC9E1820D,
0xC9E28D66,
0xC9E36444,
0xC9E45C04,
0xC9E56151,
0xC9E66D89,
0xC9E7793E,
0xC9E88BBE,
0xC9E97837,
0xC9EA7533,
0xC9EB547B,
0xC9EC4F38,
0xC9ED8EAB,
0xC9EE6DF1,
0xC9EF5A20,
0xC9F07EC5,
0xC9F1795E,
0xC9F26C88,
0xC9F35BA1,
0xC9F45A76,
0xC9F5751A,
0xC9F680BE,
0xC9F7614E,
0xC9F86E17,
0xC9F958F0,
0xC9FA751F,
0xC9FB7525,
0xC9FC7272,
0xC9FD5347,
0xC9FE7EF3,
0xCA408503,
0xCA418504,
0xCA428505,
0xCA438506,
0xCA448507,
0xCA458508,
0xCA468509,
0xCA47850A,
0xCA48850B,
0xCA49850D,
0xCA4A850E,
0xCA4B850F,
0xCA4C8510,
0xCA4D8512,
0xCA4E8514,
0xCA4F8515,
0xCA508516,
0xCA518518,
0xCA528519,
0xCA53851B,
0xCA54851C,
0xCA55851D,
0xCA56851E,
0xCA578520,
0xCA588522,
0xCA598523,
0xCA5A8524,
0xCA5B8525,
0xCA5C8526,
0xCA5D8527,
0xCA5E8528,
0xCA5F8529,
0xCA60852A,
0xCA61852D,
0xCA62852E,
0xCA63852F,
0xCA648530,
0xCA658531,
0xCA668532,
0xCA678533,
0xCA688534,
0xCA698535,
0xCA6A8536,
0xCA6B853E,
0xCA6C853F,
0xCA6D8540,
0xCA6E8541,
0xCA6F8542,
0xCA708544,
0xCA718545,
0xCA728546,
0xCA738547,
0xCA74854B,
0xCA75854C,
0xCA76854D,
0xCA77854E,
0xCA78854F,
0xCA798550,
0xCA7A8551,
0xCA7B8552,
0xCA7C8553,
0xCA7D8554,
0xCA7E8555,
0xCA808557,
0xCA818558,
0xCA82855A,
0xCA83855B,
0xCA84855C,
0xCA85855D,
0xCA86855F,
0xCA878560,
0xCA888561,
0xCA898562,
0xCA8A8563,
0xCA8B8565,
0xCA8C8566,
0xCA8D8567,
0xCA8E8569,
0xCA8F856A,
0xCA90856B,
0xCA91856C,
0xCA92856D,
0xCA93856E,
0xCA94856F,
0xCA958570,
0xCA968571,
0xCA978573,
0xCA988575,
0xCA998576,
0xCA9A8577,
0xCA9B8578,
0xCA9C857C,
0xCA9D857D,
0xCA9E857F,
0xCA9F8580,
0xCAA08581,
0xCAA17701,
0xCAA276DB,
0xCAA35269,
0xCAA480DC,
0xCAA55723,
0xCAA65E08,
0xCAA75931,
0xCAA872EE,
0xCAA965BD,
0xCAAA6E7F,
0xCAAB8BD7,
0xCAAC5C38,
0xCAAD8671,
0xCAAE5341,
0xCAAF77F3,
0xCAB062FE,
0xCAB165F6,
0xCAB24EC0,
0xCAB398DF,
0xCAB48680,
0xCAB55B9E,
0xCAB68BC6,
0xCAB753F2,
0xCAB877E2,
0xCAB94F7F,
0xCABA5C4E,
0xCABB9A76,
0xCABC59CB,
0xCABD5F0F,
0xCABE793A,
0xCABF58EB,
0xCAC04E16,
0xCAC167FF,
0xCAC24E8B,
0xCAC362ED,
0xCAC48A93,
0xCAC5901D,
0xCAC652BF,
0xCAC7662F,
0xCAC855DC,
0xCAC9566C,
0xCACA9002,
0xCACB4ED5,
0xCACC4F8D,
0xCACD91CA,
0xCACE9970,
0xCACF6C0F,
0xCAD05E02,
0xCAD16043,
0xCAD25BA4,
0xCAD389C6,
0xCAD48BD5,
0xCAD56536,
0xCAD6624B,
0xCAD79996,
0xCAD85B88,
0xCAD95BFF,
0xCADA6388,
0xCADB552E,
0xCADC53D7,
0xCADD7626,
0xCADE517D,
0xCADF852C,
0xCAE067A2,
0xCAE168B3,
0xCAE26B8A,
0xCAE36292,
0xCAE48F93,
0xCAE553D4,
0xCAE68212,
0xCAE76DD1,
0xCAE8758F,
0xCAE94E66,
0xCAEA8D4E,
0xCAEB5B70,
0xCAEC719F,
0xCAED85AF,
0xCAEE6691,
0xCAEF66D9,
0xCAF07F72,
0xCAF18700,
0xCAF29ECD,
0xCAF39F20,
0xCAF45C5E,
0xCAF5672F,
0xCAF68FF0,
0xCAF76811,
0xCAF8675F,
0xCAF9620D,
0xCAFA7AD6,
0xCAFB5885,
0xCAFC5EB6,
0xCAFD6570,
0xCAFE6F31,
0xCB408582,
0xCB418583,
0xCB428586,
0xCB438588,
0xCB448589,
0xCB45858A,
0xCB46858B,
0xCB47858C,
0xCB48858D,
0xCB49858E,
0xCB4A8590,
0xCB4B8591,
0xCB4C8592,
0xCB4D8593,
0xCB4E8594,
0xCB4F8595,
0xCB508596,
0xCB518597,
0xCB528598,
0xCB538599,
0xCB54859A,
0xCB55859D,
0xCB56859E,
0xCB57859F,
0xCB5885A0,
0xCB5985A1,
0xCB5A85A2,
0xCB5B85A3,
0xCB5C85A5,
0xCB5D85A6,
0xCB5E85A7,
0xCB5F85A9,
0xCB6085AB,
0xCB6185AC,
0xCB6285AD,
0xCB6385B1,
0xCB6485B2,
0xCB6585B3,
0xCB6685B4,
0xCB6785B5,
0xCB6885B6,
0xCB6985B8,
0xCB6A85BA,
0xCB6B85BB,
0xCB6C85BC,
0xCB6D85BD,
0xCB6E85BE,
0xCB6F85BF,
0xCB7085C0,
0xCB7185C2,
0xCB7285C3,
0xCB7385C4,
0xCB7485C5,
0xCB7585C6,
0xCB7685C7,
0xCB7785C8,
0xCB7885CA,
0xCB7985CB,
0xCB7A85CC,
0xCB7B85CD,
0xCB7C85CE,
0xCB7D85D1,
0xCB7E85D2,
0xCB8085D4,
0xCB8185D6,
0xCB8285D7,
0xCB8385D8,
0xCB8485D9,
0xCB8585DA,
0xCB8685DB,
0xCB8785DD,
0xCB8885DE,
0xCB8985DF,
0xCB8A85E0,
0xCB8B85E1,
0xCB8C85E2,
0xCB8D85E3,
0xCB8E85E5,
0xCB8F85E6,
0xCB9085E7,
0xCB9185E8,
0xCB9285EA,
0xCB9385EB,
0xCB9485EC,
0xCB9585ED,
0xCB9685EE,
0xCB9785EF,
0xCB9885F0,
0xCB9985F1,
0xCB9A85F2,
0xCB9B85F3,
0xCB9C85F4,
0xCB9D85F5,
0xCB9E85F6,
0xCB9F85F7,
0xCBA085F8,
0xCBA16055,
0xCBA25237,
0xCBA3800D,
0xCBA46454,
0xCBA58870,
0xCBA67529,
0xCBA75E05,
0xCBA86813,
0xCBA962F4,
0xCBAA971C,
0xCBAB53CC,
0xCBAC723D,
0xCBAD8C01,
0xCBAE6C34,
0xCBAF7761,
0xCBB07A0E,
0xCBB1542E,
0xCBB277AC,
0xCBB3987A,
0xCBB4821C,
0xCBB58BF4,
0xCBB67855,
0xCBB76714,
0xCBB870C1,
0xCBB965AF,
0xCBBA6495,
0xCBBB5636,
0xCBBC601D,
0xCBBD79C1,
0xCBBE53F8,
0xCBBF4E1D,
0xCBC06B7B,
0xCBC18086,
0xCBC25BFA,
0xCBC355E3,
0xCBC456DB,
0xCBC54F3A,
0xCBC64F3C,
0xCBC79972,
0xCBC85DF3,
0xCBC9677E,
0xCBCA8038,
0xCBCB6002,
0xCBCC9882,
0xCBCD9001,
0xCBCE5B8B,
0xCBCF8BBC,
0xCBD08BF5,
0xCBD1641C,
0xCBD28258,
0xCBD364DE,
0xCBD455FD,
0xCBD582CF,
0xCBD69165,
0xCBD74FD7,
0xCBD87D20,
0xCBD9901F,
0xCBDA7C9F,
0xCBDB50F3,
0xCBDC5851,
0xCBDD6EAF,
0xCBDE5BBF,
0xCBDF8BC9,
0xCBE08083,
0xCBE19178,
0xCBE2849C,
0xCBE37B97,
0xCBE4867D,
0xCBE5968B,
0xCBE6968F,
0xCBE77EE5,
0xCBE89AD3,
0xCBE9788E,
0xCBEA5C81,
0xCBEB7A57,
0xCBEC9042,
0xCBED96A7,
0xCBEE795F,
0xCBEF5B59,
0xCBF0635F,
0xCBF17B0B,
0xCBF284D1,
0xCBF368AD,
0xCBF45506,
0xCBF57F29,
0xCBF67410,
0xCBF77D22,
0xCBF89501,
0xCBF96240,
0xCBFA584C,
0xCBFB4ED6,
0xCBFC5B83,
0xCBFD5979,
0xCBFE5854,
0xCC4085F9,
0xCC4185FA,
0xCC4285FC,
0xCC4385FD,
0xCC4485FE,
0xCC458600,
0xCC468601,
0xCC478602,
0xCC488603,
0xCC498604,
0xCC4A8606,
0xCC4B8607,
0xCC4C8608,
0xCC4D8609,
0xCC4E860A,
0xCC4F860B,
0xCC50860C,
0xCC51860D,
0xCC52860E,
0xCC53860F,
0xCC548610,
0xCC558612,
0xCC568613,
0xCC578614,
0xCC588615,
0xCC598617,
0xCC5A8618,
0xCC5B8619,
0xCC5C861A,
0xCC5D861B,
0xCC5E861C,
0xCC5F861D,
0xCC60861E,
0xCC61861F,
0xCC628620,
0xCC638621,
0xCC648622,
0xCC658623,
0xCC668624,
0xCC678625,
0xCC688626,
0xCC698628,
0xCC6A862A,
0xCC6B862B,
0xCC6C862C,
0xCC6D862D,
0xCC6E862E,
0xCC6F862F,
0xCC708630,
0xCC718631,
0xCC728632,
0xCC738633,
0xCC748634,
0xCC758635,
0xCC768636,
0xCC778637,
0xCC788639,
0xCC79863A,
0xCC7A863B,
0xCC7B863D,
0xCC7C863E,
0xCC7D863F,
0xCC7E8640,
0xCC808641,
0xCC818642,
0xCC828643,
0xCC838644,
0xCC848645,
0xCC858646,
0xCC868647,
0xCC878648,
0xCC888649,
0xCC89864A,
0xCC8A864B,
0xCC8B864C,
0xCC8C8652,
0xCC8D8653,
0xCC8E8655,
0xCC8F8656,
0xCC908657,
0xCC918658,
0xCC928659,
0xCC93865B,
0xCC94865C,
0xCC95865D,
0xCC96865F,
0xCC978660,
0xCC988661,
0xCC998663,
0xCC9A8664,
0xCC9B8665,
0xCC9C8666,
0xCC9D8667,
0xCC9E8668,
0xCC9F8669,
0xCCA0866A,
0xCCA1736D,
0xCCA2631E,
0xCCA38E4B,
0xCCA48E0F,
0xCCA580CE,
0xCCA682D4,
0xCCA762AC,
0xCCA853F0,
0xCCA96CF0,
0xCCAA915E,
0xCCAB592A,
0xCCAC6001,
0xCCAD6C70,
0xCCAE574D,
0xCCAF644A,
0xCCB08D2A,
0xCCB1762B,
0xCCB26EE9,
0xCCB3575B,
0xCCB46A80,
0xCCB575F0,
0xCCB66F6D,
0xCCB78C2D,
0xCCB88C08,
0xCCB95766,
0xCCBA6BEF,
0xCCBB8892,
0xCCBC78B3,
0xCCBD63A2,
0xCCBE53F9,
0xCCBF70AD,
0xCCC06C64,
0xCCC15858,
0xCCC2642A,
0xCCC35802,
0xCCC468E0,
0xCCC5819B,
0xCCC65510,
0xCCC77CD6,
0xCCC85018,
0xCCC98EBA,
0xCCCA6DCC,
0xCCCB8D9F,
0xCCCC70EB,
0xCCCD638F,
0xCCCE6D9B,
0xCCCF6ED4,
0xCCD07EE6,
0xCCD18404,
0xCCD26843,
0xCCD39003,
0xCCD46DD8,
0xCCD59676,
0xCCD68BA8,
0xCCD75957,
0xCCD87279,
0xCCD985E4,
0xCCDA817E,
0xCCDB75BC,
0xCCDC8A8A,
0xCCDD68AF,
0xCCDE5254,
0xCCDF8E22,
0xCCE09511,
0xCCE163D0,
0xCCE29898,
0xCCE38E44,
0xCCE4557C,
0xCCE54F53,
0xCCE666FF,
0xCCE7568F,
0xCCE860D5,
0xCCE96D95,
0xCCEA5243,
0xCCEB5C49,
0xCCEC5929,
0xCCED6DFB,
0xCCEE586B,
0xCCEF7530,
0xCCF0751C,
0xCCF1606C,
0xCCF28214,
0xCCF38146,
0xCCF46311,
0xCCF56761,
0xCCF68FE2,
0xCCF7773A,
0xCCF88DF3,
0xCCF98D34,
0xCCFA94C1,
0xCCFB5E16,
0xCCFC5385,
0xCCFD542C,
0xCCFE70C3,
0xCD40866D,
0xCD41866F,
0xCD428670,
0xCD438672,
0xCD448673,
0xCD458674,
0xCD468675,
0xCD478676,
0xCD488677,
0xCD498678,
0xCD4A8683,
0xCD4B8684,
0xCD4C8685,
0xCD4D8686,
0xCD4E8687,
0xCD4F8688,
0xCD508689,
0xCD51868E,
0xCD52868F,
0xCD538690,
0xCD548691,
0xCD558692,
0xCD568694,
0xCD578696,
0xCD588697,
0xCD598698,
0xCD5A8699,
0xCD5B869A,
0xCD5C869B,
0xCD5D869E,
0xCD5E869F,
0xCD5F86A0,
0xCD6086A1,
0xCD6186A2,
0xCD6286A5,
0xCD6386A6,
0xCD6486AB,
0xCD6586AD,
0xCD6686AE,
0xCD6786B2,
0xCD6886B3,
0xCD6986B7,
0xCD6A86B8,
0xCD6B86B9,
0xCD6C86BB,
0xCD6D86BC,
0xCD6E86BD,
0xCD6F86BE,
0xCD7086BF,
0xCD7186C1,
0xCD7286C2,
0xCD7386C3,
0xCD7486C5,
0xCD7586C8,
0xCD7686CC,
0xCD7786CD,
0xCD7886D2,
0xCD7986D3,
0xCD7A86D5,
0xCD7B86D6,
0xCD7C86D7,
0xCD7D86DA,
0xCD7E86DC,
0xCD8086DD,
0xCD8186E0,
0xCD8286E1,
0xCD8386E2,
0xCD8486E3,
0xCD8586E5,
0xCD8686E6,
0xCD8786E7,
0xCD8886E8,
0xCD8986EA,
0xCD8A86EB,
0xCD8B86EC,
0xCD8C86EF,
0xCD8D86F5,
0xCD8E86F6,
0xCD8F86F7,
0xCD9086FA,
0xCD9186FB,
0xCD9286FC,
0xCD9386FD,
0xCD9486FF,
0xCD958701,
0xCD968704,
0xCD978705,
0xCD988706,
0xCD99870B,
0xCD9A870C,
0xCD9B870E,
0xCD9C870F,
0xCD9D8710,
0xCD9E8711,
0xCD9F8714,
0xCDA08716,
0xCDA16C40,
0xCDA25EF7,
0xCDA3505C,
0xCDA44EAD,
0xCDA55EAD,
0xCDA6633A,
0xCDA78247,
0xCDA8901A,
0xCDA96850,
0xCDAA916E,
0xCDAB77B3,
0xCDAC540C,
0xCDAD94DC,
0xCDAE5F64,
0xCDAF7AE5,
0xCDB06876,
0xCDB16345,
0xCDB27B52,
0xCDB37EDF,
0xCDB475DB,
0xCDB55077,
0xCDB66295,
0xCDB75934,
0xCDB8900F,
0xCDB951F8,
0xCDBA79C3,
0xCDBB7A81,
0xCDBC56FE,
0xCDBD5F92,
0xCDBE9014,
0xCDBF6D82,
0xCDC05C60,
0xCDC1571F,
0xCDC25410,
0xCDC35154,
0xCDC46E4D,
0xCDC556E2,
0xCDC663A8,
0xCDC79893,
0xCDC8817F,
0xCDC98715,
0xCDCA892A,
0xCDCB9000,
0xCDCC541E,
0xCDCD5C6F,
0xCDCE81C0,
0xCDCF62D6,
0xCDD06258,
0xCDD18131,
0xCDD29E35,
0xCDD39640,
0xCDD49A6E,
0xCDD59A7C,
0xCDD6692D,
0xCDD759A5,
0xCDD862D3,
0xCDD9553E,
0xCDDA6316,
0xCDDB54C7,
0xCDDC86D9,
0xCDDD6D3C,
0xCDDE5A03,
0xCDDF74E6,
0xCDE0889C,
0xCDE16B6A,
0xCDE25916,
0xCDE38C4C,
0xCDE45F2F,
0xCDE56E7E,
0xCDE673A9,
0xCDE7987D,
0xCDE84E38,
0xCDE970F7,
0xCDEA5B8C,
0xCDEB7897,
0xCDEC633D,
0xCDED665A,
0xCDEE7696,
0xCDEF60CB,
0xCDF05B9B,
0xCDF15A49,
0xCDF24E07,
0xCDF38155,
0xCDF46C6A,
0xCDF5738B,
0xCDF64EA1,
0xCDF76789,
0xCDF87F51,
0xCDF95F80,
0xCDFA65FA,
0xCDFB671B,
0xCDFC5FD8,
0xCDFD5984,
0xCDFE5A01,
0xCE408719,
0xCE41871B,
0xCE42871D,
0xCE43871F,
0xCE448720,
0xCE458724,
0xCE468726,
0xCE478727,
0xCE488728,
0xCE49872A,
0xCE4A872B,
0xCE4B872C,
0xCE4C872D,
0xCE4D872F,
0xCE4E8730,
0xCE4F8732,
0xCE508733,
0xCE518735,
0xCE528736,
0xCE538738,
0xCE548739,
0xCE55873A,
0xCE56873C,
0xCE57873D,
0xCE588740,
0xCE598741,
0xCE5A8742,
0xCE5B8743,
0xCE5C8744,
0xCE5D8745,
0xCE5E8746,
0xCE5F874A,
0xCE60874B,
0xCE61874D,
0xCE62874F,
0xCE638750,
0xCE648751,
0xCE658752,
0xCE668754,
0xCE678755,
0xCE688756,
0xCE698758,
0xCE6A875A,
0xCE6B875B,
0xCE6C875C,
0xCE6D875D,
0xCE6E875E,
0xCE6F875F,
0xCE708761,
0xCE718762,
0xCE728766,
0xCE738767,
0xCE748768,
0xCE758769,
0xCE76876A,
0xCE77876B,
0xCE78876C,
0xCE79876D,
0xCE7A876F,
0xCE7B8771,
0xCE7C8772,
0xCE7D8773,
0xCE7E8775,
0xCE808777,
0xCE818778,
0xCE828779,
0xCE83877A,
0xCE84877F,
0xCE858780,
0xCE868781,
0xCE878784,
0xCE888786,
0xCE898787,
0xCE8A8789,
0xCE8B878A,
0xCE8C878C,
0xCE8D878E,
0xCE8E878F,
0xCE8F8790,
0xCE908791,
0xCE918792,
0xCE928794,
0xCE938795,
0xCE948796,
0xCE958798,
0xCE968799,
0xCE97879A,
0xCE98879B,
0xCE99879C,
0xCE9A879D,
0xCE9B879E,
0xCE9C87A0,
0xCE9D87A1,
0xCE9E87A2,
0xCE9F87A3,
0xCEA087A4,
0xCEA15DCD,
0xCEA25FAE,
0xCEA35371,
0xCEA497E6,
0xCEA58FDD,
0xCEA66845,
0xCEA756F4,
0xCEA8552F,
0xCEA960DF,
0xCEAA4E3A,
0xCEAB6F4D,
0xCEAC7EF4,
0xCEAD82C7,
0xCEAE840E,
0xCEAF59D4,
0xCEB04F1F,
0xCEB14F2A,
0xCEB25C3E,
0xCEB37EAC,
0xCEB4672A,
0xCEB5851A,
0xCEB65473,
0xCEB7754F,
0xCEB880C3,
0xCEB95582,
0xCEBA9B4F,
0xCEBB4F4D,
0xCEBC6E2D,
0xCEBD8C13,
0xCEBE5C09,
0xCEBF6170,
0xCEC0536B,
0xCEC1761F,
0xCEC26E29,
0xCEC3868A,
0xCEC46587,
0xCEC595FB,
0xCEC67EB9,
0xCEC7543B,
0xCEC87A33,
0xCEC97D0A,
0xCECA95EE,
0xCECB55E1,
0xCECC7FC1,
0xCECD74EE,
0xCECE631D,
0xCECF8717,
0xCED06DA1,
0xCED17A9D,
0xCED26211,
0xCED365A1,
0xCED45367,
0xCED563E1,
0xCED66C83,
0xCED75DEB,
0xCED8545C,
0xCED994A8,
0xCEDA4E4C,
0xCEDB6C61,
0xCEDC8BEC,
0xCEDD5C4B,
0xCEDE65E0,
0xCEDF829C,
0xCEE068A7,
0xCEE1543E,
0xCEE25434,
0xCEE36BCB,
0xCEE46B66,
0xCEE54E94,
0xCEE66342,
0xCEE75348,
0xCEE8821E,
0xCEE94F0D,
0xCEEA4FAE,
0xCEEB575E,
0xCEEC620A,
0xCEED96FE,
0xCEEE6664,
0xCEEF7269,
0xCEF052FF,
0xCEF152A1,
0xCEF2609F,
0xCEF38BEF,
0xCEF46614,
0xCEF57199,
0xCEF66790,
0xCEF7897F,
0xCEF87852,
0xCEF977FD,
0xCEFA6670,
0xCEFB563B,
0xCEFC5438,
0xCEFD9521,
0xCEFE727A,
0xCF4087A5,
0xCF4187A6,
0xCF4287A7,
0xCF4387A9,
0xCF4487AA,
0xCF4587AE,
0xCF4687B0,
0xCF4787B1,
0xCF4887B2,
0xCF4987B4,
0xCF4A87B6,
0xCF4B87B7,
0xCF4C87B8,
0xCF4D87B9,
0xCF4E87BB,
0xCF4F87BC,
0xCF5087BE,
0xCF5187BF,
0xCF5287C1,
0xCF5387C2,
0xCF5487C3,
0xCF5587C4,
0xCF5687C5,
0xCF5787C7,
0xCF5887C8,
0xCF5987C9,
0xCF5A87CC,
0xCF5B87CD,
0xCF5C87CE,
0xCF5D87CF,
0xCF5E87D0,
0xCF5F87D4,
0xCF6087D5,
0xCF6187D6,
0xCF6287D7,
0xCF6387D8,
0xCF6487D9,
0xCF6587DA,
0xCF6687DC,
0xCF6787DD,
0xCF6887DE,
0xCF6987DF,
0xCF6A87E1,
0xCF6B87E2,
0xCF6C87E3,
0xCF6D87E4,
0xCF6E87E6,
0xCF6F87E7,
0xCF7087E8,
0xCF7187E9,
0xCF7287EB,
0xCF7387EC,
0xCF7487ED,
0xCF7587EF,
0xCF7687F0,
0xCF7787F1,
0xCF7887F2,
0xCF7987F3,
0xCF7A87F4,
0xCF7B87F5,
0xCF7C87F6,
0xCF7D87F7,
0xCF7E87F8,
0xCF8087FA,
0xCF8187FB,
0xCF8287FC,
0xCF8387FD,
0xCF8487FF,
0xCF858800,
0xCF868801,
0xCF878802,
0xCF888804,
0xCF898805,
0xCF8A8806,
0xCF8B8807,
0xCF8C8808,
0xCF8D8809,
0xCF8E880B,
0xCF8F880C,
0xCF90880D,
0xCF91880E,
0xCF92880F,
0xCF938810,
0xCF948811,
0xCF958812,
0xCF968814,
0xCF978817,
0xCF988818,
0xCF998819,
0xCF9A881A,
0xCF9B881C,
0xCF9C881D,
0xCF9D881E,
0xCF9E881F,
0xCF9F8820,
0xCFA08823,
0xCFA17A00,
0xCFA2606F,
0xCFA35E0C,
0xCFA46089,
0xCFA5819D,
0xCFA65915,
0xCFA760DC,
0xCFA87184,
0xCFA970EF,
0xCFAA6EAA,
0xCFAB6C50,
0xCFAC7280,
0xCFAD6A84,
0xCFAE88AD,
0xCFAF5E2D,
0xCFB04E60,
0xCFB15AB3,
0xCFB2559C,
0xCFB394E3,
0xCFB46D17,
0xCFB57CFB,
0xCFB69699,
0xCFB7620F,
0xCFB87EC6,
0xCFB9778E,
0xCFBA867E,
0xCFBB5323,
0xCFBC971E,
0xCFBD8F96,
0xCFBE6687,
0xCFBF5CE1,
0xCFC04FA0,
0xCFC172ED,
0xCFC24E0B,
0xCFC353A6,
0xCFC4590F,
0xCFC55413,
0xCFC66380,
0xCFC79528,
0xCFC85148,
0xCFC94ED9,
0xCFCA9C9C,
0xCFCB7EA4,
0xCFCC54B8,
0xCFCD8D24,
0xCFCE8854,
0xCFCF8237,
0xCFD095F2,
0xCFD16D8E,
0xCFD25F26,
0xCFD35ACC,
0xCFD4663E,
0xCFD59669,
0xCFD673B0,
0xCFD7732E,
0xCFD853BF,
0xCFD9817A,
0xCFDA9985,
0xCFDB7FA1,
0xCFDC5BAA,
0xCFDD9677,
0xCFDE9650,
0xCFDF7EBF,
0xCFE076F8,
0xCFE153A2,
0xCFE29576,
0xCFE39999,
0xCFE47BB1,
0xCFE58944,
0xCFE66E58,
0xCFE74E61,
0xCFE87FD4,
0xCFE97965,
0xCFEA8BE6,
0xCFEB60F3,
0xCFEC54CD,
0xCFED4EAB,
0xCFEE9879,
0xCFEF5DF7,
0xCFF06A61,
0xCFF150CF,
0xCFF25411,
0xCFF38C61,
0xCFF48427,
0xCFF5785D,
0xCFF69704,
0xCFF7524A,
0xCFF854EE,
0xCFF956A3,
0xCFFA9500,
0xCFFB6D88,
0xCFFC5BB5,
0xCFFD6DC6,
0xCFFE6653,
0xD0408824,
0xD0418825,
0xD0428826,
0xD0438827,
0xD0448828,
0xD0458829,
0xD046882A,
0xD047882B,
0xD048882C,
0xD049882D,
0xD04A882E,
0xD04B882F,
0xD04C8830,
0xD04D8831,
0xD04E8833,
0xD04F8834,
0xD0508835,
0xD0518836,
0xD0528837,
0xD0538838,
0xD054883A,
0xD055883B,
0xD056883D,
0xD057883E,
0xD058883F,
0xD0598841,
0xD05A8842,
0xD05B8843,
0xD05C8846,
0xD05D8847,
0xD05E8848,
0xD05F8849,
0xD060884A,
0xD061884B,
0xD062884E,
0xD063884F,
0xD0648850,
0xD0658851,
0xD0668852,
0xD0678853,
0xD0688855,
0xD0698856,
0xD06A8858,
0xD06B885A,
0xD06C885B,
0xD06D885C,
0xD06E885D,
0xD06F885E,
0xD070885F,
0xD0718860,
0xD0728866,
0xD0738867,
0xD074886A,
0xD075886D,
0xD076886F,
0xD0778871,
0xD0788873,
0xD0798874,
0xD07A8875,
0xD07B8876,
0xD07C8878,
0xD07D8879,
0xD07E887A,
0xD080887B,
0xD081887C,
0xD0828880,
0xD0838883,
0xD0848886,
0xD0858887,
0xD0868889,
0xD087888A,
0xD088888C,
0xD089888E,
0xD08A888F,
0xD08B8890,
0xD08C8891,
0xD08D8893,
0xD08E8894,
0xD08F8895,
0xD0908897,
0xD0918898,
0xD0928899,
0xD093889A,
0xD094889B,
0xD095889D,
0xD096889E,
0xD097889F,
0xD09888A0,
0xD09988A1,
0xD09A88A3,
0xD09B88A5,
0xD09C88A6,
0xD09D88A7,
0xD09E88A8,
0xD09F88A9,
0xD0A088AA,
0xD0A15C0F,
0xD0A25B5D,
0xD0A36821,
0xD0A48096,
0xD0A55578,
0xD0A67B11,
0xD0A76548,
0xD0A86954,
0xD0A94E9B,
0xD0AA6B47,
0xD0AB874E,
0xD0AC978B,
0xD0AD534F,
0xD0AE631F,
0xD0AF643A,
0xD0B090AA,
0xD0B1659C,
0xD0B280C1,
0xD0B38C10,
0xD0B45199,
0xD0B568B0,
0xD0B65378,
0xD0B787F9,
0xD0B861C8,
0xD0B96CC4,
0xD0BA6CFB,
0xD0BB8C22,
0xD0BC5C51,
0xD0BD85AA,
0xD0BE82AF,
0xD0BF950C,
0xD0C06B23,
0xD0C18F9B,
0xD0C265B0,
0xD0C35FFB,
0xD0C45FC3,
0xD0C54FE1,
0xD0C68845,
0xD0C7661F,
0xD0C88165,
0xD0C97329,
0xD0CA60FA,
0xD0CB5174,
0xD0CC5211,
0xD0CD578B,
0xD0CE5F62,
0xD0CF90A2,
0xD0D0884C,
0xD0D19192,
0xD0D25E78,
0xD0D3674F,
0xD0D46027,
0xD0D559D3,
0xD0D65144,
0xD0D751F6,
0xD0D880F8,
0xD0D95308,
0xD0DA6C79,
0xD0DB96C4,
0xD0DC718A,
0xD0DD4F11,
0xD0DE4FEE,
0xD0DF7F9E,
0xD0E0673D,
0xD0E155C5,
0xD0E29508,
0xD0E379C0,
0xD0E48896,
0xD0E57EE3,
0xD0E6589F,
0xD0E7620C,
0xD0E89700,
0xD0E9865A,
0xD0EA5618,
0xD0EB987B,
0xD0EC5F90,
0xD0ED8BB8,
0xD0EE84C4,
0xD0EF9157,
0xD0F053D9,
0xD0F165ED,
0xD0F25E8F,
0xD0F3755C,
0xD0F46064,
0xD0F57D6E,
0xD0F65A7F,
0xD0F77EEA,
0xD0F87EED,
0xD0F98F69,
0xD0FA55A7,
0xD0FB5BA3,
0xD0FC60AC,
0xD0FD65CB,
0xD0FE7384,
0xD14088AC,
0xD14188AE,
0xD14288AF,
0xD14388B0,
0xD14488B2,
0xD14588B3,
0xD14688B4,
0xD14788B5,
0xD14888B6,
0xD14988B8,
0xD14A88B9,
0xD14B88BA,
0xD14C88BB,
0xD14D88BD,
0xD14E88BE,
0xD14F88BF,
0xD15088C0,
0xD15188C3,
0xD15288C4,
0xD15388C7,
0xD15488C8,
0xD15588CA,
0xD15688CB,
0xD15788CC,
0xD15888CD,
0xD15988CF,
0xD15A88D0,
0xD15B88D1,
0xD15C88D3,
0xD15D88D6,
0xD15E88D7,
0xD15F88DA,
0xD16088DB,
0xD16188DC,
0xD16288DD,
0xD16388DE,
0xD16488E0,
0xD16588E1,
0xD16688E6,
0xD16788E7,
0xD16888E9,
0xD16988EA,
0xD16A88EB,
0xD16B88EC,
0xD16C88ED,
0xD16D88EE,
0xD16E88EF,
0xD16F88F2,
0xD17088F5,
0xD17188F6,
0xD17288F7,
0xD17388FA,
0xD17488FB,
0xD17588FD,
0xD17688FF,
0xD1778900,
0xD1788901,
0xD1798903,
0xD17A8904,
0xD17B8905,
0xD17C8906,
0xD17D8907,
0xD17E8908,
0xD1808909,
0xD181890B,
0xD182890C,
0xD183890D,
0xD184890E,
0xD185890F,
0xD1868911,
0xD1878914,
0xD1888915,
0xD1898916,
0xD18A8917,
0xD18B8918,
0xD18C891C,
0xD18D891D,
0xD18E891E,
0xD18F891F,
0xD1908920,
0xD1918922,
0xD1928923,
0xD1938924,
0xD1948926,
0xD1958927,
0xD1968928,
0xD1978929,
0xD198892C,
0xD199892D,
0xD19A892E,
0xD19B892F,
0xD19C8931,
0xD19D8932,
0xD19E8933,
0xD19F8935,
0xD1A08937,
0xD1A19009,
0xD1A27663,
0xD1A37729,
0xD1A47EDA,
0xD1A59774,
0xD1A6859B,
0xD1A75B66,
0xD1A87A74,
0xD1A996EA,
0xD1AA8840,
0xD1AB52CB,
0xD1AC718F,
0xD1AD5FAA,
0xD1AE65EC,
0xD1AF8BE2,
0xD1B05BFB,
0xD1B19A6F,
0xD1B25DE1,
0xD1B36B89,
0xD1B46C5B,
0xD1B58BAD,
0xD1B68BAF,
0xD1B7900A,
0xD1B88FC5,
0xD1B9538B,
0xD1BA62BC,
0xD1BB9E26,
0xD1BC9E2D,
0xD1BD5440,
0xD1BE4E2B,
0xD1BF82BD,
0xD1C07259,
0xD1C1869C,
0xD1C25D16,
0xD1C38859,
0xD1C46DAF,
0xD1C596C5,
0xD1C654D1,
0xD1C74E9A,
0xD1C88BB6,
0xD1C97109,
0xD1CA54BD,
0xD1CB9609,
0xD1CC70DF,
0xD1CD6DF9,
0xD1CE76D0,
0xD1CF4E25,
0xD1D07814,
0xD1D18712,
0xD1D25CA9,
0xD1D35EF6,
0xD1D48A00,
0xD1D5989C,
0xD1D6960E,
0xD1D7708E,
0xD1D86CBF,
0xD1D95944,
0xD1DA63A9,
0xD1DB773C,
0xD1DC884D,
0xD1DD6F14,
0xD1DE8273,
0xD1DF5830,
0xD1E071D5,
0xD1E1538C,
0xD1E2781A,
0xD1E396C1,
0xD1E45501,
0xD1E55F66,
0xD1E67130,
0xD1E75BB4,
0xD1E88C1A,
0xD1E99A8C,
0xD1EA6B83,
0xD1EB592E,
0xD1EC9E2F,
0xD1ED79E7,
0xD1EE6768,
0xD1EF626C,
0xD1F04F6F,
0xD1F175A1,
0xD1F27F8A,
0xD1F36D0B,
0xD1F49633,
0xD1F56C27,
0xD1F64EF0,
0xD1F775D2,
0xD1F8517B,
0xD1F96837,
0xD1FA6F3E,
0xD1FB9080,
0xD1FC8170,
0xD1FD5996,
0xD1FE7476,
0xD2408938,
0xD2418939,
0xD242893A,
0xD243893B,
0xD244893C,
0xD245893D,
0xD246893E,
0xD247893F,
0xD2488940,
0xD2498942,
0xD24A8943,
0xD24B8945,
0xD24C8946,
0xD24D8947,
0xD24E8948,
0xD24F8949,
0xD250894A,
0xD251894B,
0xD252894C,
0xD253894D,
0xD254894E,
0xD255894F,
0xD2568950,
0xD2578951,
0xD2588952,
0xD2598953,
0xD25A8954,
0xD25B8955,
0xD25C8956,
0xD25D8957,
0xD25E8958,
0xD25F8959,
0xD260895A,
0xD261895B,
0xD262895C,
0xD263895D,
0xD2648960,
0xD2658961,
0xD2668962,
0xD2678963,
0xD2688964,
0xD2698965,
0xD26A8967,
0xD26B8968,
0xD26C8969,
0xD26D896A,
0xD26E896B,
0xD26F896C,
0xD270896D,
0xD271896E,
0xD272896F,
0xD2738970,
0xD2748971,
0xD2758972,
0xD2768973,
0xD2778974,
0xD2788975,
0xD2798976,
0xD27A8977,
0xD27B8978,
0xD27C8979,
0xD27D897A,
0xD27E897C,
0xD280897D,
0xD281897E,
0xD2828980,
0xD2838982,
0xD2848984,
0xD2858985,
0xD2868987,
0xD2878988,
0xD2888989,
0xD289898A,
0xD28A898B,
0xD28B898C,
0xD28C898D,
0xD28D898E,
0xD28E898F,
0xD28F8990,
0xD2908991,
0xD2918992,
0xD2928993,
0xD2938994,
0xD2948995,
0xD2958996,
0xD2968997,
0xD2978998,
0xD2988999,
0xD299899A,
0xD29A899B,
0xD29B899C,
0xD29C899D,
0xD29D899E,
0xD29E899F,
0xD29F89A0,
0xD2A089A1,
0xD2A16447,
0xD2A25C27,
0xD2A39065,
0xD2A47A91,
0xD2A58C23,
0xD2A659DA,
0xD2A754AC,
0xD2A88200,
0xD2A9836F,
0xD2AA8981,
0xD2AB8000,
0xD2AC6930,
0xD2AD564E,
0xD2AE8036,
0xD2AF7237,
0xD2B091CE,
0xD2B151B6,
0xD2B24E5F,
0xD2B39875,
0xD2B46396,
0xD2B54E1A,
0xD2B653F6,
0xD2B766F3,
0xD2B8814B,
0xD2B9591C,
0xD2BA6DB2,
0xD2BB4E00,
0xD2BC58F9,
0xD2BD533B,
0xD2BE63D6,
0xD2BF94F1,
0xD2C04F9D,
0xD2C14F0A,
0xD2C28863,
0xD2C39890,
0xD2C45937,
0xD2C59057,
0xD2C679FB,
0xD2C74EEA,
0xD2C880F0,
0xD2C97591,
0xD2CA6C82,
0xD2CB5B9C,
0xD2CC59E8,
0xD2CD5F5D,
0xD2CE6905,
0xD2CF8681,
0xD2D0501A,
0xD2D15DF2,
0xD2D24E59,
0xD2D377E3,
0xD2D44EE5,
0xD2D5827A,
0xD2D66291,
0xD2D76613,
0xD2D89091,
0xD2D95C79,
0xD2DA4EBF,
0xD2DB5F79,
0xD2DC81C6,
0xD2DD9038,
0xD2DE8084,
0xD2DF75AB,
0xD2E04EA6,
0xD2E188D4,
0xD2E2610F,
0xD2E36BC5,
0xD2E45FC6,
0xD2E54E49,
0xD2E676CA,
0xD2E76EA2,
0xD2E88BE3,
0xD2E98BAE,
0xD2EA8C0A,
0xD2EB8BD1,
0xD2EC5F02,
0xD2ED7FFC,
0xD2EE7FCC,
0xD2EF7ECE,
0xD2F08335,
0xD2F1836B,
0xD2F256E0,
0xD2F36BB7,
0xD2F497F3,
0xD2F59634,
0xD2F659FB,
0xD2F7541F,
0xD2F894F6,
0xD2F96DEB,
0xD2FA5BC5,
0xD2FB996E,
0xD2FC5C39,
0xD2FD5F15,
0xD2FE9690,
0xD34089A2,
0xD34189A3,
0xD34289A4,
0xD34389A5,
0xD34489A6,
0xD34589A7,
0xD34689A8,
0xD34789A9,
0xD34889AA,
0xD34989AB,
0xD34A89AC,
0xD34B89AD,
0xD34C89AE,
0xD34D89AF,
0xD34E89B0,
0xD34F89B1,
0xD35089B2,
0xD35189B3,
0xD35289B4,
0xD35389B5,
0xD35489B6,
0xD35589B7,
0xD35689B8,
0xD35789B9,
0xD35889BA,
0xD35989BB,
0xD35A89BC,
0xD35B89BD,
0xD35C89BE,
0xD35D89BF,
0xD35E89C0,
0xD35F89C3,
0xD36089CD,
0xD36189D3,
0xD36289D4,
0xD36389D5,
0xD36489D7,
0xD36589D8,
0xD36689D9,
0xD36789DB,
0xD36889DD,
0xD36989DF,
0xD36A89E0,
0xD36B89E1,
0xD36C89E2,
0xD36D89E4,
0xD36E89E7,
0xD36F89E8,
0xD37089E9,
0xD37189EA,
0xD37289EC,
0xD37389ED,
0xD37489EE,
0xD37589F0,
0xD37689F1,
0xD37789F2,
0xD37889F4,
0xD37989F5,
0xD37A89F6,
0xD37B89F7,
0xD37C89F8,
0xD37D89F9,
0xD37E89FA,
0xD38089FB,
0xD38189FC,
0xD38289FD,
0xD38389FE,
0xD38489FF,
0xD3858A01,
0xD3868A02,
0xD3878A03,
0xD3888A04,
0xD3898A05,
0xD38A8A06,
0xD38B8A08,
0xD38C8A09,
0xD38D8A0A,
0xD38E8A0B,
0xD38F8A0C,
0xD3908A0D,
0xD3918A0E,
0xD3928A0F,
0xD3938A10,
0xD3948A11,
0xD3958A12,
0xD3968A13,
0xD3978A14,
0xD3988A15,
0xD3998A16,
0xD39A8A17,
0xD39B8A18,
0xD39C8A19,
0xD39D8A1A,
0xD39E8A1B,
0xD39F8A1C,
0xD3A08A1D,
0xD3A15370,
0xD3A282F1,
0xD3A36A31,
0xD3A45A74,
0xD3A59E70,
0xD3A65E94,
0xD3A77F28,
0xD3A883B9,
0xD3A98424,
0xD3AA8425,
0xD3AB8367,
0xD3AC8747,
0xD3AD8FCE,
0xD3AE8D62,
0xD3AF76C8,
0xD3B05F71,
0xD3B19896,
0xD3B2786C,
0xD3B36620,
0xD3B454DF,
0xD3B562E5,
0xD3B64F63,
0xD3B781C3,
0xD3B875C8,
0xD3B95EB8,
0xD3BA96CD,
0xD3BB8E0A,
0xD3BC86F9,
0xD3BD548F,
0xD3BE6CF3,
0xD3BF6D8C,
0xD3C06C38,
0xD3C1607F,
0xD3C252C7,
0xD3C37528,
0xD3C45E7D,
0xD3C54F18,
0xD3C660A0,
0xD3C75FE7,
0xD3C85C24,
0xD3C97531,
0xD3CA90AE,
0xD3CB94C0,
0xD3CC72B9,
0xD3CD6CB9,
0xD3CE6E38,
0xD3CF9149,
0xD3D06709,
0xD3D153CB,
0xD3D253F3,
0xD3D34F51,
0xD3D491C9,
0xD3D58BF1,
0xD3D653C8,
0xD3D75E7C,
0xD3D88FC2,
0xD3D96DE4,
0xD3DA4E8E,
0xD3DB76C2,
0xD3DC6986,
0xD3DD865E,
0xD3DE611A,
0xD3DF8206,
0xD3E04F59,
0xD3E14FDE,
0xD3E2903E,
0xD3E39C7C,
0xD3E46109,
0xD3E56E1D,
0xD3E66E14,
0xD3E79685,
0xD3E84E88,
0xD3E95A31,
0xD3EA96E8,
0xD3EB4E0E,
0xD3EC5C7F,
0xD3ED79B9,
0xD3EE5B87,
0xD3EF8BED,
0xD3F07FBD,
0xD3F17389,
0xD3F257DF,
0xD3F3828B,
0xD3F490C1,
0xD3F55401,
0xD3F69047,
0xD3F755BB,
0xD3F85CEA,
0xD3F95FA1,
0xD3FA6108,
0xD3FB6B32,
0xD3FC72F1,
0xD3FD80B2,
0xD3FE8A89,
0xD4408A1E,
0xD4418A1F,
0xD4428A20,
0xD4438A21,
0xD4448A22,
0xD4458A23,
0xD4468A24,
0xD4478A25,
0xD4488A26,
0xD4498A27,
0xD44A8A28,
0xD44B8A29,
0xD44C8A2A,
0xD44D8A2B,
0xD44E8A2C,
0xD44F8A2D,
0xD4508A2E,
0xD4518A2F,
0xD4528A30,
0xD4538A31,
0xD4548A32,
0xD4558A33,
0xD4568A34,
0xD4578A35,
0xD4588A36,
0xD4598A37,
0xD45A8A38,
0xD45B8A39,
0xD45C8A3A,
0xD45D8A3B,
0xD45E8A3C,
0xD45F8A3D,
0xD4608A3F,
0xD4618A40,
0xD4628A41,
0xD4638A42,
0xD4648A43,
0xD4658A44,
0xD4668A45,
0xD4678A46,
0xD4688A47,
0xD4698A49,
0xD46A8A4A,
0xD46B8A4B,
0xD46C8A4C,
0xD46D8A4D,
0xD46E8A4E,
0xD46F8A4F,
0xD4708A50,
0xD4718A51,
0xD4728A52,
0xD4738A53,
0xD4748A54,
0xD4758A55,
0xD4768A56,
0xD4778A57,
0xD4788A58,
0xD4798A59,
0xD47A8A5A,
0xD47B8A5B,
0xD47C8A5C,
0xD47D8A5D,
0xD47E8A5E,
0xD4808A5F,
0xD4818A60,
0xD4828A61,
0xD4838A62,
0xD4848A63,
0xD4858A64,
0xD4868A65,
0xD4878A66,
0xD4888A67,
0xD4898A68,
0xD48A8A69,
0xD48B8A6A,
0xD48C8A6B,
0xD48D8A6C,
0xD48E8A6D,
0xD48F8A6E,
0xD4908A6F,
0xD4918A70,
0xD4928A71,
0xD4938A72,
0xD4948A73,
0xD4958A74,
0xD4968A75,
0xD4978A76,
0xD4988A77,
0xD4998A78,
0xD49A8A7A,
0xD49B8A7B,
0xD49C8A7C,
0xD49D8A7D,
0xD49E8A7E,
0xD49F8A7F,
0xD4A08A80,
0xD4A16D74,
0xD4A25BD3,
0xD4A388D5,
0xD4A49884,
0xD4A58C6B,
0xD4A69A6D,
0xD4A79E33,
0xD4A86E0A,
0xD4A951A4,
0xD4AA5143,
0xD4AB57A3,
0xD4AC8881,
0xD4AD539F,
0xD4AE63F4,
0xD4AF8F95,
0xD4B056ED,
0xD4B15458,
0xD4B25706,
0xD4B3733F,
0xD4B46E90,
0xD4B57F18,
0xD4B68FDC,
0xD4B782D1,
0xD4B8613F,
0xD4B96028,
0xD4BA9662,
0xD4BB66F0,
0xD4BC7EA6,
0xD4BD8D8A,
0xD4BE8DC3,
0xD4BF94A5,
0xD4C05CB3,
0xD4C17CA4,
0xD4C26708,
0xD4C360A6,
0xD4C49605,
0xD4C58018,
0xD4C64E91,
0xD4C790E7,
0xD4C85300,
0xD4C99668,
0xD4CA5141,
0xD4CB8FD0,
0xD4CC8574,
0xD4CD915D,
0xD4CE6655,
0xD4CF97F5,
0xD4D05B55,
0xD4D1531D,
0xD4D27838,
0xD4D36742,
0xD4D4683D,
0xD4D554C9,
0xD4D6707E,
0xD4D75BB0,
0xD4D88F7D,
0xD4D9518D,
0xD4DA5728,
0xD4DB54B1,
0xD4DC6512,
0xD4DD6682,
0xD4DE8D5E,
0xD4DF8D43,
0xD4E0810F,
0xD4E1846C,
0xD4E2906D,
0xD4E37CDF,
0xD4E451FF,
0xD4E585FB,
0xD4E667A3,
0xD4E765E9,
0xD4E86FA1,
0xD4E986A4,
0xD4EA8E81,
0xD4EB566A,
0xD4EC9020,
0xD4ED7682,
0xD4EE7076,
0xD4EF71E5,
0xD4F08D23,
0xD4F162E9,
0xD4F25219,
0xD4F36CFD,
0xD4F48D3C,
0xD4F5600E,
0xD4F6589E,
0xD4F7618E,
0xD4F866FE,
0xD4F98D60,
0xD4FA624E,
0xD4FB55B3,
0xD4FC6E23,
0xD4FD672D,
0xD4FE8F67,
0xD5408A81,
0xD5418A82,
0xD5428A83,
0xD5438A84,
0xD5448A85,
0xD5458A86,
0xD5468A87,
0xD5478A88,
0xD5488A8B,
0xD5498A8C,
0xD54A8A8D,
0xD54B8A8E,
0xD54C8A8F,
0xD54D8A90,
0xD54E8A91,
0xD54F8A92,
0xD5508A94,
0xD5518A95,
0xD5528A96,
0xD5538A97,
0xD5548A98,
0xD5558A99,
0xD5568A9A,
0xD5578A9B,
0xD5588A9C,
0xD5598A9D,
0xD55A8A9E,
0xD55B8A9F,
0xD55C8AA0,
0xD55D8AA1,
0xD55E8AA2,
0xD55F8AA3,
0xD5608AA4,
0xD5618AA5,
0xD5628AA6,
0xD5638AA7,
0xD5648AA8,
0xD5658AA9,
0xD5668AAA,
0xD5678AAB,
0xD5688AAC,
0xD5698AAD,
0xD56A8AAE,
0xD56B8AAF,
0xD56C8AB0,
0xD56D8AB1,
0xD56E8AB2,
0xD56F8AB3,
0xD5708AB4,
0xD5718AB5,
0xD5728AB6,
0xD5738AB7,
0xD5748AB8,
0xD5758AB9,
0xD5768ABA,
0xD5778ABB,
0xD5788ABC,
0xD5798ABD,
0xD57A8ABE,
0xD57B8ABF,
0xD57C8AC0,
0xD57D8AC1,
0xD57E8AC2,
0xD5808AC3,
0xD5818AC4,
0xD5828AC5,
0xD5838AC6,
0xD5848AC7,
0xD5858AC8,
0xD5868AC9,
0xD5878ACA,
0xD5888ACB,
0xD5898ACC,
0xD58A8ACD,
0xD58B8ACE,
0xD58C8ACF,
0xD58D8AD0,
0xD58E8AD1,
0xD58F8AD2,
0xD5908AD3,
0xD5918AD4,
0xD5928AD5,
0xD5938AD6,
0xD5948AD7,
0xD5958AD8,
0xD5968AD9,
0xD5978ADA,
0xD5988ADB,
0xD5998ADC,
0xD59A8ADD,
0xD59B8ADE,
0xD59C8ADF,
0xD59D8AE0,
0xD59E8AE1,
0xD59F8AE2,
0xD5A08AE3,
0xD5A194E1,
0xD5A295F8,
0xD5A37728,
0xD5A46805,
0xD5A569A8,
0xD5A6548B,
0xD5A74E4D,
0xD5A870B8,
0xD5A98BC8,
0xD5AA6458,
0xD5AB658B,
0xD5AC5B85,
0xD5AD7A84,
0xD5AE503A,
0xD5AF5BE8,
0xD5B077BB,
0xD5B16BE1,
0xD5B28A79,
0xD5B37C98,
0xD5B46CBE,
0xD5B576CF,
0xD5B665A9,
0xD5B78F97,
0xD5B85D2D,
0xD5B95C55,
0xD5BA8638,
0xD5BB6808,
0xD5BC5360,
0xD5BD6218,
0xD5BE7AD9,
0xD5BF6E5B,
0xD5C07EFD,
0xD5C16A1F,
0xD5C27AE0,
0xD5C35F70,
0xD5C46F33,
0xD5C55F20,
0xD5C6638C,
0xD5C76DA8,
0xD5C86756,
0xD5C94E08,
0xD5CA5E10,
0xD5CB8D26,
0xD5CC4ED7,
0xD5CD80C0,
0xD5CE7634,
0xD5CF969C,
0xD5D062DB,
0xD5D1662D,
0xD5D2627E,
0xD5D36CBC,
0xD5D48D75,
0xD5D57167,
0xD5D67F69,
0xD5D75146,
0xD5D88087,
0xD5D953EC,
0xD5DA906E,
0xD5DB6298,
0xD5DC54F2,
0xD5DD86F0,
0xD5DE8F99,
0xD5DF8005,
0xD5E09517,
0xD5E18517,
0xD5E28FD9,
0xD5E36D59,
0xD5E473CD,
0xD5E5659F,
0xD5E6771F,
0xD5E77504,
0xD5E87827,
0xD5E981FB,
0xD5EA8D1E,
0xD5EB9488,
0xD5EC4FA6,
0xD5ED6795,
0xD5EE75B9,
0xD5EF8BCA,
0xD5F09707,
0xD5F1632F,
0xD5F29547,
0xD5F39635,
0xD5F484B8,
0xD5F56323,
0xD5F67741,
0xD5F75F81,
0xD5F872F0,
0xD5F94E89,
0xD5FA6014,
0xD5FB6574,
0xD5FC62EF,
0xD5FD6B63,
0xD5FE653F,
0xD6408AE4,
0xD6418AE5,
0xD6428AE6,
0xD6438AE7,
0xD6448AE8,
0xD6458AE9,
0xD6468AEA,
0xD6478AEB,
0xD6488AEC,
0xD6498AED,
0xD64A8AEE,
0xD64B8AEF,
0xD64C8AF0,
0xD64D8AF1,
0xD64E8AF2,
0xD64F8AF3,
0xD6508AF4,
0xD6518AF5,
0xD6528AF6,
0xD6538AF7,
0xD6548AF8,
0xD6558AF9,
0xD6568AFA,
0xD6578AFB,
0xD6588AFC,
0xD6598AFD,
0xD65A8AFE,
0xD65B8AFF,
0xD65C8B00,
0xD65D8B01,
0xD65E8B02,
0xD65F8B03,
0xD6608B04,
0xD6618B05,
0xD6628B06,
0xD6638B08,
0xD6648B09,
0xD6658B0A,
0xD6668B0B,
0xD6678B0C,
0xD6688B0D,
0xD6698B0E,
0xD66A8B0F,
0xD66B8B10,
0xD66C8B11,
0xD66D8B12,
0xD66E8B13,
0xD66F8B14,
0xD6708B15,
0xD6718B16,
0xD6728B17,
0xD6738B18,
0xD6748B19,
0xD6758B1A,
0xD6768B1B,
0xD6778B1C,
0xD6788B1D,
0xD6798B1E,
0xD67A8B1F,
0xD67B8B20,
0xD67C8B21,
0xD67D8B22,
0xD67E8B23,
0xD6808B24,
0xD6818B25,
0xD6828B27,
0xD6838B28,
0xD6848B29,
0xD6858B2A,
0xD6868B2B,
0xD6878B2C,
0xD6888B2D,
0xD6898B2E,
0xD68A8B2F,
0xD68B8B30,
0xD68C8B31,
0xD68D8B32,
0xD68E8B33,
0xD68F8B34,
0xD6908B35,
0xD6918B36,
0xD6928B37,
0xD6938B38,
0xD6948B39,
0xD6958B3A,
0xD6968B3B,
0xD6978B3C,
0xD6988B3D,
0xD6998B3E,
0xD69A8B3F,
0xD69B8B40,
0xD69C8B41,
0xD69D8B42,
0xD69E8B43,
0xD69F8B44,
0xD6A08B45,
0xD6A15E27,
0xD6A275C7,
0xD6A390D1,
0xD6A48BC1,
0xD6A5829D,
0xD6A6679D,
0xD6A7652F,
0xD6A85431,
0xD6A98718,
0xD6AA77E5,
0xD6AB80A2,
0xD6AC8102,
0xD6AD6C41,
0xD6AE4E4B,
0xD6AF7EC7,
0xD6B0804C,
0xD6B176F4,
0xD6B2690D,
0xD6B36B96,
0xD6B46267,
0xD6B5503C,
0xD6B64F84,
0xD6B75740,
0xD6B86307,
0xD6B96B62,
0xD6BA8DBE,
0xD6BB53EA,
0xD6BC65E8,
0xD6BD7EB8,
0xD6BE5FD7,
0xD6BF631A,
0xD6C063B7,
0xD6C181F3,
0xD6C281F4,
0xD6C37F6E,
0xD6C45E1C,
0xD6C55CD9,
0xD6C65236,
0xD6C7667A,
0xD6C879E9,
0xD6C97A1A,
0xD6CA8D28,
0xD6CB7099,
0xD6CC75D4,
0xD6CD6EDE,
0xD6CE6CBB,
0xD6CF7A92,
0xD6D04E2D,
0xD6D176C5,
0xD6D25FE0,
0xD6D3949F,
0xD6D48877,
0xD6D57EC8,
0xD6D679CD,
0xD6D780BF,
0xD6D891CD,
0xD6D94EF2,
0xD6DA4F17,
0xD6DB821F,
0xD6DC5468,
0xD6DD5DDE,
0xD6DE6D32,
0xD6DF8BCC,
0xD6E07CA5,
0xD6E18F74,
0xD6E28098,
0xD6E35E1A,
0xD6E45492,
0xD6E576B1,
0xD6E65B99,
0xD6E7663C,
0xD6E89AA4,
0xD6E973E0,
0xD6EA682A,
0xD6EB86DB,
0xD6EC6731,
0xD6ED732A,
0xD6EE8BF8,
0xD6EF8BDB,
0xD6F09010,
0xD6F17AF9,
0xD6F270DB,
0xD6F3716E,
0xD6F462C4,
0xD6F577A9,
0xD6F65631,
0xD6F74E3B,
0xD6F88457,
0xD6F967F1,
0xD6FA52A9,
0xD6FB86C0,
0xD6FC8D2E,
0xD6FD94F8,
0xD6FE7B51,
0xD7408B46,
0xD7418B47,
0xD7428B48,
0xD7438B49,
0xD7448B4A,
0xD7458B4B,
0xD7468B4C,
0xD7478B4D,
0xD7488B4E,
0xD7498B4F,
0xD74A8B50,
0xD74B8B51,
0xD74C8B52,
0xD74D8B53,
0xD74E8B54,
0xD74F8B55,
0xD7508B56,
0xD7518B57,
0xD7528B58,
0xD7538B59,
0xD7548B5A,
0xD7558B5B,
0xD7568B5C,
0xD7578B5D,
0xD7588B5E,
0xD7598B5F,
0xD75A8B60,
0xD75B8B61,
0xD75C8B62,
0xD75D8B63,
0xD75E8B64,
0xD75F8B65,
0xD7608B67,
0xD7618B68,
0xD7628B69,
0xD7638B6A,
0xD7648B6B,
0xD7658B6D,
0xD7668B6E,
0xD7678B6F,
0xD7688B70,
0xD7698B71,
0xD76A8B72,
0xD76B8B73,
0xD76C8B74,
0xD76D8B75,
0xD76E8B76,
0xD76F8B77,
0xD7708B78,
0xD7718B79,
0xD7728B7A,
0xD7738B7B,
0xD7748B7C,
0xD7758B7D,
0xD7768B7E,
0xD7778B7F,
0xD7788B80,
0xD7798B81,
0xD77A8B82,
0xD77B8B83,
0xD77C8B84,
0xD77D8B85,
0xD77E8B86,
0xD7808B87,
0xD7818B88,
0xD7828B89,
0xD7838B8A,
0xD7848B8B,
0xD7858B8C,
0xD7868B8D,
0xD7878B8E,
0xD7888B8F,
0xD7898B90,
0xD78A8B91,
0xD78B8B92,
0xD78C8B93,
0xD78D8B94,
0xD78E8B95,
0xD78F8B96,
0xD7908B97,
0xD7918B98,
0xD7928B99,
0xD7938B9A,
0xD7948B9B,
0xD7958B9C,
0xD7968B9D,
0xD7978B9E,
0xD7988B9F,
0xD7998BAC,
0xD79A8BB1,
0xD79B8BBB,
0xD79C8BC7,
0xD79D8BD0,
0xD79E8BEA,
0xD79F8C09,
0xD7A08C1E,
0xD7A14F4F,
0xD7A26CE8,
0xD7A3795D,
0xD7A49A7B,
0xD7A56293,
0xD7A6722A,
0xD7A762FD,
0xD7A84E13,
0xD7A97816,
0xD7AA8F6C,
0xD7AB64B0,
0xD7AC8D5A,
0xD7AD7BC6,
0xD7AE6869,
0xD7AF5E84,
0xD7B088C5,
0xD7B15986,
0xD7B2649E,
0xD7B358EE,
0xD7B472B6,
0xD7B5690E,
0xD7B69525,
0xD7B78FFD,
0xD7B88D58,
0xD7B95760,
0xD7BA7F00,
0xD7BB8C06,
0xD7BC51C6,
0xD7BD6349,
0xD7BE62D9,
0xD7BF5353,
0xD7C0684C,
0xD7C17422,
0xD7C28301,
0xD7C3914C,
0xD7C45544,
0xD7C57740,
0xD7C6707C,
0xD7C76D4A,
0xD7C85179,
0xD7C954A8,
0xD7CA8D44,
0xD7CB59FF,
0xD7CC6ECB,
0xD7CD6DC4,
0xD7CE5B5C,
0xD7CF7D2B,
0xD7D04ED4,
0xD7D17C7D,
0xD7D26ED3,
0xD7D35B50,
0xD7D481EA,
0xD7D56E0D,
0xD7D65B57,
0xD7D79B03,
0xD7D868D5,
0xD7D98E2A,
0xD7DA5B97,
0xD7DB7EFC,
0xD7DC603B,
0xD7DD7EB5,
0xD7DE90B9,
0xD7DF8D70,
0xD7E0594F,
0xD7E163CD,
0xD7E279DF,
0xD7E38DB3,
0xD7E45352,
0xD7E565CF,
0xD7E67956,
0xD7E78BC5,
0xD7E8963B,
0xD7E97EC4,
0xD7EA94BB,
0xD7EB7E82,
0xD7EC5634,
0xD7ED9189,
0xD7EE6700,
0xD7EF7F6A,
0xD7F05C0A,
0xD7F19075,
0xD7F26628,
0xD7F35DE6,
0xD7F44F50,
0xD7F567DE,
0xD7F6505A,
0xD7F74F5C,
0xD7F85750,
0xD7F95EA7,
0xD8408C38,
0xD8418C39,
0xD8428C3A,
0xD8438C3B,
0xD8448C3C,
0xD8458C3D,
0xD8468C3E,
0xD8478C3F,
0xD8488C40,
0xD8498C42,
0xD84A8C43,
0xD84B8C44,
0xD84C8C45,
0xD84D8C48,
0xD84E8C4A,
0xD84F8C4B,
0xD8508C4D,
0xD8518C4E,
0xD8528C4F,
0xD8538C50,
0xD8548C51,
0xD8558C52,
0xD8568C53,
0xD8578C54,
0xD8588C56,
0xD8598C57,
0xD85A8C58,
0xD85B8C59,
0xD85C8C5B,
0xD85D8C5C,
0xD85E8C5D,
0xD85F8C5E,
0xD8608C5F,
0xD8618C60,
0xD8628C63,
0xD8638C64,
0xD8648C65,
0xD8658C66,
0xD8668C67,
0xD8678C68,
0xD8688C69,
0xD8698C6C,
0xD86A8C6D,
0xD86B8C6E,
0xD86C8C6F,
0xD86D8C70,
0xD86E8C71,
0xD86F8C72,
0xD8708C74,
0xD8718C75,
0xD8728C76,
0xD8738C77,
0xD8748C7B,
0xD8758C7C,
0xD8768C7D,
0xD8778C7E,
0xD8788C7F,
0xD8798C80,
0xD87A8C81,
0xD87B8C83,
0xD87C8C84,
0xD87D8C86,
0xD87E8C87,
0xD8808C88,
0xD8818C8B,
0xD8828C8D,
0xD8838C8E,
0xD8848C8F,
0xD8858C90,
0xD8868C91,
0xD8878C92,
0xD8888C93,
0xD8898C95,
0xD88A8C96,
0xD88B8C97,
0xD88C8C99,
0xD88D8C9A,
0xD88E8C9B,
0xD88F8C9C,
0xD8908C9D,
0xD8918C9E,
0xD8928C9F,
0xD8938CA0,
0xD8948CA1,
0xD8958CA2,
0xD8968CA3,
0xD8978CA4,
0xD8988CA5,
0xD8998CA6,
0xD89A8CA7,
0xD89B8CA8,
0xD89C8CA9,
0xD89D8CAA,
0xD89E8CAB,
0xD89F8CAC,
0xD8A08CAD,
0xD8A14E8D,
0xD8A24E0C,
0xD8A35140,
0xD8A44E10,
0xD8A55EFF,
0xD8A65345,
0xD8A74E15,
0xD8A84E98,
0xD8A94E1E,
0xD8AA9B32,
0xD8AB5B6C,
0xD8AC5669,
0xD8AD4E28,
0xD8AE79BA,
0xD8AF4E3F,
0xD8B05315,
0xD8B14E47,
0xD8B2592D,
0xD8B3723B,
0xD8B4536E,
0xD8B56C10,
0xD8B656DF,
0xD8B780E4,
0xD8B89997,
0xD8B96BD3,
0xD8BA777E,
0xD8BB9F17,
0xD8BC4E36,
0xD8BD4E9F,
0xD8BE9F10,
0xD8BF4E5C,
0xD8C04E69,
0xD8C14E93,
0xD8C28288,
0xD8C35B5B,
0xD8C4556C,
0xD8C5560F,
0xD8C64EC4,
0xD8C7538D,
0xD8C8539D,
0xD8C953A3,
0xD8CA53A5,
0xD8CB53AE,
0xD8CC9765,
0xD8CD8D5D,
0xD8CE531A,
0xD8CF53F5,
0xD8D05326,
0xD8D1532E,
0xD8D2533E,
0xD8D38D5C,
0xD8D45366,
0xD8D55363,
0xD8D65202,
0xD8D75208,
0xD8D8520E,
0xD8D9522D,
0xD8DA5233,
0xD8DB523F,
0xD8DC5240,
0xD8DD524C,
0xD8DE525E,
0xD8DF5261,
0xD8E0525C,
0xD8E184AF,
0xD8E2527D,
0xD8E35282,
0xD8E45281,
0xD8E55290,
0xD8E65293,
0xD8E75182,
0xD8E87F54,
0xD8E94EBB,
0xD8EA4EC3,
0xD8EB4EC9,
0xD8EC4EC2,
0xD8ED4EE8,
0xD8EE4EE1,
0xD8EF4EEB,
0xD8F04EDE,
0xD8F14F1B,
0xD8F24EF3,
0xD8F34F22,
0xD8F44F64,
0xD8F54EF5,
0xD8F64F25,
0xD8F74F27,
0xD8F84F09,
0xD8F94F2B,
0xD8FA4F5E,
0xD8FB4F67,
0xD8FC6538,
0xD8FD4F5A,
0xD8FE4F5D,
0xD9408CAE,
0xD9418CAF,
0xD9428CB0,
0xD9438CB1,
0xD9448CB2,
0xD9458CB3,
0xD9468CB4,
0xD9478CB5,
0xD9488CB6,
0xD9498CB7,
0xD94A8CB8,
0xD94B8CB9,
0xD94C8CBA,
0xD94D8CBB,
0xD94E8CBC,
0xD94F8CBD,
0xD9508CBE,
0xD9518CBF,
0xD9528CC0,
0xD9538CC1,
0xD9548CC2,
0xD9558CC3,
0xD9568CC4,
0xD9578CC5,
0xD9588CC6,
0xD9598CC7,
0xD95A8CC8,
0xD95B8CC9,
0xD95C8CCA,
0xD95D8CCB,
0xD95E8CCC,
0xD95F8CCD,
0xD9608CCE,
0xD9618CCF,
0xD9628CD0,
0xD9638CD1,
0xD9648CD2,
0xD9658CD3,
0xD9668CD4,
0xD9678CD5,
0xD9688CD6,
0xD9698CD7,
0xD96A8CD8,
0xD96B8CD9,
0xD96C8CDA,
0xD96D8CDB,
0xD96E8CDC,
0xD96F8CDD,
0xD9708CDE,
0xD9718CDF,
0xD9728CE0,
0xD9738CE1,
0xD9748CE2,
0xD9758CE3,
0xD9768CE4,
0xD9778CE5,
0xD9788CE6,
0xD9798CE7,
0xD97A8CE8,
0xD97B8CE9,
0xD97C8CEA,
0xD97D8CEB,
0xD97E8CEC,
0xD9808CED,
0xD9818CEE,
0xD9828CEF,
0xD9838CF0,
0xD9848CF1,
0xD9858CF2,
0xD9868CF3,
0xD9878CF4,
0xD9888CF5,
0xD9898CF6,
0xD98A8CF7,
0xD98B8CF8,
0xD98C8CF9,
0xD98D8CFA,
0xD98E8CFB,
0xD98F8CFC,
0xD9908CFD,
0xD9918CFE,
0xD9928CFF,
0xD9938D00,
0xD9948D01,
0xD9958D02,
0xD9968D03,
0xD9978D04,
0xD9988D05,
0xD9998D06,
0xD99A8D07,
0xD99B8D08,
0xD99C8D09,
0xD99D8D0A,
0xD99E8D0B,
0xD99F8D0C,
0xD9A08D0D,
0xD9A14F5F,
0xD9A24F57,
0xD9A34F32,
0xD9A44F3D,
0xD9A54F76,
0xD9A64F74,
0xD9A74F91,
0xD9A84F89,
0xD9A94F83,
0xD9AA4F8F,
0xD9AB4F7E,
0xD9AC4F7B,
0xD9AD4FAA,
0xD9AE4F7C,
0xD9AF4FAC,
0xD9B04F94,
0xD9B14FE6,
0xD9B24FE8,
0xD9B34FEA,
0xD9B44FC5,
0xD9B54FDA,
0xD9B64FE3,
0xD9B74FDC,
0xD9B84FD1,
0xD9B94FDF,
0xD9BA4FF8,
0xD9BB5029,
0xD9BC504C,
0xD9BD4FF3,
0xD9BE502C,
0xD9BF500F,
0xD9C0502E,
0xD9C1502D,
0xD9C24FFE,
0xD9C3501C,
0xD9C4500C,
0xD9C55025,
0xD9C65028,
0xD9C7507E,
0xD9C85043,
0xD9C95055,
0xD9CA5048,
0xD9CB504E,
0xD9CC506C,
0xD9CD507B,
0xD9CE50A5,
0xD9CF50A7,
0xD9D050A9,
0xD9D150BA,
0xD9D250D6,
0xD9D35106,
0xD9D450ED,
0xD9D550EC,
0xD9D650E6,
0xD9D750EE,
0xD9D85107,
0xD9D9510B,
0xD9DA4EDD,
0xD9DB6C3D,
0xD9DC4F58,
0xD9DD4F65,
0xD9DE4FCE,
0xD9DF9FA0,
0xD9E06C46,
0xD9E17C74,
0xD9E2516E,
0xD9E35DFD,
0xD9E49EC9,
0xD9E59998,
0xD9E65181,
0xD9E75914,
0xD9E852F9,
0xD9E9530D,
0xD9EA8A07,
0xD9EB5310,
0xD9EC51EB,
0xD9ED5919,
0xD9EE5155,
0xD9EF4EA0,
0xD9F05156,
0xD9F14EB3,
0xD9F2886E,
0xD9F388A4,
0xD9F44EB5,
0xD9F58114,
0xD9F688D2,
0xD9F77980,
0xD9F85B34,
0xD9F98803,
0xD9FA7FB8,
0xD9FB51AB,
0xD9FC51B1,
0xD9FD51BD,
0xD9FE51BC,
0xDA408D0E,
0xDA418D0F,
0xDA428D10,
0xDA438D11,
0xDA448D12,
0xDA458D13,
0xDA468D14,
0xDA478D15,
0xDA488D16,
0xDA498D17,
0xDA4A8D18,
0xDA4B8D19,
0xDA4C8D1A,
0xDA4D8D1B,
0xDA4E8D1C,
0xDA4F8D20,
0xDA508D51,
0xDA518D52,
0xDA528D57,
0xDA538D5F,
0xDA548D65,
0xDA558D68,
0xDA568D69,
0xDA578D6A,
0xDA588D6C,
0xDA598D6E,
0xDA5A8D6F,
0xDA5B8D71,
0xDA5C8D72,
0xDA5D8D78,
0xDA5E8D79,
0xDA5F8D7A,
0xDA608D7B,
0xDA618D7C,
0xDA628D7D,
0xDA638D7E,
0xDA648D7F,
0xDA658D80,
0xDA668D82,
0xDA678D83,
0xDA688D86,
0xDA698D87,
0xDA6A8D88,
0xDA6B8D89,
0xDA6C8D8C,
0xDA6D8D8D,
0xDA6E8D8E,
0xDA6F8D8F,
0xDA708D90,
0xDA718D92,
0xDA728D93,
0xDA738D95,
0xDA748D96,
0xDA758D97,
0xDA768D98,
0xDA778D99,
0xDA788D9A,
0xDA798D9B,
0xDA7A8D9C,
0xDA7B8D9D,
0xDA7C8D9E,
0xDA7D8DA0,
0xDA7E8DA1,
0xDA808DA2,
0xDA818DA4,
0xDA828DA5,
0xDA838DA6,
0xDA848DA7,
0xDA858DA8,
0xDA868DA9,
0xDA878DAA,
0xDA888DAB,
0xDA898DAC,
0xDA8A8DAD,
0xDA8B8DAE,
0xDA8C8DAF,
0xDA8D8DB0,
0xDA8E8DB2,
0xDA8F8DB6,
0xDA908DB7,
0xDA918DB9,
0xDA928DBB,
0xDA938DBD,
0xDA948DC0,
0xDA958DC1,
0xDA968DC2,
0xDA978DC5,
0xDA988DC7,
0xDA998DC8,
0xDA9A8DC9,
0xDA9B8DCA,
0xDA9C8DCD,
0xDA9D8DD0,
0xDA9E8DD2,
0xDA9F8DD3,
0xDAA08DD4,
0xDAA151C7,
0xDAA25196,
0xDAA351A2,
0xDAA451A5,
0xDAA58BA0,
0xDAA68BA6,
0xDAA78BA7,
0xDAA88BAA,
0xDAA98BB4,
0xDAAA8BB5,
0xDAAB8BB7,
0xDAAC8BC2,
0xDAAD8BC3,
0xDAAE8BCB,
0xDAAF8BCF,
0xDAB08BCE,
0xDAB18BD2,
0xDAB28BD3,
0xDAB38BD4,
0xDAB48BD6,
0xDAB58BD8,
0xDAB68BD9,
0xDAB78BDC,
0xDAB88BDF,
0xDAB98BE0,
0xDABA8BE4,
0xDABB8BE8,
0xDABC8BE9,
0xDABD8BEE,
0xDABE8BF0,
0xDABF8BF3,
0xDAC08BF6,
0xDAC18BF9,
0xDAC28BFC,
0xDAC38BFF,
0xDAC48C00,
0xDAC58C02,
0xDAC68C04,
0xDAC78C07,
0xDAC88C0C,
0xDAC98C0F,
0xDACA8C11,
0xDACB8C12,
0xDACC8C14,
0xDACD8C15,
0xDACE8C16,
0xDACF8C19,
0xDAD08C1B,
0xDAD18C18,
0xDAD28C1D,
0xDAD38C1F,
0xDAD48C20,
0xDAD58C21,
0xDAD68C25,
0xDAD78C27,
0xDAD88C2A,
0xDAD98C2B,
0xDADA8C2E,
0xDADB8C2F,
0xDADC8C32,
0xDADD8C33,
0xDADE8C35,
0xDADF8C36,
0xDAE05369,
0xDAE1537A,
0xDAE2961D,
0xDAE39622,
0xDAE49621,
0xDAE59631,
0xDAE6962A,
0xDAE7963D,
0xDAE8963C,
0xDAE99642,
0xDAEA9649,
0xDAEB9654,
0xDAEC965F,
0xDAED9667,
0xDAEE966C,
0xDAEF9672,
0xDAF09674,
0xDAF19688,
0xDAF2968D,
0xDAF39697,
0xDAF496B0,
0xDAF59097,
0xDAF6909B,
0xDAF7909D,
0xDAF89099,
0xDAF990AC,
0xDAFA90A1,
0xDAFB90B4,
0xDAFC90B3,
0xDAFD90B6,
0xDAFE90BA,
0xDB408DD5,
0xDB418DD8,
0xDB428DD9,
0xDB438DDC,
0xDB448DE0,
0xDB458DE1,
0xDB468DE2,
0xDB478DE5,
0xDB488DE6,
0xDB498DE7,
0xDB4A8DE9,
0xDB4B8DED,
0xDB4C8DEE,
0xDB4D8DF0,
0xDB4E8DF1,
0xDB4F8DF2,
0xDB508DF4,
0xDB518DF6,
0xDB528DFC,
0xDB538DFE,
0xDB548DFF,
0xDB558E00,
0xDB568E01,
0xDB578E02,
0xDB588E03,
0xDB598E04,
0xDB5A8E06,
0xDB5B8E07,
0xDB5C8E08,
0xDB5D8E0B,
0xDB5E8E0D,
0xDB5F8E0E,
0xDB608E10,
0xDB618E11,
0xDB628E12,
0xDB638E13,
0xDB648E15,
0xDB658E16,
0xDB668E17,
0xDB678E18,
0xDB688E19,
0xDB698E1A,
0xDB6A8E1B,
0xDB6B8E1C,
0xDB6C8E20,
0xDB6D8E21,
0xDB6E8E24,
0xDB6F8E25,
0xDB708E26,
0xDB718E27,
0xDB728E28,
0xDB738E2B,
0xDB748E2D,
0xDB758E30,
0xDB768E32,
0xDB778E33,
0xDB788E34,
0xDB798E36,
0xDB7A8E37,
0xDB7B8E38,
0xDB7C8E3B,
0xDB7D8E3C,
0xDB7E8E3E,
0xDB808E3F,
0xDB818E43,
0xDB828E45,
0xDB838E46,
0xDB848E4C,
0xDB858E4D,
0xDB868E4E,
0xDB878E4F,
0xDB888E50,
0xDB898E53,
0xDB8A8E54,
0xDB8B8E55,
0xDB8C8E56,
0xDB8D8E57,
0xDB8E8E58,
0xDB8F8E5A,
0xDB908E5B,
0xDB918E5C,
0xDB928E5D,
0xDB938E5E,
0xDB948E5F,
0xDB958E60,
0xDB968E61,
0xDB978E62,
0xDB988E63,
0xDB998E64,
0xDB9A8E65,
0xDB9B8E67,
0xDB9C8E68,
0xDB9D8E6A,
0xDB9E8E6B,
0xDB9F8E6E,
0xDBA08E71,
0xDBA190B8,
0xDBA290B0,
0xDBA390CF,
0xDBA490C5,
0xDBA590BE,
0xDBA690D0,
0xDBA790C4,
0xDBA890C7,
0xDBA990D3,
0xDBAA90E6,
0xDBAB90E2,
0xDBAC90DC,
0xDBAD90D7,
0xDBAE90DB,
0xDBAF90EB,
0xDBB090EF,
0xDBB190FE,
0xDBB29104,
0xDBB39122,
0xDBB4911E,
0xDBB59123,
0xDBB69131,
0xDBB7912F,
0xDBB89139,
0xDBB99143,
0xDBBA9146,
0xDBBB520D,
0xDBBC5942,
0xDBBD52A2,
0xDBBE52AC,
0xDBBF52AD,
0xDBC052BE,
0xDBC154FF,
0xDBC252D0,
0xDBC352D6,
0xDBC452F0,
0xDBC553DF,
0xDBC671EE,
0xDBC777CD,
0xDBC85EF4,
0xDBC951F5,
0xDBCA51FC,
0xDBCB9B2F,
0xDBCC53B6,
0xDBCD5F01,
0xDBCE755A,
0xDBCF5DEF,
0xDBD0574C,
0xDBD157A9,
0xDBD257A1,
0xDBD3587E,
0xDBD458BC,
0xDBD558C5,
0xDBD658D1,
0xDBD75729,
0xDBD8572C,
0xDBD9572A,
0xDBDA5733,
0xDBDB5739,
0xDBDC572E,
0xDBDD572F,
0xDBDE575C,
0xDBDF573B,
0xDBE05742,
0xDBE15769,
0xDBE25785,
0xDBE3576B,
0xDBE45786,
0xDBE5577C,
0xDBE6577B,
0xDBE75768,
0xDBE8576D,
0xDBE95776,
0xDBEA5773,
0xDBEB57AD,
0xDBEC57A4,
0xDBED578C,
0xDBEE57B2,
0xDBEF57CF,
0xDBF057A7,
0xDBF157B4,
0xDBF25793,
0xDBF357A0,
0xDBF457D5,
0xDBF557D8,
0xDBF657DA,
0xDBF757D9,
0xDBF857D2,
0xDBF957B8,
0xDBFA57F4,
0xDBFB57EF,
0xDBFC57F8,
0xDBFD57E4,
0xDBFE57DD,
0xDC408E73,
0xDC418E75,
0xDC428E77,
0xDC438E78,
0xDC448E79,
0xDC458E7A,
0xDC468E7B,
0xDC478E7D,
0xDC488E7E,
0xDC498E80,
0xDC4A8E82,
0xDC4B8E83,
0xDC4C8E84,
0xDC4D8E86,
0xDC4E8E88,
0xDC4F8E89,
0xDC508E8A,
0xDC518E8B,
0xDC528E8C,
0xDC538E8D,
0xDC548E8E,
0xDC558E91,
0xDC568E92,
0xDC578E93,
0xDC588E95,
0xDC598E96,
0xDC5A8E97,
0xDC5B8E98,
0xDC5C8E99,
0xDC5D8E9A,
0xDC5E8E9B,
0xDC5F8E9D,
0xDC608E9F,
0xDC618EA0,
0xDC628EA1,
0xDC638EA2,
0xDC648EA3,
0xDC658EA4,
0xDC668EA5,
0xDC678EA6,
0xDC688EA7,
0xDC698EA8,
0xDC6A8EA9,
0xDC6B8EAA,
0xDC6C8EAD,
0xDC6D8EAE,
0xDC6E8EB0,
0xDC6F8EB1,
0xDC708EB3,
0xDC718EB4,
0xDC728EB5,
0xDC738EB6,
0xDC748EB7,
0xDC758EB8,
0xDC768EB9,
0xDC778EBB,
0xDC788EBC,
0xDC798EBD,
0xDC7A8EBE,
0xDC7B8EBF,
0xDC7C8EC0,
0xDC7D8EC1,
0xDC7E8EC2,
0xDC808EC3,
0xDC818EC4,
0xDC828EC5,
0xDC838EC6,
0xDC848EC7,
0xDC858EC8,
0xDC868EC9,
0xDC878ECA,
0xDC888ECB,
0xDC898ECC,
0xDC8A8ECD,
0xDC8B8ECF,
0xDC8C8ED0,
0xDC8D8ED1,
0xDC8E8ED2,
0xDC8F8ED3,
0xDC908ED4,
0xDC918ED5,
0xDC928ED6,
0xDC938ED7,
0xDC948ED8,
0xDC958ED9,
0xDC968EDA,
0xDC978EDB,
0xDC988EDC,
0xDC998EDD,
0xDC9A8EDE,
0xDC9B8EDF,
0xDC9C8EE0,
0xDC9D8EE1,
0xDC9E8EE2,
0xDC9F8EE3,
0xDCA08EE4,
0xDCA1580B,
0xDCA2580D,
0xDCA357FD,
0xDCA457ED,
0xDCA55800,
0xDCA6581E,
0xDCA75819,
0xDCA85844,
0xDCA95820,
0xDCAA5865,
0xDCAB586C,
0xDCAC5881,
0xDCAD5889,
0xDCAE589A,
0xDCAF5880,
0xDCB099A8,
0xDCB19F19,
0xDCB261FF,
0xDCB38279,
0xDCB4827D,
0xDCB5827F,
0xDCB6828F,
0xDCB7828A,
0xDCB882A8,
0xDCB98284,
0xDCBA828E,
0xDCBB8291,
0xDCBC8297,
0xDCBD8299,
0xDCBE82AB,
0xDCBF82B8,
0xDCC082BE,
0xDCC182B0,
0xDCC282C8,
0xDCC382CA,
0xDCC482E3,
0xDCC58298,
0xDCC682B7,
0xDCC782AE,
0xDCC882CB,
0xDCC982CC,
0xDCCA82C1,
0xDCCB82A9,
0xDCCC82B4,
0xDCCD82A1,
0xDCCE82AA,
0xDCCF829F,
0xDCD082C4,
0xDCD182CE,
0xDCD282A4,
0xDCD382E1,
0xDCD48309,
0xDCD582F7,
0xDCD682E4,
0xDCD7830F,
0xDCD88307,
0xDCD982DC,
0xDCDA82F4,
0xDCDB82D2,
0xDCDC82D8,
0xDCDD830C,
0xDCDE82FB,
0xDCDF82D3,
0xDCE08311,
0xDCE1831A,
0xDCE28306,
0xDCE38314,
0xDCE48315,
0xDCE582E0,
0xDCE682D5,
0xDCE7831C,
0xDCE88351,
0xDCE9835B,
0xDCEA835C,
0xDCEB8308,
0xDCEC8392,
0xDCED833C,
0xDCEE8334,
0xDCEF8331,
0xDCF0839B,
0xDCF1835E,
0xDCF2832F,
0xDCF3834F,
0xDCF48347,
0xDCF58343,
0xDCF6835F,
0xDCF78340,
0xDCF88317,
0xDCF98360,
0xDCFA832D,
0xDCFB833A,
0xDCFC8333,
0xDCFD8366,
0xDCFE8365,
0xDD408EE5,
0xDD418EE6,
0xDD428EE7,
0xDD438EE8,
0xDD448EE9,
0xDD458EEA,
0xDD468EEB,
0xDD478EEC,
0xDD488EED,
0xDD498EEE,
0xDD4A8EEF,
0xDD4B8EF0,
0xDD4C8EF1,
0xDD4D8EF2,
0xDD4E8EF3,
0xDD4F8EF4,
0xDD508EF5,
0xDD518EF6,
0xDD528EF7,
0xDD538EF8,
0xDD548EF9,
0xDD558EFA,
0xDD568EFB,
0xDD578EFC,
0xDD588EFD,
0xDD598EFE,
0xDD5A8EFF,
0xDD5B8F00,
0xDD5C8F01,
0xDD5D8F02,
0xDD5E8F03,
0xDD5F8F04,
0xDD608F05,
0xDD618F06,
0xDD628F07,
0xDD638F08,
0xDD648F09,
0xDD658F0A,
0xDD668F0B,
0xDD678F0C,
0xDD688F0D,
0xDD698F0E,
0xDD6A8F0F,
0xDD6B8F10,
0xDD6C8F11,
0xDD6D8F12,
0xDD6E8F13,
0xDD6F8F14,
0xDD708F15,
0xDD718F16,
0xDD728F17,
0xDD738F18,
0xDD748F19,
0xDD758F1A,
0xDD768F1B,
0xDD778F1C,
0xDD788F1D,
0xDD798F1E,
0xDD7A8F1F,
0xDD7B8F20,
0xDD7C8F21,
0xDD7D8F22,
0xDD7E8F23,
0xDD808F24,
0xDD818F25,
0xDD828F26,
0xDD838F27,
0xDD848F28,
0xDD858F29,
0xDD868F2A,
0xDD878F2B,
0xDD888F2C,
0xDD898F2D,
0xDD8A8F2E,
0xDD8B8F2F,
0xDD8C8F30,
0xDD8D8F31,
0xDD8E8F32,
0xDD8F8F33,
0xDD908F34,
0xDD918F35,
0xDD928F36,
0xDD938F37,
0xDD948F38,
0xDD958F39,
0xDD968F3A,
0xDD978F3B,
0xDD988F3C,
0xDD998F3D,
0xDD9A8F3E,
0xDD9B8F3F,
0xDD9C8F40,
0xDD9D8F41,
0xDD9E8F42,
0xDD9F8F43,
0xDDA08F44,
0xDDA18368,
0xDDA2831B,
0xDDA38369,
0xDDA4836C,
0xDDA5836A,
0xDDA6836D,
0xDDA7836E,
0xDDA883B0,
0xDDA98378,
0xDDAA83B3,
0xDDAB83B4,
0xDDAC83A0,
0xDDAD83AA,
0xDDAE8393,
0xDDAF839C,
0xDDB08385,
0xDDB1837C,
0xDDB283B6,
0xDDB383A9,
0xDDB4837D,
0xDDB583B8,
0xDDB6837B,
0xDDB78398,
0xDDB8839E,
0xDDB983A8,
0xDDBA83BA,
0xDDBB83BC,
0xDDBC83C1,
0xDDBD8401,
0xDDBE83E5,
0xDDBF83D8,
0xDDC05807,
0xDDC18418,
0xDDC2840B,
0xDDC383DD,
0xDDC483FD,
0xDDC583D6,
0xDDC6841C,
0xDDC78438,
0xDDC88411,
0xDDC98406,
0xDDCA83D4,
0xDDCB83DF,
0xDDCC840F,
0xDDCD8403,
0xDDCE83F8,
0xDDCF83F9,
0xDDD083EA,
0xDDD183C5,
0xDDD283C0,
0xDDD38426,
0xDDD483F0,
0xDDD583E1,
0xDDD6845C,
0xDDD78451,
0xDDD8845A,
0xDDD98459,
0xDDDA8473,
0xDDDB8487,
0xDDDC8488,
0xDDDD847A,
0xDDDE8489,
0xDDDF8478,
0xDDE0843C,
0xDDE18446,
0xDDE28469,
0xDDE38476,
0xDDE4848C,
0xDDE5848E,
0xDDE68431,
0xDDE7846D,
0xDDE884C1,
0xDDE984CD,
0xDDEA84D0,
0xDDEB84E6,
0xDDEC84BD,
0xDDED84D3,
0xDDEE84CA,
0xDDEF84BF,
0xDDF084BA,
0xDDF184E0,
0xDDF284A1,
0xDDF384B9,
0xDDF484B4,
0xDDF58497,
0xDDF684E5,
0xDDF784E3,
0xDDF8850C,
0xDDF9750D,
0xDDFA8538,
0xDDFB84F0,
0xDDFC8539,
0xDDFD851F,
0xDDFE853A,
0xDE408F45,
0xDE418F46,
0xDE428F47,
0xDE438F48,
0xDE448F49,
0xDE458F4A,
0xDE468F4B,
0xDE478F4C,
0xDE488F4D,
0xDE498F4E,
0xDE4A8F4F,
0xDE4B8F50,
0xDE4C8F51,
0xDE4D8F52,
0xDE4E8F53,
0xDE4F8F54,
0xDE508F55,
0xDE518F56,
0xDE528F57,
0xDE538F58,
0xDE548F59,
0xDE558F5A,
0xDE568F5B,
0xDE578F5C,
0xDE588F5D,
0xDE598F5E,
0xDE5A8F5F,
0xDE5B8F60,
0xDE5C8F61,
0xDE5D8F62,
0xDE5E8F63,
0xDE5F8F64,
0xDE608F65,
0xDE618F6A,
0xDE628F80,
0xDE638F8C,
0xDE648F92,
0xDE658F9D,
0xDE668FA0,
0xDE678FA1,
0xDE688FA2,
0xDE698FA4,
0xDE6A8FA5,
0xDE6B8FA6,
0xDE6C8FA7,
0xDE6D8FAA,
0xDE6E8FAC,
0xDE6F8FAD,
0xDE708FAE,
0xDE718FAF,
0xDE728FB2,
0xDE738FB3,
0xDE748FB4,
0xDE758FB5,
0xDE768FB7,
0xDE778FB8,
0xDE788FBA,
0xDE798FBB,
0xDE7A8FBC,
0xDE7B8FBF,
0xDE7C8FC0,
0xDE7D8FC3,
0xDE7E8FC6,
0xDE808FC9,
0xDE818FCA,
0xDE828FCB,
0xDE838FCC,
0xDE848FCD,
0xDE858FCF,
0xDE868FD2,
0xDE878FD6,
0xDE888FD7,
0xDE898FDA,
0xDE8A8FE0,
0xDE8B8FE1,
0xDE8C8FE3,
0xDE8D8FE7,
0xDE8E8FEC,
0xDE8F8FEF,
0xDE908FF1,
0xDE918FF2,
0xDE928FF4,
0xDE938FF5,
0xDE948FF6,
0xDE958FFA,
0xDE968FFB,
0xDE978FFC,
0xDE988FFE,
0xDE998FFF,
0xDE9A9007,
0xDE9B9008,
0xDE9C900C,
0xDE9D900E,
0xDE9E9013,
0xDE9F9015,
0xDEA09018,
0xDEA18556,
0xDEA2853B,
0xDEA384FF,
0xDEA484FC,
0xDEA58559,
0xDEA68548,
0xDEA78568,
0xDEA88564,
0xDEA9855E,
0xDEAA857A,
0xDEAB77A2,
0xDEAC8543,
0xDEAD8572,
0xDEAE857B,
0xDEAF85A4,
0xDEB085A8,
0xDEB18587,
0xDEB2858F,
0xDEB38579,
0xDEB485AE,
0xDEB5859C,
0xDEB68585,
0xDEB785B9,
0xDEB885B7,
0xDEB985B0,
0xDEBA85D3,
0xDEBB85C1,
0xDEBC85DC,
0xDEBD85FF,
0xDEBE8627,
0xDEBF8605,
0xDEC08629,
0xDEC18616,
0xDEC2863C,
0xDEC35EFE,
0xDEC45F08,
0xDEC5593C,
0xDEC65941,
0xDEC78037,
0xDEC85955,
0xDEC9595A,
0xDECA5958,
0xDECB530F,
0xDECC5C22,
0xDECD5C25,
0xDECE5C2C,
0xDECF5C34,
0xDED0624C,
0xDED1626A,
0xDED2629F,
0xDED362BB,
0xDED462CA,
0xDED562DA,
0xDED662D7,
0xDED762EE,
0xDED86322,
0xDED962F6,
0xDEDA6339,
0xDEDB634B,
0xDEDC6343,
0xDEDD63AD,
0xDEDE63F6,
0xDEDF6371,
0xDEE0637A,
0xDEE1638E,
0xDEE263B4,
0xDEE3636D,
0xDEE463AC,
0xDEE5638A,
0xDEE66369,
0xDEE763AE,
0xDEE863BC,
0xDEE963F2,
0xDEEA63F8,
0xDEEB63E0,
0xDEEC63FF,
0xDEED63C4,
0xDEEE63DE,
0xDEEF63CE,
0xDEF06452,
0xDEF163C6,
0xDEF263BE,
0xDEF36445,
0xDEF46441,
0xDEF5640B,
0xDEF6641B,
0xDEF76420,
0xDEF8640C,
0xDEF96426,
0xDEFA6421,
0xDEFB645E,
0xDEFC6484,
0xDEFD646D,
0xDEFE6496,
0xDF409019,
0xDF41901C,
0xDF429023,
0xDF439024,
0xDF449025,
0xDF459027,
0xDF469028,
0xDF479029,
0xDF48902A,
0xDF49902B,
0xDF4A902C,
0xDF4B9030,
0xDF4C9031,
0xDF4D9032,
0xDF4E9033,
0xDF4F9034,
0xDF509037,
0xDF519039,
0xDF52903A,
0xDF53903D,
0xDF54903F,
0xDF559040,
0xDF569043,
0xDF579045,
0xDF589046,
0xDF599048,
0xDF5A9049,
0xDF5B904A,
0xDF5C904B,
0xDF5D904C,
0xDF5E904E,
0xDF5F9054,
0xDF609055,
0xDF619056,
0xDF629059,
0xDF63905A,
0xDF64905C,
0xDF65905D,
0xDF66905E,
0xDF67905F,
0xDF689060,
0xDF699061,
0xDF6A9064,
0xDF6B9066,
0xDF6C9067,
0xDF6D9069,
0xDF6E906A,
0xDF6F906B,
0xDF70906C,
0xDF71906F,
0xDF729070,
0xDF739071,
0xDF749072,
0xDF759073,
0xDF769076,
0xDF779077,
0xDF789078,
0xDF799079,
0xDF7A907A,
0xDF7B907B,
0xDF7C907C,
0xDF7D907E,
0xDF7E9081,
0xDF809084,
0xDF819085,
0xDF829086,
0xDF839087,
0xDF849089,
0xDF85908A,
0xDF86908C,
0xDF87908D,
0xDF88908E,
0xDF89908F,
0xDF8A9090,
0xDF8B9092,
0xDF8C9094,
0xDF8D9096,
0xDF8E9098,
0xDF8F909A,
0xDF90909C,
0xDF91909E,
0xDF92909F,
0xDF9390A0,
0xDF9490A4,
0xDF9590A5,
0xDF9690A7,
0xDF9790A8,
0xDF9890A9,
0xDF9990AB,
0xDF9A90AD,
0xDF9B90B2,
0xDF9C90B7,
0xDF9D90BC,
0xDF9E90BD,
0xDF9F90BF,
0xDFA090C0,
0xDFA1647A,
0xDFA264B7,
0xDFA364B8,
0xDFA46499,
0xDFA564BA,
0xDFA664C0,
0xDFA764D0,
0xDFA864D7,
0xDFA964E4,
0xDFAA64E2,
0xDFAB6509,
0xDFAC6525,
0xDFAD652E,
0xDFAE5F0B,
0xDFAF5FD2,
0xDFB07519,
0xDFB15F11,
0xDFB2535F,
0xDFB353F1,
0xDFB453FD,
0xDFB553E9,
0xDFB653E8,
0xDFB753FB,
0xDFB85412,
0xDFB95416,
0xDFBA5406,
0xDFBB544B,
0xDFBC5452,
0xDFBD5453,
0xDFBE5454,
0xDFBF5456,
0xDFC05443,
0xDFC15421,
0xDFC25457,
0xDFC35459,
0xDFC45423,
0xDFC55432,
0xDFC65482,
0xDFC75494,
0xDFC85477,
0xDFC95471,
0xDFCA5464,
0xDFCB549A,
0xDFCC549B,
0xDFCD5484,
0xDFCE5476,
0xDFCF5466,
0xDFD0549D,
0xDFD154D0,
0xDFD254AD,
0xDFD354C2,
0xDFD454B4,
0xDFD554D2,
0xDFD654A7,
0xDFD754A6,
0xDFD854D3,
0xDFD954D4,
0xDFDA5472,
0xDFDB54A3,
0xDFDC54D5,
0xDFDD54BB,
0xDFDE54BF,
0xDFDF54CC,
0xDFE054D9,
0xDFE154DA,
0xDFE254DC,
0xDFE354A9,
0xDFE454AA,
0xDFE554A4,
0xDFE654DD,
0xDFE754CF,
0xDFE854DE,
0xDFE9551B,
0xDFEA54E7,
0xDFEB5520,
0xDFEC54FD,
0xDFED5514,
0xDFEE54F3,
0xDFEF5522,
0xDFF05523,
0xDFF1550F,
0xDFF25511,
0xDFF35527,
0xDFF4552A,
0xDFF55567,
0xDFF6558F,
0xDFF755B5,
0xDFF85549,
0xDFF9556D,
0xDFFA5541,
0xDFFB5555,
0xDFFC553F,
0xDFFD5550,
0xDFFE553C,
0xE04090C2,
0xE04190C3,
0xE04290C6,
0xE04390C8,
0xE04490C9,
0xE04590CB,
0xE04690CC,
0xE04790CD,
0xE04890D2,
0xE04990D4,
0xE04A90D5,
0xE04B90D6,
0xE04C90D8,
0xE04D90D9,
0xE04E90DA,
0xE04F90DE,
0xE05090DF,
0xE05190E0,
0xE05290E3,
0xE05390E4,
0xE05490E5,
0xE05590E9,
0xE05690EA,
0xE05790EC,
0xE05890EE,
0xE05990F0,
0xE05A90F1,
0xE05B90F2,
0xE05C90F3,
0xE05D90F5,
0xE05E90F6,
0xE05F90F7,
0xE06090F9,
0xE06190FA,
0xE06290FB,
0xE06390FC,
0xE06490FF,
0xE0659100,
0xE0669101,
0xE0679103,
0xE0689105,
0xE0699106,
0xE06A9107,
0xE06B9108,
0xE06C9109,
0xE06D910A,
0xE06E910B,
0xE06F910C,
0xE070910D,
0xE071910E,
0xE072910F,
0xE0739110,
0xE0749111,
0xE0759112,
0xE0769113,
0xE0779114,
0xE0789115,
0xE0799116,
0xE07A9117,
0xE07B9118,
0xE07C911A,
0xE07D911B,
0xE07E911C,
0xE080911D,
0xE081911F,
0xE0829120,
0xE0839121,
0xE0849124,
0xE0859125,
0xE0869126,
0xE0879127,
0xE0889128,
0xE0899129,
0xE08A912A,
0xE08B912B,
0xE08C912C,
0xE08D912D,
0xE08E912E,
0xE08F9130,
0xE0909132,
0xE0919133,
0xE0929134,
0xE0939135,
0xE0949136,
0xE0959137,
0xE0969138,
0xE097913A,
0xE098913B,
0xE099913C,
0xE09A913D,
0xE09B913E,
0xE09C913F,
0xE09D9140,
0xE09E9141,
0xE09F9142,
0xE0A09144,
0xE0A15537,
0xE0A25556,
0xE0A35575,
0xE0A45576,
0xE0A55577,
0xE0A65533,
0xE0A75530,
0xE0A8555C,
0xE0A9558B,
0xE0AA55D2,
0xE0AB5583,
0xE0AC55B1,
0xE0AD55B9,
0xE0AE5588,
0xE0AF5581,
0xE0B0559F,
0xE0B1557E,
0xE0B255D6,
0xE0B35591,
0xE0B4557B,
0xE0B555DF,
0xE0B655BD,
0xE0B755BE,
0xE0B85594,
0xE0B95599,
0xE0BA55EA,
0xE0BB55F7,
0xE0BC55C9,
0xE0BD561F,
0xE0BE55D1,
0xE0BF55EB,
0xE0C055EC,
0xE0C155D4,
0xE0C255E6,
0xE0C355DD,
0xE0C455C4,
0xE0C555EF,
0xE0C655E5,
0xE0C755F2,
0xE0C855F3,
0xE0C955CC,
0xE0CA55CD,
0xE0CB55E8,
0xE0CC55F5,
0xE0CD55E4,
0xE0CE8F94,
0xE0CF561E,
0xE0D05608,
0xE0D1560C,
0xE0D25601,
0xE0D35624,
0xE0D45623,
0xE0D555FE,
0xE0D65600,
0xE0D75627,
0xE0D8562D,
0xE0D95658,
0xE0DA5639,
0xE0DB5657,
0xE0DC562C,
0xE0DD564D,
0xE0DE5662,
0xE0DF5659,
0xE0E0565C,
0xE0E1564C,
0xE0E25654,
0xE0E35686,
0xE0E45664,
0xE0E55671,
0xE0E6566B,
0xE0E7567B,
0xE0E8567C,
0xE0E95685,
0xE0EA5693,
0xE0EB56AF,
0xE0EC56D4,
0xE0ED56D7,
0xE0EE56DD,
0xE0EF56E1,
0xE0F056F5,
0xE0F156EB,
0xE0F256F9,
0xE0F356FF,
0xE0F45704,
0xE0F5570A,
0xE0F65709,
0xE0F7571C,
0xE0F85E0F,
0xE0F95E19,
0xE0FA5E14,
0xE0FB5E11,
0xE0FC5E31,
0xE0FD5E3B,
0xE0FE5E3C,
0xE1409145,
0xE1419147,
0xE1429148,
0xE1439151,
0xE1449153,
0xE1459154,
0xE1469155,
0xE1479156,
0xE1489158,
0xE1499159,
0xE14A915B,
0xE14B915C,
0xE14C915F,
0xE14D9160,
0xE14E9166,
0xE14F9167,
0xE1509168,
0xE151916B,
0xE152916D,
0xE1539173,
0xE154917A,
0xE155917B,
0xE156917C,
0xE1579180,
0xE1589181,
0xE1599182,
0xE15A9183,
0xE15B9184,
0xE15C9186,
0xE15D9188,
0xE15E918A,
0xE15F918E,
0xE160918F,
0xE1619193,
0xE1629194,
0xE1639195,
0xE1649196,
0xE1659197,
0xE1669198,
0xE1679199,
0xE168919C,
0xE169919D,
0xE16A919E,
0xE16B919F,
0xE16C91A0,
0xE16D91A1,
0xE16E91A4,
0xE16F91A5,
0xE17091A6,
0xE17191A7,
0xE17291A8,
0xE17391A9,
0xE17491AB,
0xE17591AC,
0xE17691B0,
0xE17791B1,
0xE17891B2,
0xE17991B3,
0xE17A91B6,
0xE17B91B7,
0xE17C91B8,
0xE17D91B9,
0xE17E91BB,
0xE18091BC,
0xE18191BD,
0xE18291BE,
0xE18391BF,
0xE18491C0,
0xE18591C1,
0xE18691C2,
0xE18791C3,
0xE18891C4,
0xE18991C5,
0xE18A91C6,
0xE18B91C8,
0xE18C91CB,
0xE18D91D0,
0xE18E91D2,
0xE18F91D3,
0xE19091D4,
0xE19191D5,
0xE19291D6,
0xE19391D7,
0xE19491D8,
0xE19591D9,
0xE19691DA,
0xE19791DB,
0xE19891DD,
0xE19991DE,
0xE19A91DF,
0xE19B91E0,
0xE19C91E1,
0xE19D91E2,
0xE19E91E3,
0xE19F91E4,
0xE1A091E5,
0xE1A15E37,
0xE1A25E44,
0xE1A35E54,
0xE1A45E5B,
0xE1A55E5E,
0xE1A65E61,
0xE1A75C8C,
0xE1A85C7A,
0xE1A95C8D,
0xE1AA5C90,
0xE1AB5C96,
0xE1AC5C88,
0xE1AD5C98,
0xE1AE5C99,
0xE1AF5C91,
0xE1B05C9A,
0xE1B15C9C,
0xE1B25CB5,
0xE1B35CA2,
0xE1B45CBD,
0xE1B55CAC,
0xE1B65CAB,
0xE1B75CB1,
0xE1B85CA3,
0xE1B95CC1,
0xE1BA5CB7,
0xE1BB5CC4,
0xE1BC5CD2,
0xE1BD5CE4,
0xE1BE5CCB,
0xE1BF5CE5,
0xE1C05D02,
0xE1C15D03,
0xE1C25D27,
0xE1C35D26,
0xE1C45D2E,
0xE1C55D24,
0xE1C65D1E,
0xE1C75D06,
0xE1C85D1B,
0xE1C95D58,
0xE1CA5D3E,
0xE1CB5D34,
0xE1CC5D3D,
0xE1CD5D6C,
0xE1CE5D5B,
0xE1CF5D6F,
0xE1D05D5D,
0xE1D15D6B,
0xE1D25D4B,
0xE1D35D4A,
0xE1D45D69,
0xE1D55D74,
0xE1D65D82,
0xE1D75D99,
0xE1D85D9D,
0xE1D98C73,
0xE1DA5DB7,
0xE1DB5DC5,
0xE1DC5F73,
0xE1DD5F77,
0xE1DE5F82,
0xE1DF5F87,
0xE1E05F89,
0xE1E15F8C,
0xE1E25F95,
0xE1E35F99,
0xE1E45F9C,
0xE1E55FA8,
0xE1E65FAD,
0xE1E75FB5,
0xE1E85FBC,
0xE1E98862,
0xE1EA5F61,
0xE1EB72AD,
0xE1EC72B0,
0xE1ED72B4,
0xE1EE72B7,
0xE1EF72B8,
0xE1F072C3,
0xE1F172C1,
0xE1F272CE,
0xE1F372CD,
0xE1F472D2,
0xE1F572E8,
0xE1F672EF,
0xE1F772E9,
0xE1F872F2,
0xE1F972F4,
0xE1FA72F7,
0xE1FB7301,
0xE1FC72F3,
0xE1FD7303,
0xE1FE72FA,
0xE24091E6,
0xE24191E7,
0xE24291E8,
0xE24391E9,
0xE24491EA,
0xE24591EB,
0xE24691EC,
0xE24791ED,
0xE24891EE,
0xE24991EF,
0xE24A91F0,
0xE24B91F1,
0xE24C91F2,
0xE24D91F3,
0xE24E91F4,
0xE24F91F5,
0xE25091F6,
0xE25191F7,
0xE25291F8,
0xE25391F9,
0xE25491FA,
0xE25591FB,
0xE25691FC,
0xE25791FD,
0xE25891FE,
0xE25991FF,
0xE25A9200,
0xE25B9201,
0xE25C9202,
0xE25D9203,
0xE25E9204,
0xE25F9205,
0xE2609206,
0xE2619207,
0xE2629208,
0xE2639209,
0xE264920A,
0xE265920B,
0xE266920C,
0xE267920D,
0xE268920E,
0xE269920F,
0xE26A9210,
0xE26B9211,
0xE26C9212,
0xE26D9213,
0xE26E9214,
0xE26F9215,
0xE2709216,
0xE2719217,
0xE2729218,
0xE2739219,
0xE274921A,
0xE275921B,
0xE276921C,
0xE277921D,
0xE278921E,
0xE279921F,
0xE27A9220,
0xE27B9221,
0xE27C9222,
0xE27D9223,
0xE27E9224,
0xE2809225,
0xE2819226,
0xE2829227,
0xE2839228,
0xE2849229,
0xE285922A,
0xE286922B,
0xE287922C,
0xE288922D,
0xE289922E,
0xE28A922F,
0xE28B9230,
0xE28C9231,
0xE28D9232,
0xE28E9233,
0xE28F9234,
0xE2909235,
0xE2919236,
0xE2929237,
0xE2939238,
0xE2949239,
0xE295923A,
0xE296923B,
0xE297923C,
0xE298923D,
0xE299923E,
0xE29A923F,
0xE29B9240,
0xE29C9241,
0xE29D9242,
0xE29E9243,
0xE29F9244,
0xE2A09245,
0xE2A172FB,
0xE2A27317,
0xE2A37313,
0xE2A47321,
0xE2A5730A,
0xE2A6731E,
0xE2A7731D,
0xE2A87315,
0xE2A97322,
0xE2AA7339,
0xE2AB7325,
0xE2AC732C,
0xE2AD7338,
0xE2AE7331,
0xE2AF7350,
0xE2B0734D,
0xE2B17357,
0xE2B27360,
0xE2B3736C,
0xE2B4736F,
0xE2B5737E,
0xE2B6821B,
0xE2B75925,
0xE2B898E7,
0xE2B95924,
0xE2BA5902,
0xE2BB9963,
0xE2BC9967,
0xE2BD9968,
0xE2BE9969,
0xE2BF996A,
0xE2C0996B,
0xE2C1996C,
0xE2C29974,
0xE2C39977,
0xE2C4997D,
0xE2C59980,
0xE2C69984,
0xE2C79987,
0xE2C8998A,
0xE2C9998D,
0xE2CA9990,
0xE2CB9991,
0xE2CC9993,
0xE2CD9994,
0xE2CE9995,
0xE2CF5E80,
0xE2D05E91,
0xE2D15E8B,
0xE2D25E96,
0xE2D35EA5,
0xE2D45EA0,
0xE2D55EB9,
0xE2D65EB5,
0xE2D75EBE,
0xE2D85EB3,
0xE2D98D53,
0xE2DA5ED2,
0xE2DB5ED1,
0xE2DC5EDB,
0xE2DD5EE8,
0xE2DE5EEA,
0xE2DF81BA,
0xE2E05FC4,
0xE2E15FC9,
0xE2E25FD6,
0xE2E35FCF,
0xE2E46003,
0xE2E55FEE,
0xE2E66004,
0xE2E75FE1,
0xE2E85FE4,
0xE2E95FFE,
0xE2EA6005,
0xE2EB6006,
0xE2EC5FEA,
0xE2ED5FED,
0xE2EE5FF8,
0xE2EF6019,
0xE2F06035,
0xE2F16026,
0xE2F2601B,
0xE2F3600F,
0xE2F4600D,
0xE2F56029,
0xE2F6602B,
0xE2F7600A,
0xE2F8603F,
0xE2F96021,
0xE2FA6078,
0xE2FB6079,
0xE2FC607B,
0xE2FD607A,
0xE2FE6042,
0xE3409246,
0xE3419247,
0xE3429248,
0xE3439249,
0xE344924A,
0xE345924B,
0xE346924C,
0xE347924D,
0xE348924E,
0xE349924F,
0xE34A9250,
0xE34B9251,
0xE34C9252,
0xE34D9253,
0xE34E9254,
0xE34F9255,
0xE3509256,
0xE3519257,
0xE3529258,
0xE3539259,
0xE354925A,
0xE355925B,
0xE356925C,
0xE357925D,
0xE358925E,
0xE359925F,
0xE35A9260,
0xE35B9261,
0xE35C9262,
0xE35D9263,
0xE35E9264,
0xE35F9265,
0xE3609266,
0xE3619267,
0xE3629268,
0xE3639269,
0xE364926A,
0xE365926B,
0xE366926C,
0xE367926D,
0xE368926E,
0xE369926F,
0xE36A9270,
0xE36B9271,
0xE36C9272,
0xE36D9273,
0xE36E9275,
0xE36F9276,
0xE3709277,
0xE3719278,
0xE3729279,
0xE373927A,
0xE374927B,
0xE375927C,
0xE376927D,
0xE377927E,
0xE378927F,
0xE3799280,
0xE37A9281,
0xE37B9282,
0xE37C9283,
0xE37D9284,
0xE37E9285,
0xE3809286,
0xE3819287,
0xE3829288,
0xE3839289,
0xE384928A,
0xE385928B,
0xE386928C,
0xE387928D,
0xE388928F,
0xE3899290,
0xE38A9291,
0xE38B9292,
0xE38C9293,
0xE38D9294,
0xE38E9295,
0xE38F9296,
0xE3909297,
0xE3919298,
0xE3929299,
0xE393929A,
0xE394929B,
0xE395929C,
0xE396929D,
0xE397929E,
0xE398929F,
0xE39992A0,
0xE39A92A1,
0xE39B92A2,
0xE39C92A3,
0xE39D92A4,
0xE39E92A5,
0xE39F92A6,
0xE3A092A7,
0xE3A1606A,
0xE3A2607D,
0xE3A36096,
0xE3A4609A,
0xE3A560AD,
0xE3A6609D,
0xE3A76083,
0xE3A86092,
0xE3A9608C,
0xE3AA609B,
0xE3AB60EC,
0xE3AC60BB,
0xE3AD60B1,
0xE3AE60DD,
0xE3AF60D8,
0xE3B060C6,
0xE3B160DA,
0xE3B260B4,
0xE3B36120,
0xE3B46126,
0xE3B56115,
0xE3B66123,
0xE3B760F4,
0xE3B86100,
0xE3B9610E,
0xE3BA612B,
0xE3BB614A,
0xE3BC6175,
0xE3BD61AC,
0xE3BE6194,
0xE3BF61A7,
0xE3C061B7,
0xE3C161D4,
0xE3C261F5,
0xE3C35FDD,
0xE3C496B3,
0xE3C595E9,
0xE3C695EB,
0xE3C795F1,
0xE3C895F3,
0xE3C995F5,
0xE3CA95F6,
0xE3CB95FC,
0xE3CC95FE,
0xE3CD9603,
0xE3CE9604,
0xE3CF9606,
0xE3D09608,
0xE3D1960A,
0xE3D2960B,
0xE3D3960C,
0xE3D4960D,
0xE3D5960F,
0xE3D69612,
0xE3D79615,
0xE3D89616,
0xE3D99617,
0xE3DA9619,
0xE3DB961A,
0xE3DC4E2C,
0xE3DD723F,
0xE3DE6215,
0xE3DF6C35,
0xE3E06C54,
0xE3E16C5C,
0xE3E26C4A,
0xE3E36CA3,
0xE3E46C85,
0xE3E56C90,
0xE3E66C94,
0xE3E76C8C,
0xE3E86C68,
0xE3E96C69,
0xE3EA6C74,
0xE3EB6C76,
0xE3EC6C86,
0xE3ED6CA9,
0xE3EE6CD0,
0xE3EF6CD4,
0xE3F06CAD,
0xE3F16CF7,
0xE3F26CF8,
0xE3F36CF1,
0xE3F46CD7,
0xE3F56CB2,
0xE3F66CE0,
0xE3F76CD6,
0xE3F86CFA,
0xE3F96CEB,
0xE3FA6CEE,
0xE3FB6CB1,
0xE3FC6CD3,
0xE3FD6CEF,
0xE3FE6CFE,
0xE44092A8,
0xE44192A9,
0xE44292AA,
0xE44392AB,
0xE44492AC,
0xE44592AD,
0xE44692AF,
0xE44792B0,
0xE44892B1,
0xE44992B2,
0xE44A92B3,
0xE44B92B4,
0xE44C92B5,
0xE44D92B6,
0xE44E92B7,
0xE44F92B8,
0xE45092B9,
0xE45192BA,
0xE45292BB,
0xE45392BC,
0xE45492BD,
0xE45592BE,
0xE45692BF,
0xE45792C0,
0xE45892C1,
0xE45992C2,
0xE45A92C3,
0xE45B92C4,
0xE45C92C5,
0xE45D92C6,
0xE45E92C7,
0xE45F92C9,
0xE46092CA,
0xE46192CB,
0xE46292CC,
0xE46392CD,
0xE46492CE,
0xE46592CF,
0xE46692D0,
0xE46792D1,
0xE46892D2,
0xE46992D3,
0xE46A92D4,
0xE46B92D5,
0xE46C92D6,
0xE46D92D7,
0xE46E92D8,
0xE46F92D9,
0xE47092DA,
0xE47192DB,
0xE47292DC,
0xE47392DD,
0xE47492DE,
0xE47592DF,
0xE47692E0,
0xE47792E1,
0xE47892E2,
0xE47992E3,
0xE47A92E4,
0xE47B92E5,
0xE47C92E6,
0xE47D92E7,
0xE47E92E8,
0xE48092E9,
0xE48192EA,
0xE48292EB,
0xE48392EC,
0xE48492ED,
0xE48592EE,
0xE48692EF,
0xE48792F0,
0xE48892F1,
0xE48992F2,
0xE48A92F3,
0xE48B92F4,
0xE48C92F5,
0xE48D92F6,
0xE48E92F7,
0xE48F92F8,
0xE49092F9,
0xE49192FA,
0xE49292FB,
0xE49392FC,
0xE49492FD,
0xE49592FE,
0xE49692FF,
0xE4979300,
0xE4989301,
0xE4999302,
0xE49A9303,
0xE49B9304,
0xE49C9305,
0xE49D9306,
0xE49E9307,
0xE49F9308,
0xE4A09309,
0xE4A16D39,
0xE4A26D27,
0xE4A36D0C,
0xE4A46D43,
0xE4A56D48,
0xE4A66D07,
0xE4A76D04,
0xE4A86D19,
0xE4A96D0E,
0xE4AA6D2B,
0xE4AB6D4D,
0xE4AC6D2E,
0xE4AD6D35,
0xE4AE6D1A,
0xE4AF6D4F,
0xE4B06D52,
0xE4B16D54,
0xE4B26D33,
0xE4B36D91,
0xE4B46D6F,
0xE4B56D9E,
0xE4B66DA0,
0xE4B76D5E,
0xE4B86D93,
0xE4B96D94,
0xE4BA6D5C,
0xE4BB6D60,
0xE4BC6D7C,
0xE4BD6D63,
0xE4BE6E1A,
0xE4BF6DC7,
0xE4C06DC5,
0xE4C16DDE,
0xE4C26E0E,
0xE4C36DBF,
0xE4C46DE0,
0xE4C56E11,
0xE4C66DE6,
0xE4C76DDD,
0xE4C86DD9,
0xE4C96E16,
0xE4CA6DAB,
0xE4CB6E0C,
0xE4CC6DAE,
0xE4CD6E2B,
0xE4CE6E6E,
0xE4CF6E4E,
0xE4D06E6B,
0xE4D16EB2,
0xE4D26E5F,
0xE4D36E86,
0xE4D46E53,
0xE4D56E54,
0xE4D66E32,
0xE4D76E25,
0xE4D86E44,
0xE4D96EDF,
0xE4DA6EB1,
0xE4DB6E98,
0xE4DC6EE0,
0xE4DD6F2D,
0xE4DE6EE2,
0xE4DF6EA5,
0xE4E06EA7,
0xE4E16EBD,
0xE4E26EBB,
0xE4E36EB7,
0xE4E46ED7,
0xE4E56EB4,
0xE4E66ECF,
0xE4E76E8F,
0xE4E86EC2,
0xE4E96E9F,
0xE4EA6F62,
0xE4EB6F46,
0xE4EC6F47,
0xE4ED6F24,
0xE4EE6F15,
0xE4EF6EF9,
0xE4F06F2F,
0xE4F16F36,
0xE4F26F4B,
0xE4F36F74,
0xE4F46F2A,
0xE4F56F09,
0xE4F66F29,
0xE4F76F89,
0xE4F86F8D,
0xE4F96F8C,
0xE4FA6F78,
0xE4FB6F72,
0xE4FC6F7C,
0xE4FD6F7A,
0xE4FE6FD1,
0xE540930A,
0xE541930B,
0xE542930C,
0xE543930D,
0xE544930E,
0xE545930F,
0xE5469310,
0xE5479311,
0xE5489312,
0xE5499313,
0xE54A9314,
0xE54B9315,
0xE54C9316,
0xE54D9317,
0xE54E9318,
0xE54F9319,
0xE550931A,
0xE551931B,
0xE552931C,
0xE553931D,
0xE554931E,
0xE555931F,
0xE5569320,
0xE5579321,
0xE5589322,
0xE5599323,
0xE55A9324,
0xE55B9325,
0xE55C9326,
0xE55D9327,
0xE55E9328,
0xE55F9329,
0xE560932A,
0xE561932B,
0xE562932C,
0xE563932D,
0xE564932E,
0xE565932F,
0xE5669330,
0xE5679331,
0xE5689332,
0xE5699333,
0xE56A9334,
0xE56B9335,
0xE56C9336,
0xE56D9337,
0xE56E9338,
0xE56F9339,
0xE570933A,
0xE571933B,
0xE572933C,
0xE573933D,
0xE574933F,
0xE5759340,
0xE5769341,
0xE5779342,
0xE5789343,
0xE5799344,
0xE57A9345,
0xE57B9346,
0xE57C9347,
0xE57D9348,
0xE57E9349,
0xE580934A,
0xE581934B,
0xE582934C,
0xE583934D,
0xE584934E,
0xE585934F,
0xE5869350,
0xE5879351,
0xE5889352,
0xE5899353,
0xE58A9354,
0xE58B9355,
0xE58C9356,
0xE58D9357,
0xE58E9358,
0xE58F9359,
0xE590935A,
0xE591935B,
0xE592935C,
0xE593935D,
0xE594935E,
0xE595935F,
0xE5969360,
0xE5979361,
0xE5989362,
0xE5999363,
0xE59A9364,
0xE59B9365,
0xE59C9366,
0xE59D9367,
0xE59E9368,
0xE59F9369,
0xE5A0936B,
0xE5A16FC9,
0xE5A26FA7,
0xE5A36FB9,
0xE5A46FB6,
0xE5A56FC2,
0xE5A66FE1,
0xE5A76FEE,
0xE5A86FDE,
0xE5A96FE0,
0xE5AA6FEF,
0xE5AB701A,
0xE5AC7023,
0xE5AD701B,
0xE5AE7039,
0xE5AF7035,
0xE5B0704F,
0xE5B1705E,
0xE5B25B80,
0xE5B35B84,
0xE5B45B95,
0xE5B55B93,
0xE5B65BA5,
0xE5B75BB8,
0xE5B8752F,
0xE5B99A9E,
0xE5BA6434,
0xE5BB5BE4,
0xE5BC5BEE,
0xE5BD8930,
0xE5BE5BF0,
0xE5BF8E47,
0xE5C08B07,
0xE5C18FB6,
0xE5C28FD3,
0xE5C38FD5,
0xE5C48FE5,
0xE5C58FEE,
0xE5C68FE4,
0xE5C78FE9,
0xE5C88FE6,
0xE5C98FF3,
0xE5CA8FE8,
0xE5CB9005,
0xE5CC9004,
0xE5CD900B,
0xE5CE9026,
0xE5CF9011,
0xE5D0900D,
0xE5D19016,
0xE5D29021,
0xE5D39035,
0xE5D49036,
0xE5D5902D,
0xE5D6902F,
0xE5D79044,
0xE5D89051,
0xE5D99052,
0xE5DA9050,
0xE5DB9068,
0xE5DC9058,
0xE5DD9062,
0xE5DE905B,
0xE5DF66B9,
0xE5E09074,
0xE5E1907D,
0xE5E29082,
0xE5E39088,
0xE5E49083,
0xE5E5908B,
0xE5E65F50,
0xE5E75F57,
0xE5E85F56,
0xE5E95F58,
0xE5EA5C3B,
0xE5EB54AB,
0xE5EC5C50,
0xE5ED5C59,
0xE5EE5B71,
0xE5EF5C63,
0xE5F05C66,
0xE5F17FBC,
0xE5F25F2A,
0xE5F35F29,
0xE5F45F2D,
0xE5F58274,
0xE5F65F3C,
0xE5F79B3B,
0xE5F85C6E,
0xE5F95981,
0xE5FA5983,
0xE5FB598D,
0xE5FC59A9,
0xE5FD59AA,
0xE5FE59A3,
0xE640936C,
0xE641936D,
0xE642936E,
0xE643936F,
0xE6449370,
0xE6459371,
0xE6469372,
0xE6479373,
0xE6489374,
0xE6499375,
0xE64A9376,
0xE64B9377,
0xE64C9378,
0xE64D9379,
0xE64E937A,
0xE64F937B,
0xE650937C,
0xE651937D,
0xE652937E,
0xE653937F,
0xE6549380,
0xE6559381,
0xE6569382,
0xE6579383,
0xE6589384,
0xE6599385,
0xE65A9386,
0xE65B9387,
0xE65C9388,
0xE65D9389,
0xE65E938A,
0xE65F938B,
0xE660938C,
0xE661938D,
0xE662938E,
0xE6639390,
0xE6649391,
0xE6659392,
0xE6669393,
0xE6679394,
0xE6689395,
0xE6699396,
0xE66A9397,
0xE66B9398,
0xE66C9399,
0xE66D939A,
0xE66E939B,
0xE66F939C,
0xE670939D,
0xE671939E,
0xE672939F,
0xE67393A0,
0xE67493A1,
0xE67593A2,
0xE67693A3,
0xE67793A4,
0xE67893A5,
0xE67993A6,
0xE67A93A7,
0xE67B93A8,
0xE67C93A9,
0xE67D93AA,
0xE67E93AB,
0xE68093AC,
0xE68193AD,
0xE68293AE,
0xE68393AF,
0xE68493B0,
0xE68593B1,
0xE68693B2,
0xE68793B3,
0xE68893B4,
0xE68993B5,
0xE68A93B6,
0xE68B93B7,
0xE68C93B8,
0xE68D93B9,
0xE68E93BA,
0xE68F93BB,
0xE69093BC,
0xE69193BD,
0xE69293BE,
0xE69393BF,
0xE69493C0,
0xE69593C1,
0xE69693C2,
0xE69793C3,
0xE69893C4,
0xE69993C5,
0xE69A93C6,
0xE69B93C7,
0xE69C93C8,
0xE69D93C9,
0xE69E93CB,
0xE69F93CC,
0xE6A093CD,
0xE6A15997,
0xE6A259CA,
0xE6A359AB,
0xE6A4599E,
0xE6A559A4,
0xE6A659D2,
0xE6A759B2,
0xE6A859AF,
0xE6A959D7,
0xE6AA59BE,
0xE6AB5A05,
0xE6AC5A06,
0xE6AD59DD,
0xE6AE5A08,
0xE6AF59E3,
0xE6B059D8,
0xE6B159F9,
0xE6B25A0C,
0xE6B35A09,
0xE6B45A32,
0xE6B55A34,
0xE6B65A11,
0xE6B75A23,
0xE6B85A13,
0xE6B95A40,
0xE6BA5A67,
0xE6BB5A4A,
0xE6BC5A55,
0xE6BD5A3C,
0xE6BE5A62,
0xE6BF5A75,
0xE6C080EC,
0xE6C15AAA,
0xE6C25A9B,
0xE6C35A77,
0xE6C45A7A,
0xE6C55ABE,
0xE6C65AEB,
0xE6C75AB2,
0xE6C85AD2,
0xE6C95AD4,
0xE6CA5AB8,
0xE6CB5AE0,
0xE6CC5AE3,
0xE6CD5AF1,
0xE6CE5AD6,
0xE6CF5AE6,
0xE6D05AD8,
0xE6D15ADC,
0xE6D25B09,
0xE6D35B17,
0xE6D45B16,
0xE6D55B32,
0xE6D65B37,
0xE6D75B40,
0xE6D85C15,
0xE6D95C1C,
0xE6DA5B5A,
0xE6DB5B65,
0xE6DC5B73,
0xE6DD5B51,
0xE6DE5B53,
0xE6DF5B62,
0xE6E09A75,
0xE6E19A77,
0xE6E29A78,
0xE6E39A7A,
0xE6E49A7F,
0xE6E59A7D,
0xE6E69A80,
0xE6E79A81,
0xE6E89A85,
0xE6E99A88,
0xE6EA9A8A,
0xE6EB9A90,
0xE6EC9A92,
0xE6ED9A93,
0xE6EE9A96,
0xE6EF9A98,
0xE6F09A9B,
0xE6F19A9C,
0xE6F29A9D,
0xE6F39A9F,
0xE6F49AA0,
0xE6F59AA2,
0xE6F69AA3,
0xE6F79AA5,
0xE6F89AA7,
0xE6F97E9F,
0xE6FA7EA1,
0xE6FB7EA3,
0xE6FC7EA5,
0xE6FD7EA8,
0xE6FE7EA9,
0xE74093CE,
0xE74193CF,
0xE74293D0,
0xE74393D1,
0xE74493D2,
0xE74593D3,
0xE74693D4,
0xE74793D5,
0xE74893D7,
0xE74993D8,
0xE74A93D9,
0xE74B93DA,
0xE74C93DB,
0xE74D93DC,
0xE74E93DD,
0xE74F93DE,
0xE75093DF,
0xE75193E0,
0xE75293E1,
0xE75393E2,
0xE75493E3,
0xE75593E4,
0xE75693E5,
0xE75793E6,
0xE75893E7,
0xE75993E8,
0xE75A93E9,
0xE75B93EA,
0xE75C93EB,
0xE75D93EC,
0xE75E93ED,
0xE75F93EE,
0xE76093EF,
0xE76193F0,
0xE76293F1,
0xE76393F2,
0xE76493F3,
0xE76593F4,
0xE76693F5,
0xE76793F6,
0xE76893F7,
0xE76993F8,
0xE76A93F9,
0xE76B93FA,
0xE76C93FB,
0xE76D93FC,
0xE76E93FD,
0xE76F93FE,
0xE77093FF,
0xE7719400,
0xE7729401,
0xE7739402,
0xE7749403,
0xE7759404,
0xE7769405,
0xE7779406,
0xE7789407,
0xE7799408,
0xE77A9409,
0xE77B940A,
0xE77C940B,
0xE77D940C,
0xE77E940D,
0xE780940E,
0xE781940F,
0xE7829410,
0xE7839411,
0xE7849412,
0xE7859413,
0xE7869414,
0xE7879415,
0xE7889416,
0xE7899417,
0xE78A9418,
0xE78B9419,
0xE78C941A,
0xE78D941B,
0xE78E941C,
0xE78F941D,
0xE790941E,
0xE791941F,
0xE7929420,
0xE7939421,
0xE7949422,
0xE7959423,
0xE7969424,
0xE7979425,
0xE7989426,
0xE7999427,
0xE79A9428,
0xE79B9429,
0xE79C942A,
0xE79D942B,
0xE79E942C,
0xE79F942D,
0xE7A0942E,
0xE7A17EAD,
0xE7A27EB0,
0xE7A37EBE,
0xE7A47EC0,
0xE7A57EC1,
0xE7A67EC2,
0xE7A77EC9,
0xE7A87ECB,
0xE7A97ECC,
0xE7AA7ED0,
0xE7AB7ED4,
0xE7AC7ED7,
0xE7AD7EDB,
0xE7AE7EE0,
0xE7AF7EE1,
0xE7B07EE8,
0xE7B17EEB,
0xE7B27EEE,
0xE7B37EEF,
0xE7B47EF1,
0xE7B57EF2,
0xE7B67F0D,
0xE7B77EF6,
0xE7B87EFA,
0xE7B97EFB,
0xE7BA7EFE,
0xE7BB7F01,
0xE7BC7F02,
0xE7BD7F03,
0xE7BE7F07,
0xE7BF7F08,
0xE7C07F0B,
0xE7C17F0C,
0xE7C27F0F,
0xE7C37F11,
0xE7C47F12,
0xE7C57F17,
0xE7C67F19,
0xE7C77F1C,
0xE7C87F1B,
0xE7C97F1F,
0xE7CA7F21,
0xE7CB7F22,
0xE7CC7F23,
0xE7CD7F24,
0xE7CE7F25,
0xE7CF7F26,
0xE7D07F27,
0xE7D17F2A,
0xE7D27F2B,
0xE7D37F2C,
0xE7D47F2D,
0xE7D57F2F,
0xE7D67F30,
0xE7D77F31,
0xE7D87F32,
0xE7D97F33,
0xE7DA7F35,
0xE7DB5E7A,
0xE7DC757F,
0xE7DD5DDB,
0xE7DE753E,
0xE7DF9095,
0xE7E0738E,
0xE7E17391,
0xE7E273AE,
0xE7E373A2,
0xE7E4739F,
0xE7E573CF,
0xE7E673C2,
0xE7E773D1,
0xE7E873B7,
0xE7E973B3,
0xE7EA73C0,
0xE7EB73C9,
0xE7EC73C8,
0xE7ED73E5,
0xE7EE73D9,
0xE7EF987C,
0xE7F0740A,
0xE7F173E9,
0xE7F273E7,
0xE7F373DE,
0xE7F473BA,
0xE7F573F2,
0xE7F6740F,
0xE7F7742A,
0xE7F8745B,
0xE7F97426,
0xE7FA7425,
0xE7FB7428,
0xE7FC7430,
0xE7FD742E,
0xE7FE742C,
0xE840942F,
0xE8419430,
0xE8429431,
0xE8439432,
0xE8449433,
0xE8459434,
0xE8469435,
0xE8479436,
0xE8489437,
0xE8499438,
0xE84A9439,
0xE84B943A,
0xE84C943B,
0xE84D943C,
0xE84E943D,
0xE84F943F,
0xE8509440,
0xE8519441,
0xE8529442,
0xE8539443,
0xE8549444,
0xE8559445,
0xE8569446,
0xE8579447,
0xE8589448,
0xE8599449,
0xE85A944A,
0xE85B944B,
0xE85C944C,
0xE85D944D,
0xE85E944E,
0xE85F944F,
0xE8609450,
0xE8619451,
0xE8629452,
0xE8639453,
0xE8649454,
0xE8659455,
0xE8669456,
0xE8679457,
0xE8689458,
0xE8699459,
0xE86A945A,
0xE86B945B,
0xE86C945C,
0xE86D945D,
0xE86E945E,
0xE86F945F,
0xE8709460,
0xE8719461,
0xE8729462,
0xE8739463,
0xE8749464,
0xE8759465,
0xE8769466,
0xE8779467,
0xE8789468,
0xE8799469,
0xE87A946A,
0xE87B946C,
0xE87C946D,
0xE87D946E,
0xE87E946F,
0xE8809470,
0xE8819471,
0xE8829472,
0xE8839473,
0xE8849474,
0xE8859475,
0xE8869476,
0xE8879477,
0xE8889478,
0xE8899479,
0xE88A947A,
0xE88B947B,
0xE88C947C,
0xE88D947D,
0xE88E947E,
0xE88F947F,
0xE8909480,
0xE8919481,
0xE8929482,
0xE8939483,
0xE8949484,
0xE8959491,
0xE8969496,
0xE8979498,
0xE89894C7,
0xE89994CF,
0xE89A94D3,
0xE89B94D4,
0xE89C94DA,
0xE89D94E6,
0xE89E94FB,
0xE89F951C,
0xE8A09520,
0xE8A1741B,
0xE8A2741A,
0xE8A37441,
0xE8A4745C,
0xE8A57457,
0xE8A67455,
0xE8A77459,
0xE8A87477,
0xE8A9746D,
0xE8AA747E,
0xE8AB749C,
0xE8AC748E,
0xE8AD7480,
0xE8AE7481,
0xE8AF7487,
0xE8B0748B,
0xE8B1749E,
0xE8B274A8,
0xE8B374A9,
0xE8B47490,
0xE8B574A7,
0xE8B674D2,
0xE8B774BA,
0xE8B897EA,
0xE8B997EB,
0xE8BA97EC,
0xE8BB674C,
0xE8BC6753,
0xE8BD675E,
0xE8BE6748,
0xE8BF6769,
0xE8C067A5,
0xE8C16787,
0xE8C2676A,
0xE8C36773,
0xE8C46798,
0xE8C567A7,
0xE8C66775,
0xE8C767A8,
0xE8C8679E,
0xE8C967AD,
0xE8CA678B,
0xE8CB6777,
0xE8CC677C,
0xE8CD67F0,
0xE8CE6809,
0xE8CF67D8,
0xE8D0680A,
0xE8D167E9,
0xE8D267B0,
0xE8D3680C,
0xE8D467D9,
0xE8D567B5,
0xE8D667DA,
0xE8D767B3,
0xE8D867DD,
0xE8D96800,
0xE8DA67C3,
0xE8DB67B8,
0xE8DC67E2,
0xE8DD680E,
0xE8DE67C1,
0xE8DF67FD,
0xE8E06832,
0xE8E16833,
0xE8E26860,
0xE8E36861,
0xE8E4684E,
0xE8E56862,
0xE8E66844,
0xE8E76864,
0xE8E86883,
0xE8E9681D,
0xE8EA6855,
0xE8EB6866,
0xE8EC6841,
0xE8ED6867,
0xE8EE6840,
0xE8EF683E,
0xE8F0684A,
0xE8F16849,
0xE8F26829,
0xE8F368B5,
0xE8F4688F,
0xE8F56874,
0xE8F66877,
0xE8F76893,
0xE8F8686B,
0xE8F968C2,
0xE8FA696E,
0xE8FB68FC,
0xE8FC691F,
0xE8FD6920,
0xE8FE68F9,
0xE9409527,
0xE9419533,
0xE942953D,
0xE9439543,
0xE9449548,
0xE945954B,
0xE9469555,
0xE947955A,
0xE9489560,
0xE949956E,
0xE94A9574,
0xE94B9575,
0xE94C9577,
0xE94D9578,
0xE94E9579,
0xE94F957A,
0xE950957B,
0xE951957C,
0xE952957D,
0xE953957E,
0xE9549580,
0xE9559581,
0xE9569582,
0xE9579583,
0xE9589584,
0xE9599585,
0xE95A9586,
0xE95B9587,
0xE95C9588,
0xE95D9589,
0xE95E958A,
0xE95F958B,
0xE960958C,
0xE961958D,
0xE962958E,
0xE963958F,
0xE9649590,
0xE9659591,
0xE9669592,
0xE9679593,
0xE9689594,
0xE9699595,
0xE96A9596,
0xE96B9597,
0xE96C9598,
0xE96D9599,
0xE96E959A,
0xE96F959B,
0xE970959C,
0xE971959D,
0xE972959E,
0xE973959F,
0xE97495A0,
0xE97595A1,
0xE97695A2,
0xE97795A3,
0xE97895A4,
0xE97995A5,
0xE97A95A6,
0xE97B95A7,
0xE97C95A8,
0xE97D95A9,
0xE97E95AA,
0xE98095AB,
0xE98195AC,
0xE98295AD,
0xE98395AE,
0xE98495AF,
0xE98595B0,
0xE98695B1,
0xE98795B2,
0xE98895B3,
0xE98995B4,
0xE98A95B5,
0xE98B95B6,
0xE98C95B7,
0xE98D95B8,
0xE98E95B9,
0xE98F95BA,
0xE99095BB,
0xE99195BC,
0xE99295BD,
0xE99395BE,
0xE99495BF,
0xE99595C0,
0xE99695C1,
0xE99795C2,
0xE99895C3,
0xE99995C4,
0xE99A95C5,
0xE99B95C6,
0xE99C95C7,
0xE99D95C8,
0xE99E95C9,
0xE99F95CA,
0xE9A095CB,
0xE9A16924,
0xE9A268F0,
0xE9A3690B,
0xE9A46901,
0xE9A56957,
0xE9A668E3,
0xE9A76910,
0xE9A86971,
0xE9A96939,
0xE9AA6960,
0xE9AB6942,
0xE9AC695D,
0xE9AD6984,
0xE9AE696B,
0xE9AF6980,
0xE9B06998,
0xE9B16978,
0xE9B26934,
0xE9B369CC,
0xE9B46987,
0xE9B56988,
0xE9B669CE,
0xE9B76989,
0xE9B86966,
0xE9B96963,
0xE9BA6979,
0xE9BB699B,
0xE9BC69A7,
0xE9BD69BB,
0xE9BE69AB,
0xE9BF69AD,
0xE9C069D4,
0xE9C169B1,
0xE9C269C1,
0xE9C369CA,
0xE9C469DF,
0xE9C56995,
0xE9C669E0,
0xE9C7698D,
0xE9C869FF,
0xE9C96A2F,
0xE9CA69ED,
0xE9CB6A17,
0xE9CC6A18,
0xE9CD6A65,
0xE9CE69F2,
0xE9CF6A44,
0xE9D06A3E,
0xE9D16AA0,
0xE9D26A50,
0xE9D36A5B,
0xE9D46A35,
0xE9D56A8E,
0xE9D66A79,
0xE9D76A3D,
0xE9D86A28,
0xE9D96A58,
0xE9DA6A7C,
0xE9DB6A91,
0xE9DC6A90,
0xE9DD6AA9,
0xE9DE6A97,
0xE9DF6AAB,
0xE9E07337,
0xE9E17352,
0xE9E26B81,
0xE9E36B82,
0xE9E46B87,
0xE9E56B84,
0xE9E66B92,
0xE9E76B93,
0xE9E86B8D,
0xE9E96B9A,
0xE9EA6B9B,
0xE9EB6BA1,
0xE9EC6BAA,
0xE9ED8F6B,
0xE9EE8F6D,
0xE9EF8F71,
0xE9F08F72,
0xE9F18F73,
0xE9F28F75,
0xE9F38F76,
0xE9F48F78,
0xE9F58F77,
0xE9F68F79,
0xE9F78F7A,
0xE9F88F7C,
0xE9F98F7E,
0xE9FA8F81,
0xE9FB8F82,
0xE9FC8F84,
0xE9FD8F87,
0xE9FE8F8B,
0xEA4095CC,
0xEA4195CD,
0xEA4295CE,
0xEA4395CF,
0xEA4495D0,
0xEA4595D1,
0xEA4695D2,
0xEA4795D3,
0xEA4895D4,
0xEA4995D5,
0xEA4A95D6,
0xEA4B95D7,
0xEA4C95D8,
0xEA4D95D9,
0xEA4E95DA,
0xEA4F95DB,
0xEA5095DC,
0xEA5195DD,
0xEA5295DE,
0xEA5395DF,
0xEA5495E0,
0xEA5595E1,
0xEA5695E2,
0xEA5795E3,
0xEA5895E4,
0xEA5995E5,
0xEA5A95E6,
0xEA5B95E7,
0xEA5C95EC,
0xEA5D95FF,
0xEA5E9607,
0xEA5F9613,
0xEA609618,
0xEA61961B,
0xEA62961E,
0xEA639620,
0xEA649623,
0xEA659624,
0xEA669625,
0xEA679626,
0xEA689627,
0xEA699628,
0xEA6A9629,
0xEA6B962B,
0xEA6C962C,
0xEA6D962D,
0xEA6E962F,
0xEA6F9630,
0xEA709637,
0xEA719638,
0xEA729639,
0xEA73963A,
0xEA74963E,
0xEA759641,
0xEA769643,
0xEA77964A,
0xEA78964E,
0xEA79964F,
0xEA7A9651,
0xEA7B9652,
0xEA7C9653,
0xEA7D9656,
0xEA7E9657,
0xEA809658,
0xEA819659,
0xEA82965A,
0xEA83965C,
0xEA84965D,
0xEA85965E,
0xEA869660,
0xEA879663,
0xEA889665,
0xEA899666,
0xEA8A966B,
0xEA8B966D,
0xEA8C966E,
0xEA8D966F,
0xEA8E9670,
0xEA8F9671,
0xEA909673,
0xEA919678,
0xEA929679,
0xEA93967A,
0xEA94967B,
0xEA95967C,
0xEA96967D,
0xEA97967E,
0xEA98967F,
0xEA999680,
0xEA9A9681,
0xEA9B9682,
0xEA9C9683,
0xEA9D9684,
0xEA9E9687,
0xEA9F9689,
0xEAA0968A,
0xEAA18F8D,
0xEAA28F8E,
0xEAA38F8F,
0xEAA48F98,
0xEAA58F9A,
0xEAA68ECE,
0xEAA7620B,
0xEAA86217,
0xEAA9621B,
0xEAAA621F,
0xEAAB6222,
0xEAAC6221,
0xEAAD6225,
0xEAAE6224,
0xEAAF622C,
0xEAB081E7,
0xEAB174EF,
0xEAB274F4,
0xEAB374FF,
0xEAB4750F,
0xEAB57511,
0xEAB67513,
0xEAB76534,
0xEAB865EE,
0xEAB965EF,
0xEABA65F0,
0xEABB660A,
0xEABC6619,
0xEABD6772,
0xEABE6603,
0xEABF6615,
0xEAC06600,
0xEAC17085,
0xEAC266F7,
0xEAC3661D,
0xEAC46634,
0xEAC56631,
0xEAC66636,
0xEAC76635,
0xEAC88006,
0xEAC9665F,
0xEACA6654,
0xEACB6641,
0xEACC664F,
0xEACD6656,
0xEACE6661,
0xEACF6657,
0xEAD06677,
0xEAD16684,
0xEAD2668C,
0xEAD366A7,
0xEAD4669D,
0xEAD566BE,
0xEAD666DB,
0xEAD766DC,
0xEAD866E6,
0xEAD966E9,
0xEADA8D32,
0xEADB8D33,
0xEADC8D36,
0xEADD8D3B,
0xEADE8D3D,
0xEADF8D40,
0xEAE08D45,
0xEAE18D46,
0xEAE28D48,
0xEAE38D49,
0xEAE48D47,
0xEAE58D4D,
0xEAE68D55,
0xEAE78D59,
0xEAE889C7,
0xEAE989CA,
0xEAEA89CB,
0xEAEB89CC,
0xEAEC89CE,
0xEAED89CF,
0xEAEE89D0,
0xEAEF89D1,
0xEAF0726E,
0xEAF1729F,
0xEAF2725D,
0xEAF37266,
0xEAF4726F,
0xEAF5727E,
0xEAF6727F,
0xEAF77284,
0xEAF8728B,
0xEAF9728D,
0xEAFA728F,
0xEAFB7292,
0xEAFC6308,
0xEAFD6332,
0xEAFE63B0,
0xEB40968C,
0xEB41968E,
0xEB429691,
0xEB439692,
0xEB449693,
0xEB459695,
0xEB469696,
0xEB47969A,
0xEB48969B,
0xEB49969D,
0xEB4A969E,
0xEB4B969F,
0xEB4C96A0,
0xEB4D96A1,
0xEB4E96A2,
0xEB4F96A3,
0xEB5096A4,
0xEB5196A5,
0xEB5296A6,
0xEB5396A8,
0xEB5496A9,
0xEB5596AA,
0xEB5696AB,
0xEB5796AC,
0xEB5896AD,
0xEB5996AE,
0xEB5A96AF,
0xEB5B96B1,
0xEB5C96B2,
0xEB5D96B4,
0xEB5E96B5,
0xEB5F96B7,
0xEB6096B8,
0xEB6196BA,
0xEB6296BB,
0xEB6396BF,
0xEB6496C2,
0xEB6596C3,
0xEB6696C8,
0xEB6796CA,
0xEB6896CB,
0xEB6996D0,
0xEB6A96D1,
0xEB6B96D3,
0xEB6C96D4,
0xEB6D96D6,
0xEB6E96D7,
0xEB6F96D8,
0xEB7096D9,
0xEB7196DA,
0xEB7296DB,
0xEB7396DC,
0xEB7496DD,
0xEB7596DE,
0xEB7696DF,
0xEB7796E1,
0xEB7896E2,
0xEB7996E3,
0xEB7A96E4,
0xEB7B96E5,
0xEB7C96E6,
0xEB7D96E7,
0xEB7E96EB,
0xEB8096EC,
0xEB8196ED,
0xEB8296EE,
0xEB8396F0,
0xEB8496F1,
0xEB8596F2,
0xEB8696F4,
0xEB8796F5,
0xEB8896F8,
0xEB8996FA,
0xEB8A96FB,
0xEB8B96FC,
0xEB8C96FD,
0xEB8D96FF,
0xEB8E9702,
0xEB8F9703,
0xEB909705,
0xEB91970A,
0xEB92970B,
0xEB93970C,
0xEB949710,
0xEB959711,
0xEB969712,
0xEB979714,
0xEB989715,
0xEB999717,
0xEB9A9718,
0xEB9B9719,
0xEB9C971A,
0xEB9D971B,
0xEB9E971D,
0xEB9F971F,
0xEBA09720,
0xEBA1643F,
0xEBA264D8,
0xEBA38004,
0xEBA46BEA,
0xEBA56BF3,
0xEBA66BFD,
0xEBA76BF5,
0xEBA86BF9,
0xEBA96C05,
0xEBAA6C07,
0xEBAB6C06,
0xEBAC6C0D,
0xEBAD6C15,
0xEBAE6C18,
0xEBAF6C19,
0xEBB06C1A,
0xEBB16C21,
0xEBB26C29,
0xEBB36C24,
0xEBB46C2A,
0xEBB56C32,
0xEBB66535,
0xEBB76555,
0xEBB8656B,
0xEBB9724D,
0xEBBA7252,
0xEBBB7256,
0xEBBC7230,
0xEBBD8662,
0xEBBE5216,
0xEBBF809F,
0xEBC0809C,
0xEBC18093,
0xEBC280BC,
0xEBC3670A,
0xEBC480BD,
0xEBC580B1,
0xEBC680AB,
0xEBC780AD,
0xEBC880B4,
0xEBC980B7,
0xEBCA80E7,
0xEBCB80E8,
0xEBCC80E9,
0xEBCD80EA,
0xEBCE80DB,
0xEBCF80C2,
0xEBD080C4,
0xEBD180D9,
0xEBD280CD,
0xEBD380D7,
0xEBD46710,
0xEBD580DD,
0xEBD680EB,
0xEBD780F1,
0xEBD880F4,
0xEBD980ED,
0xEBDA810D,
0xEBDB810E,
0xEBDC80F2,
0xEBDD80FC,
0xEBDE6715,
0xEBDF8112,
0xEBE08C5A,
0xEBE18136,
0xEBE2811E,
0xEBE3812C,
0xEBE48118,
0xEBE58132,
0xEBE68148,
0xEBE7814C,
0xEBE88153,
0xEBE98174,
0xEBEA8159,
0xEBEB815A,
0xEBEC8171,
0xEBED8160,
0xEBEE8169,
0xEBEF817C,
0xEBF0817D,
0xEBF1816D,
0xEBF28167,
0xEBF3584D,
0xEBF45AB5,
0xEBF58188,
0xEBF68182,
0xEBF78191,
0xEBF86ED5,
0xEBF981A3,
0xEBFA81AA,
0xEBFB81CC,
0xEBFC6726,
0xEBFD81CA,
0xEBFE81BB,
0xEC409721,
0xEC419722,
0xEC429723,
0xEC439724,
0xEC449725,
0xEC459726,
0xEC469727,
0xEC479728,
0xEC489729,
0xEC49972B,
0xEC4A972C,
0xEC4B972E,
0xEC4C972F,
0xEC4D9731,
0xEC4E9733,
0xEC4F9734,
0xEC509735,
0xEC519736,
0xEC529737,
0xEC53973A,
0xEC54973B,
0xEC55973C,
0xEC56973D,
0xEC57973F,
0xEC589740,
0xEC599741,
0xEC5A9742,
0xEC5B9743,
0xEC5C9744,
0xEC5D9745,
0xEC5E9746,
0xEC5F9747,
0xEC609748,
0xEC619749,
0xEC62974A,
0xEC63974B,
0xEC64974C,
0xEC65974D,
0xEC66974E,
0xEC67974F,
0xEC689750,
0xEC699751,
0xEC6A9754,
0xEC6B9755,
0xEC6C9757,
0xEC6D9758,
0xEC6E975A,
0xEC6F975C,
0xEC70975D,
0xEC71975F,
0xEC729763,
0xEC739764,
0xEC749766,
0xEC759767,
0xEC769768,
0xEC77976A,
0xEC78976B,
0xEC79976C,
0xEC7A976D,
0xEC7B976E,
0xEC7C976F,
0xEC7D9770,
0xEC7E9771,
0xEC809772,
0xEC819775,
0xEC829777,
0xEC839778,
0xEC849779,
0xEC85977A,
0xEC86977B,
0xEC87977D,
0xEC88977E,
0xEC89977F,
0xEC8A9780,
0xEC8B9781,
0xEC8C9782,
0xEC8D9783,
0xEC8E9784,
0xEC8F9786,
0xEC909787,
0xEC919788,
0xEC929789,
0xEC93978A,
0xEC94978C,
0xEC95978E,
0xEC96978F,
0xEC979790,
0xEC989793,
0xEC999795,
0xEC9A9796,
0xEC9B9797,
0xEC9C9799,
0xEC9D979A,
0xEC9E979B,
0xEC9F979C,
0xECA0979D,
0xECA181C1,
0xECA281A6,
0xECA36B24,
0xECA46B37,
0xECA56B39,
0xECA66B43,
0xECA76B46,
0xECA86B59,
0xECA998D1,
0xECAA98D2,
0xECAB98D3,
0xECAC98D5,
0xECAD98D9,
0xECAE98DA,
0xECAF6BB3,
0xECB05F40,
0xECB16BC2,
0xECB289F3,
0xECB36590,
0xECB49F51,
0xECB56593,
0xECB665BC,
0xECB765C6,
0xECB865C4,
0xECB965C3,
0xECBA65CC,
0xECBB65CE,
0xECBC65D2,
0xECBD65D6,
0xECBE7080,
0xECBF709C,
0xECC07096,
0xECC1709D,
0xECC270BB,
0xECC370C0,
0xECC470B7,
0xECC570AB,
0xECC670B1,
0xECC770E8,
0xECC870CA,
0xECC97110,
0xECCA7113,
0xECCB7116,
0xECCC712F,
0xECCD7131,
0xECCE7173,
0xECCF715C,
0xECD07168,
0xECD17145,
0xECD27172,
0xECD3714A,
0xECD47178,
0xECD5717A,
0xECD67198,
0xECD771B3,
0xECD871B5,
0xECD971A8,
0xECDA71A0,
0xECDB71E0,
0xECDC71D4,
0xECDD71E7,
0xECDE71F9,
0xECDF721D,
0xECE07228,
0xECE1706C,
0xECE27118,
0xECE37166,
0xECE471B9,
0xECE5623E,
0xECE6623D,
0xECE76243,
0xECE86248,
0xECE96249,
0xECEA793B,
0xECEB7940,
0xECEC7946,
0xECED7949,
0xECEE795B,
0xECEF795C,
0xECF07953,
0xECF1795A,
0xECF27962,
0xECF37957,
0xECF47960,
0xECF5796F,
0xECF67967,
0xECF7797A,
0xECF87985,
0xECF9798A,
0xECFA799A,
0xECFB79A7,
0xECFC79B3,
0xECFD5FD1,
0xECFE5FD0,
0xED40979E,
0xED41979F,
0xED4297A1,
0xED4397A2,
0xED4497A4,
0xED4597A5,
0xED4697A6,
0xED4797A7,
0xED4897A8,
0xED4997A9,
0xED4A97AA,
0xED4B97AC,
0xED4C97AE,
0xED4D97B0,
0xED4E97B1,
0xED4F97B3,
0xED5097B5,
0xED5197B6,
0xED5297B7,
0xED5397B8,
0xED5497B9,
0xED5597BA,
0xED5697BB,
0xED5797BC,
0xED5897BD,
0xED5997BE,
0xED5A97BF,
0xED5B97C0,
0xED5C97C1,
0xED5D97C2,
0xED5E97C3,
0xED5F97C4,
0xED6097C5,
0xED6197C6,
0xED6297C7,
0xED6397C8,
0xED6497C9,
0xED6597CA,
0xED6697CB,
0xED6797CC,
0xED6897CD,
0xED6997CE,
0xED6A97CF,
0xED6B97D0,
0xED6C97D1,
0xED6D97D2,
0xED6E97D3,
0xED6F97D4,
0xED7097D5,
0xED7197D6,
0xED7297D7,
0xED7397D8,
0xED7497D9,
0xED7597DA,
0xED7697DB,
0xED7797DC,
0xED7897DD,
0xED7997DE,
0xED7A97DF,
0xED7B97E0,
0xED7C97E1,
0xED7D97E2,
0xED7E97E3,
0xED8097E4,
0xED8197E5,
0xED8297E8,
0xED8397EE,
0xED8497EF,
0xED8597F0,
0xED8697F1,
0xED8797F2,
0xED8897F4,
0xED8997F7,
0xED8A97F8,
0xED8B97F9,
0xED8C97FA,
0xED8D97FB,
0xED8E97FC,
0xED8F97FD,
0xED9097FE,
0xED9197FF,
0xED929800,
0xED939801,
0xED949802,
0xED959803,
0xED969804,
0xED979805,
0xED989806,
0xED999807,
0xED9A9808,
0xED9B9809,
0xED9C980A,
0xED9D980B,
0xED9E980C,
0xED9F980D,
0xEDA0980E,
0xEDA1603C,
0xEDA2605D,
0xEDA3605A,
0xEDA46067,
0xEDA56041,
0xEDA66059,
0xEDA76063,
0xEDA860AB,
0xEDA96106,
0xEDAA610D,
0xEDAB615D,
0xEDAC61A9,
0xEDAD619D,
0xEDAE61CB,
0xEDAF61D1,
0xEDB06206,
0xEDB18080,
0xEDB2807F,
0xEDB36C93,
0xEDB46CF6,
0xEDB56DFC,
0xEDB677F6,
0xEDB777F8,
0xEDB87800,
0xEDB97809,
0xEDBA7817,
0xEDBB7818,
0xEDBC7811,
0xEDBD65AB,
0xEDBE782D,
0xEDBF781C,
0xEDC0781D,
0xEDC17839,
0xEDC2783A,
0xEDC3783B,
0xEDC4781F,
0xEDC5783C,
0xEDC67825,
0xEDC7782C,
0xEDC87823,
0xEDC97829,
0xEDCA784E,
0xEDCB786D,
0xEDCC7856,
0xEDCD7857,
0xEDCE7826,
0xEDCF7850,
0xEDD07847,
0xEDD1784C,
0xEDD2786A,
0xEDD3789B,
0xEDD47893,
0xEDD5789A,
0xEDD67887,
0xEDD7789C,
0xEDD878A1,
0xEDD978A3,
0xEDDA78B2,
0xEDDB78B9,
0xEDDC78A5,
0xEDDD78D4,
0xEDDE78D9,
0xEDDF78C9,
0xEDE078EC,
0xEDE178F2,
0xEDE27905,
0xEDE378F4,
0xEDE47913,
0xEDE57924,
0xEDE6791E,
0xEDE77934,
0xEDE89F9B,
0xEDE99EF9,
0xEDEA9EFB,
0xEDEB9EFC,
0xEDEC76F1,
0xEDED7704,
0xEDEE770D,
0xEDEF76F9,
0xEDF07707,
0xEDF17708,
0xEDF2771A,
0xEDF37722,
0xEDF47719,
0xEDF5772D,
0xEDF67726,
0xEDF77735,
0xEDF87738,
0xEDF97750,
0xEDFA7751,
0xEDFB7747,
0xEDFC7743,
0xEDFD775A,
0xEDFE7768,
0xEE40980F,
0xEE419810,
0xEE429811,
0xEE439812,
0xEE449813,
0xEE459814,
0xEE469815,
0xEE479816,
0xEE489817,
0xEE499818,
0xEE4A9819,
0xEE4B981A,
0xEE4C981B,
0xEE4D981C,
0xEE4E981D,
0xEE4F981E,
0xEE50981F,
0xEE519820,
0xEE529821,
0xEE539822,
0xEE549823,
0xEE559824,
0xEE569825,
0xEE579826,
0xEE589827,
0xEE599828,
0xEE5A9829,
0xEE5B982A,
0xEE5C982B,
0xEE5D982C,
0xEE5E982D,
0xEE5F982E,
0xEE60982F,
0xEE619830,
0xEE629831,
0xEE639832,
0xEE649833,
0xEE659834,
0xEE669835,
0xEE679836,
0xEE689837,
0xEE699838,
0xEE6A9839,
0xEE6B983A,
0xEE6C983B,
0xEE6D983C,
0xEE6E983D,
0xEE6F983E,
0xEE70983F,
0xEE719840,
0xEE729841,
0xEE739842,
0xEE749843,
0xEE759844,
0xEE769845,
0xEE779846,
0xEE789847,
0xEE799848,
0xEE7A9849,
0xEE7B984A,
0xEE7C984B,
0xEE7D984C,
0xEE7E984D,
0xEE80984E,
0xEE81984F,
0xEE829850,
0xEE839851,
0xEE849852,
0xEE859853,
0xEE869854,
0xEE879855,
0xEE889856,
0xEE899857,
0xEE8A9858,
0xEE8B9859,
0xEE8C985A,
0xEE8D985B,
0xEE8E985C,
0xEE8F985D,
0xEE90985E,
0xEE91985F,
0xEE929860,
0xEE939861,
0xEE949862,
0xEE959863,
0xEE969864,
0xEE979865,
0xEE989866,
0xEE999867,
0xEE9A9868,
0xEE9B9869,
0xEE9C986A,
0xEE9D986B,
0xEE9E986C,
0xEE9F986D,
0xEEA0986E,
0xEEA17762,
0xEEA27765,
0xEEA3777F,
0xEEA4778D,
0xEEA5777D,
0xEEA67780,
0xEEA7778C,
0xEEA87791,
0xEEA9779F,
0xEEAA77A0,
0xEEAB77B0,
0xEEAC77B5,
0xEEAD77BD,
0xEEAE753A,
0xEEAF7540,
0xEEB0754E,
0xEEB1754B,
0xEEB27548,
0xEEB3755B,
0xEEB47572,
0xEEB57579,
0xEEB67583,
0xEEB77F58,
0xEEB87F61,
0xEEB97F5F,
0xEEBA8A48,
0xEEBB7F68,
0xEEBC7F74,
0xEEBD7F71,
0xEEBE7F79,
0xEEBF7F81,
0xEEC07F7E,
0xEEC176CD,
0xEEC276E5,
0xEEC38832,
0xEEC49485,
0xEEC59486,
0xEEC69487,
0xEEC7948B,
0xEEC8948A,
0xEEC9948C,
0xEECA948D,
0xEECB948F,
0xEECC9490,
0xEECD9494,
0xEECE9497,
0xEECF9495,
0xEED0949A,
0xEED1949B,
0xEED2949C,
0xEED394A3,
0xEED494A4,
0xEED594AB,
0xEED694AA,
0xEED794AD,
0xEED894AC,
0xEED994AF,
0xEEDA94B0,
0xEEDB94B2,
0xEEDC94B4,
0xEEDD94B6,
0xEEDE94B7,
0xEEDF94B8,
0xEEE094B9,
0xEEE194BA,
0xEEE294BC,
0xEEE394BD,
0xEEE494BF,
0xEEE594C4,
0xEEE694C8,
0xEEE794C9,
0xEEE894CA,
0xEEE994CB,
0xEEEA94CC,
0xEEEB94CD,
0xEEEC94CE,
0xEEED94D0,
0xEEEE94D1,
0xEEEF94D2,
0xEEF094D5,
0xEEF194D6,
0xEEF294D7,
0xEEF394D9,
0xEEF494D8,
0xEEF594DB,
0xEEF694DE,
0xEEF794DF,
0xEEF894E0,
0xEEF994E2,
0xEEFA94E4,
0xEEFB94E5,
0xEEFC94E7,
0xEEFD94E8,
0xEEFE94EA,
0xEF40986F,
0xEF419870,
0xEF429871,
0xEF439872,
0xEF449873,
0xEF459874,
0xEF46988B,
0xEF47988E,
0xEF489892,
0xEF499895,
0xEF4A9899,
0xEF4B98A3,
0xEF4C98A8,
0xEF4D98A9,
0xEF4E98AA,
0xEF4F98AB,
0xEF5098AC,
0xEF5198AD,
0xEF5298AE,
0xEF5398AF,
0xEF5498B0,
0xEF5598B1,
0xEF5698B2,
0xEF5798B3,
0xEF5898B4,
0xEF5998B5,
0xEF5A98B6,
0xEF5B98B7,
0xEF5C98B8,
0xEF5D98B9,
0xEF5E98BA,
0xEF5F98BB,
0xEF6098BC,
0xEF6198BD,
0xEF6298BE,
0xEF6398BF,
0xEF6498C0,
0xEF6598C1,
0xEF6698C2,
0xEF6798C3,
0xEF6898C4,
0xEF6998C5,
0xEF6A98C6,
0xEF6B98C7,
0xEF6C98C8,
0xEF6D98C9,
0xEF6E98CA,
0xEF6F98CB,
0xEF7098CC,
0xEF7198CD,
0xEF7298CF,
0xEF7398D0,
0xEF7498D4,
0xEF7598D6,
0xEF7698D7,
0xEF7798DB,
0xEF7898DC,
0xEF7998DD,
0xEF7A98E0,
0xEF7B98E1,
0xEF7C98E2,
0xEF7D98E3,
0xEF7E98E4,
0xEF8098E5,
0xEF8198E6,
0xEF8298E9,
0xEF8398EA,
0xEF8498EB,
0xEF8598EC,
0xEF8698ED,
0xEF8798EE,
0xEF8898EF,
0xEF8998F0,
0xEF8A98F1,
0xEF8B98F2,
0xEF8C98F3,
0xEF8D98F4,
0xEF8E98F5,
0xEF8F98F6,
0xEF9098F7,
0xEF9198F8,
0xEF9298F9,
0xEF9398FA,
0xEF9498FB,
0xEF9598FC,
0xEF9698FD,
0xEF9798FE,
0xEF9898FF,
0xEF999900,
0xEF9A9901,
0xEF9B9902,
0xEF9C9903,
0xEF9D9904,
0xEF9E9905,
0xEF9F9906,
0xEFA09907,
0xEFA194E9,
0xEFA294EB,
0xEFA394EE,
0xEFA494EF,
0xEFA594F3,
0xEFA694F4,
0xEFA794F5,
0xEFA894F7,
0xEFA994F9,
0xEFAA94FC,
0xEFAB94FD,
0xEFAC94FF,
0xEFAD9503,
0xEFAE9502,
0xEFAF9506,
0xEFB09507,
0xEFB19509,
0xEFB2950A,
0xEFB3950D,
0xEFB4950E,
0xEFB5950F,
0xEFB69512,
0xEFB79513,
0xEFB89514,
0xEFB99515,
0xEFBA9516,
0xEFBB9518,
0xEFBC951B,
0xEFBD951D,
0xEFBE951E,
0xEFBF951F,
0xEFC09522,
0xEFC1952A,
0xEFC2952B,
0xEFC39529,
0xEFC4952C,
0xEFC59531,
0xEFC69532,
0xEFC79534,
0xEFC89536,
0xEFC99537,
0xEFCA9538,
0xEFCB953C,
0xEFCC953E,
0xEFCD953F,
0xEFCE9542,
0xEFCF9535,
0xEFD09544,
0xEFD19545,
0xEFD29546,
0xEFD39549,
0xEFD4954C,
0xEFD5954E,
0xEFD6954F,
0xEFD79552,
0xEFD89553,
0xEFD99554,
0xEFDA9556,
0xEFDB9557,
0xEFDC9558,
0xEFDD9559,
0xEFDE955B,
0xEFDF955E,
0xEFE0955F,
0xEFE1955D,
0xEFE29561,
0xEFE39562,
0xEFE49564,
0xEFE59565,
0xEFE69566,
0xEFE79567,
0xEFE89568,
0xEFE99569,
0xEFEA956A,
0xEFEB956B,
0xEFEC956C,
0xEFED956F,
0xEFEE9571,
0xEFEF9572,
0xEFF09573,
0xEFF1953A,
0xEFF277E7,
0xEFF377EC,
0xEFF496C9,
0xEFF579D5,
0xEFF679ED,
0xEFF779E3,
0xEFF879EB,
0xEFF97A06,
0xEFFA5D47,
0xEFFB7A03,
0xEFFC7A02,
0xEFFD7A1E,
0xEFFE7A14,
0xF0409908,
0xF0419909,
0xF042990A,
0xF043990B,
0xF044990C,
0xF045990E,
0xF046990F,
0xF0479911,
0xF0489912,
0xF0499913,
0xF04A9914,
0xF04B9915,
0xF04C9916,
0xF04D9917,
0xF04E9918,
0xF04F9919,
0xF050991A,
0xF051991B,
0xF052991C,
0xF053991D,
0xF054991E,
0xF055991F,
0xF0569920,
0xF0579921,
0xF0589922,
0xF0599923,
0xF05A9924,
0xF05B9925,
0xF05C9926,
0xF05D9927,
0xF05E9928,
0xF05F9929,
0xF060992A,
0xF061992B,
0xF062992C,
0xF063992D,
0xF064992F,
0xF0659930,
0xF0669931,
0xF0679932,
0xF0689933,
0xF0699934,
0xF06A9935,
0xF06B9936,
0xF06C9937,
0xF06D9938,
0xF06E9939,
0xF06F993A,
0xF070993B,
0xF071993C,
0xF072993D,
0xF073993E,
0xF074993F,
0xF0759940,
0xF0769941,
0xF0779942,
0xF0789943,
0xF0799944,
0xF07A9945,
0xF07B9946,
0xF07C9947,
0xF07D9948,
0xF07E9949,
0xF080994A,
0xF081994B,
0xF082994C,
0xF083994D,
0xF084994E,
0xF085994F,
0xF0869950,
0xF0879951,
0xF0889952,
0xF0899953,
0xF08A9956,
0xF08B9957,
0xF08C9958,
0xF08D9959,
0xF08E995A,
0xF08F995B,
0xF090995C,
0xF091995D,
0xF092995E,
0xF093995F,
0xF0949960,
0xF0959961,
0xF0969962,
0xF0979964,
0xF0989966,
0xF0999973,
0xF09A9978,
0xF09B9979,
0xF09C997B,
0xF09D997E,
0xF09E9982,
0xF09F9983,
0xF0A09989,
0xF0A17A39,
0xF0A27A37,
0xF0A37A51,
0xF0A49ECF,
0xF0A599A5,
0xF0A67A70,
0xF0A77688,
0xF0A8768E,
0xF0A97693,
0xF0AA7699,
0xF0AB76A4,
0xF0AC74DE,
0xF0AD74E0,
0xF0AE752C,
0xF0AF9E20,
0xF0B09E22,
0xF0B19E28,
0xF0B29E29,
0xF0B39E2A,
0xF0B49E2B,
0xF0B59E2C,
0xF0B69E32,
0xF0B79E31,
0xF0B89E36,
0xF0B99E38,
0xF0BA9E37,
0xF0BB9E39,
0xF0BC9E3A,
0xF0BD9E3E,
0xF0BE9E41,
0xF0BF9E42,
0xF0C09E44,
0xF0C19E46,
0xF0C29E47,
0xF0C39E48,
0xF0C49E49,
0xF0C59E4B,
0xF0C69E4C,
0xF0C79E4E,
0xF0C89E51,
0xF0C99E55,
0xF0CA9E57,
0xF0CB9E5A,
0xF0CC9E5B,
0xF0CD9E5C,
0xF0CE9E5E,
0xF0CF9E63,
0xF0D09E66,
0xF0D19E67,
0xF0D29E68,
0xF0D39E69,
0xF0D49E6A,
0xF0D59E6B,
0xF0D69E6C,
0xF0D79E71,
0xF0D89E6D,
0xF0D99E73,
0xF0DA7592,
0xF0DB7594,
0xF0DC7596,
0xF0DD75A0,
0xF0DE759D,
0xF0DF75AC,
0xF0E075A3,
0xF0E175B3,
0xF0E275B4,
0xF0E375B8,
0xF0E475C4,
0xF0E575B1,
0xF0E675B0,
0xF0E775C3,
0xF0E875C2,
0xF0E975D6,
0xF0EA75CD,
0xF0EB75E3,
0xF0EC75E8,
0xF0ED75E6,
0xF0EE75E4,
0xF0EF75EB,
0xF0F075E7,
0xF0F17603,
0xF0F275F1,
0xF0F375FC,
0xF0F475FF,
0xF0F57610,
0xF0F67600,
0xF0F77605,
0xF0F8760C,
0xF0F97617,
0xF0FA760A,
0xF0FB7625,
0xF0FC7618,
0xF0FD7615,
0xF0FE7619,
0xF140998C,
0xF141998E,
0xF142999A,
0xF143999B,
0xF144999C,
0xF145999D,
0xF146999E,
0xF147999F,
0xF14899A0,
0xF14999A1,
0xF14A99A2,
0xF14B99A3,
0xF14C99A4,
0xF14D99A6,
0xF14E99A7,
0xF14F99A9,
0xF15099AA,
0xF15199AB,
0xF15299AC,
0xF15399AD,
0xF15499AE,
0xF15599AF,
0xF15699B0,
0xF15799B1,
0xF15899B2,
0xF15999B3,
0xF15A99B4,
0xF15B99B5,
0xF15C99B6,
0xF15D99B7,
0xF15E99B8,
0xF15F99B9,
0xF16099BA,
0xF16199BB,
0xF16299BC,
0xF16399BD,
0xF16499BE,
0xF16599BF,
0xF16699C0,
0xF16799C1,
0xF16899C2,
0xF16999C3,
0xF16A99C4,
0xF16B99C5,
0xF16C99C6,
0xF16D99C7,
0xF16E99C8,
0xF16F99C9,
0xF17099CA,
0xF17199CB,
0xF17299CC,
0xF17399CD,
0xF17499CE,
0xF17599CF,
0xF17699D0,
0xF17799D1,
0xF17899D2,
0xF17999D3,
0xF17A99D4,
0xF17B99D5,
0xF17C99D6,
0xF17D99D7,
0xF17E99D8,
0xF18099D9,
0xF18199DA,
0xF18299DB,
0xF18399DC,
0xF18499DD,
0xF18599DE,
0xF18699DF,
0xF18799E0,
0xF18899E1,
0xF18999E2,
0xF18A99E3,
0xF18B99E4,
0xF18C99E5,
0xF18D99E6,
0xF18E99E7,
0xF18F99E8,
0xF19099E9,
0xF19199EA,
0xF19299EB,
0xF19399EC,
0xF19499ED,
0xF19599EE,
0xF19699EF,
0xF19799F0,
0xF19899F1,
0xF19999F2,
0xF19A99F3,
0xF19B99F4,
0xF19C99F5,
0xF19D99F6,
0xF19E99F7,
0xF19F99F8,
0xF1A099F9,
0xF1A1761B,
0xF1A2763C,
0xF1A37622,
0xF1A47620,
0xF1A57640,
0xF1A6762D,
0xF1A77630,
0xF1A8763F,
0xF1A97635,
0xF1AA7643,
0xF1AB763E,
0xF1AC7633,
0xF1AD764D,
0xF1AE765E,
0xF1AF7654,
0xF1B0765C,
0xF1B17656,
0xF1B2766B,
0xF1B3766F,
0xF1B47FCA,
0xF1B57AE6,
0xF1B67A78,
0xF1B77A79,
0xF1B87A80,
0xF1B97A86,
0xF1BA7A88,
0xF1BB7A95,
0xF1BC7AA6,
0xF1BD7AA0,
0xF1BE7AAC,
0xF1BF7AA8,
0xF1C07AAD,
0xF1C17AB3,
0xF1C28864,
0xF1C38869,
0xF1C48872,
0xF1C5887D,
0xF1C6887F,
0xF1C78882,
0xF1C888A2,
0xF1C988C6,
0xF1CA88B7,
0xF1CB88BC,
0xF1CC88C9,
0xF1CD88E2,
0xF1CE88CE,
0xF1CF88E3,
0xF1D088E5,
0xF1D188F1,
0xF1D2891A,
0xF1D388FC,
0xF1D488E8,
0xF1D588FE,
0xF1D688F0,
0xF1D78921,
0xF1D88919,
0xF1D98913,
0xF1DA891B,
0xF1DB890A,
0xF1DC8934,
0xF1DD892B,
0xF1DE8936,
0xF1DF8941,
0xF1E08966,
0xF1E1897B,
0xF1E2758B,
0xF1E380E5,
0xF1E476B2,
0xF1E576B4,
0xF1E677DC,
0xF1E78012,
0xF1E88014,
0xF1E98016,
0xF1EA801C,
0xF1EB8020,
0xF1EC8022,
0xF1ED8025,
0xF1EE8026,
0xF1EF8027,
0xF1F08029,
0xF1F18028,
0xF1F28031,
0xF1F3800B,
0xF1F48035,
0xF1F58043,
0xF1F68046,
0xF1F7804D,
0xF1F88052,
0xF1F98069,
0xF1FA8071,
0xF1FB8983,
0xF1FC9878,
0xF1FD9880,
0xF1FE9883,
0xF24099FA,
0xF24199FB,
0xF24299FC,
0xF24399FD,
0xF24499FE,
0xF24599FF,
0xF2469A00,
0xF2479A01,
0xF2489A02,
0xF2499A03,
0xF24A9A04,
0xF24B9A05,
0xF24C9A06,
0xF24D9A07,
0xF24E9A08,
0xF24F9A09,
0xF2509A0A,
0xF2519A0B,
0xF2529A0C,
0xF2539A0D,
0xF2549A0E,
0xF2559A0F,
0xF2569A10,
0xF2579A11,
0xF2589A12,
0xF2599A13,
0xF25A9A14,
0xF25B9A15,
0xF25C9A16,
0xF25D9A17,
0xF25E9A18,
0xF25F9A19,
0xF2609A1A,
0xF2619A1B,
0xF2629A1C,
0xF2639A1D,
0xF2649A1E,
0xF2659A1F,
0xF2669A20,
0xF2679A21,
0xF2689A22,
0xF2699A23,
0xF26A9A24,
0xF26B9A25,
0xF26C9A26,
0xF26D9A27,
0xF26E9A28,
0xF26F9A29,
0xF2709A2A,
0xF2719A2B,
0xF2729A2C,
0xF2739A2D,
0xF2749A2E,
0xF2759A2F,
0xF2769A30,
0xF2779A31,
0xF2789A32,
0xF2799A33,
0xF27A9A34,
0xF27B9A35,
0xF27C9A36,
0xF27D9A37,
0xF27E9A38,
0xF2809A39,
0xF2819A3A,
0xF2829A3B,
0xF2839A3C,
0xF2849A3D,
0xF2859A3E,
0xF2869A3F,
0xF2879A40,
0xF2889A41,
0xF2899A42,
0xF28A9A43,
0xF28B9A44,
0xF28C9A45,
0xF28D9A46,
0xF28E9A47,
0xF28F9A48,
0xF2909A49,
0xF2919A4A,
0xF2929A4B,
0xF2939A4C,
0xF2949A4D,
0xF2959A4E,
0xF2969A4F,
0xF2979A50,
0xF2989A51,
0xF2999A52,
0xF29A9A53,
0xF29B9A54,
0xF29C9A55,
0xF29D9A56,
0xF29E9A57,
0xF29F9A58,
0xF2A09A59,
0xF2A19889,
0xF2A2988C,
0xF2A3988D,
0xF2A4988F,
0xF2A59894,
0xF2A6989A,
0xF2A7989B,
0xF2A8989E,
0xF2A9989F,
0xF2AA98A1,
0xF2AB98A2,
0xF2AC98A5,
0xF2AD98A6,
0xF2AE864D,
0xF2AF8654,
0xF2B0866C,
0xF2B1866E,
0xF2B2867F,
0xF2B3867A,
0xF2B4867C,
0xF2B5867B,
0xF2B686A8,
0xF2B7868D,
0xF2B8868B,
0xF2B986AC,
0xF2BA869D,
0xF2BB86A7,
0xF2BC86A3,
0xF2BD86AA,
0xF2BE8693,
0xF2BF86A9,
0xF2C086B6,
0xF2C186C4,
0xF2C286B5,
0xF2C386CE,
0xF2C486B0,
0xF2C586BA,
0xF2C686B1,
0xF2C786AF,
0xF2C886C9,
0xF2C986CF,
0xF2CA86B4,
0xF2CB86E9,
0xF2CC86F1,
0xF2CD86F2,
0xF2CE86ED,
0xF2CF86F3,
0xF2D086D0,
0xF2D18713,
0xF2D286DE,
0xF2D386F4,
0xF2D486DF,
0xF2D586D8,
0xF2D686D1,
0xF2D78703,
0xF2D88707,
0xF2D986F8,
0xF2DA8708,
0xF2DB870A,
0xF2DC870D,
0xF2DD8709,
0xF2DE8723,
0xF2DF873B,
0xF2E0871E,
0xF2E18725,
0xF2E2872E,
0xF2E3871A,
0xF2E4873E,
0xF2E58748,
0xF2E68734,
0xF2E78731,
0xF2E88729,
0xF2E98737,
0xF2EA873F,
0xF2EB8782,
0xF2EC8722,
0xF2ED877D,
0xF2EE877E,
0xF2EF877B,
0xF2F08760,
0xF2F18770,
0xF2F2874C,
0xF2F3876E,
0xF2F4878B,
0xF2F58753,
0xF2F68763,
0xF2F7877C,
0xF2F88764,
0xF2F98759,
0xF2FA8765,
0xF2FB8793,
0xF2FC87AF,
0xF2FD87A8,
0xF2FE87D2,
0xF3409A5A,
0xF3419A5B,
0xF3429A5C,
0xF3439A5D,
0xF3449A5E,
0xF3459A5F,
0xF3469A60,
0xF3479A61,
0xF3489A62,
0xF3499A63,
0xF34A9A64,
0xF34B9A65,
0xF34C9A66,
0xF34D9A67,
0xF34E9A68,
0xF34F9A69,
0xF3509A6A,
0xF3519A6B,
0xF3529A72,
0xF3539A83,
0xF3549A89,
0xF3559A8D,
0xF3569A8E,
0xF3579A94,
0xF3589A95,
0xF3599A99,
0xF35A9AA6,
0xF35B9AA9,
0xF35C9AAA,
0xF35D9AAB,
0xF35E9AAC,
0xF35F9AAD,
0xF3609AAE,
0xF3619AAF,
0xF3629AB2,
0xF3639AB3,
0xF3649AB4,
0xF3659AB5,
0xF3669AB9,
0xF3679ABB,
0xF3689ABD,
0xF3699ABE,
0xF36A9ABF,
0xF36B9AC3,
0xF36C9AC4,
0xF36D9AC6,
0xF36E9AC7,
0xF36F9AC8,
0xF3709AC9,
0xF3719ACA,
0xF3729ACD,
0xF3739ACE,
0xF3749ACF,
0xF3759AD0,
0xF3769AD2,
0xF3779AD4,
0xF3789AD5,
0xF3799AD6,
0xF37A9AD7,
0xF37B9AD9,
0xF37C9ADA,
0xF37D9ADB,
0xF37E9ADC,
0xF3809ADD,
0xF3819ADE,
0xF3829AE0,
0xF3839AE2,
0xF3849AE3,
0xF3859AE4,
0xF3869AE5,
0xF3879AE7,
0xF3889AE8,
0xF3899AE9,
0xF38A9AEA,
0xF38B9AEC,
0xF38C9AEE,
0xF38D9AF0,
0xF38E9AF1,
0xF38F9AF2,
0xF3909AF3,
0xF3919AF4,
0xF3929AF5,
0xF3939AF6,
0xF3949AF7,
0xF3959AF8,
0xF3969AFA,
0xF3979AFC,
0xF3989AFD,
0xF3999AFE,
0xF39A9AFF,
0xF39B9B00,
0xF39C9B01,
0xF39D9B02,
0xF39E9B04,
0xF39F9B05,
0xF3A09B06,
0xF3A187C6,
0xF3A28788,
0xF3A38785,
0xF3A487AD,
0xF3A58797,
0xF3A68783,
0xF3A787AB,
0xF3A887E5,
0xF3A987AC,
0xF3AA87B5,
0xF3AB87B3,
0xF3AC87CB,
0xF3AD87D3,
0xF3AE87BD,
0xF3AF87D1,
0xF3B087C0,
0xF3B187CA,
0xF3B287DB,
0xF3B387EA,
0xF3B487E0,
0xF3B587EE,
0xF3B68816,
0xF3B78813,
0xF3B887FE,
0xF3B9880A,
0xF3BA881B,
0xF3BB8821,
0xF3BC8839,
0xF3BD883C,
0xF3BE7F36,
0xF3BF7F42,
0xF3C07F44,
0xF3C17F45,
0xF3C28210,
0xF3C37AFA,
0xF3C47AFD,
0xF3C57B08,
0xF3C67B03,
0xF3C77B04,
0xF3C87B15,
0xF3C97B0A,
0xF3CA7B2B,
0xF3CB7B0F,
0xF3CC7B47,
0xF3CD7B38,
0xF3CE7B2A,
0xF3CF7B19,
0xF3D07B2E,
0xF3D17B31,
0xF3D27B20,
0xF3D37B25,
0xF3D47B24,
0xF3D57B33,
0xF3D67B3E,
0xF3D77B1E,
0xF3D87B58,
0xF3D97B5A,
0xF3DA7B45,
0xF3DB7B75,
0xF3DC7B4C,
0xF3DD7B5D,
0xF3DE7B60,
0xF3DF7B6E,
0xF3E07B7B,
0xF3E17B62,
0xF3E27B72,
0xF3E37B71,
0xF3E47B90,
0xF3E57BA6,
0xF3E67BA7,
0xF3E77BB8,
0xF3E87BAC,
0xF3E97B9D,
0xF3EA7BA8,
0xF3EB7B85,
0xF3EC7BAA,
0xF3ED7B9C,
0xF3EE7BA2,
0xF3EF7BAB,
0xF3F07BB4,
0xF3F17BD1,
0xF3F27BC1,
0xF3F37BCC,
0xF3F47BDD,
0xF3F57BDA,
0xF3F67BE5,
0xF3F77BE6,
0xF3F87BEA,
0xF3F97C0C,
0xF3FA7BFE,
0xF3FB7BFC,
0xF3FC7C0F,
0xF3FD7C16,
0xF3FE7C0B,
0xF4409B07,
0xF4419B09,
0xF4429B0A,
0xF4439B0B,
0xF4449B0C,
0xF4459B0D,
0xF4469B0E,
0xF4479B10,
0xF4489B11,
0xF4499B12,
0xF44A9B14,
0xF44B9B15,
0xF44C9B16,
0xF44D9B17,
0xF44E9B18,
0xF44F9B19,
0xF4509B1A,
0xF4519B1B,
0xF4529B1C,
0xF4539B1D,
0xF4549B1E,
0xF4559B20,
0xF4569B21,
0xF4579B22,
0xF4589B24,
0xF4599B25,
0xF45A9B26,
0xF45B9B27,
0xF45C9B28,
0xF45D9B29,
0xF45E9B2A,
0xF45F9B2B,
0xF4609B2C,
0xF4619B2D,
0xF4629B2E,
0xF4639B30,
0xF4649B31,
0xF4659B33,
0xF4669B34,
0xF4679B35,
0xF4689B36,
0xF4699B37,
0xF46A9B38,
0xF46B9B39,
0xF46C9B3A,
0xF46D9B3D,
0xF46E9B3E,
0xF46F9B3F,
0xF4709B40,
0xF4719B46,
0xF4729B4A,
0xF4739B4B,
0xF4749B4C,
0xF4759B4E,
0xF4769B50,
0xF4779B52,
0xF4789B53,
0xF4799B55,
0xF47A9B56,
0xF47B9B57,
0xF47C9B58,
0xF47D9B59,
0xF47E9B5A,
0xF4809B5B,
0xF4819B5C,
0xF4829B5D,
0xF4839B5E,
0xF4849B5F,
0xF4859B60,
0xF4869B61,
0xF4879B62,
0xF4889B63,
0xF4899B64,
0xF48A9B65,
0xF48B9B66,
0xF48C9B67,
0xF48D9B68,
0xF48E9B69,
0xF48F9B6A,
0xF4909B6B,
0xF4919B6C,
0xF4929B6D,
0xF4939B6E,
0xF4949B6F,
0xF4959B70,
0xF4969B71,
0xF4979B72,
0xF4989B73,
0xF4999B74,
0xF49A9B75,
0xF49B9B76,
0xF49C9B77,
0xF49D9B78,
0xF49E9B79,
0xF49F9B7A,
0xF4A09B7B,
0xF4A17C1F,
0xF4A27C2A,
0xF4A37C26,
0xF4A47C38,
0xF4A57C41,
0xF4A67C40,
0xF4A781FE,
0xF4A88201,
0xF4A98202,
0xF4AA8204,
0xF4AB81EC,
0xF4AC8844,
0xF4AD8221,
0xF4AE8222,
0xF4AF8223,
0xF4B0822D,
0xF4B1822F,
0xF4B28228,
0xF4B3822B,
0xF4B48238,
0xF4B5823B,
0xF4B68233,
0xF4B78234,
0xF4B8823E,
0xF4B98244,
0xF4BA8249,
0xF4BB824B,
0xF4BC824F,
0xF4BD825A,
0xF4BE825F,
0xF4BF8268,
0xF4C0887E,
0xF4C18885,
0xF4C28888,
0xF4C388D8,
0xF4C488DF,
0xF4C5895E,
0xF4C67F9D,
0xF4C77F9F,
0xF4C87FA7,
0xF4C97FAF,
0xF4CA7FB0,
0xF4CB7FB2,
0xF4CC7C7C,
0xF4CD6549,
0xF4CE7C91,
0xF4CF7C9D,
0xF4D07C9C,
0xF4D17C9E,
0xF4D27CA2,
0xF4D37CB2,
0xF4D47CBC,
0xF4D57CBD,
0xF4D67CC1,
0xF4D77CC7,
0xF4D87CCC,
0xF4D97CCD,
0xF4DA7CC8,
0xF4DB7CC5,
0xF4DC7CD7,
0xF4DD7CE8,
0xF4DE826E,
0xF4DF66A8,
0xF4E07FBF,
0xF4E17FCE,
0xF4E27FD5,
0xF4E37FE5,
0xF4E47FE1,
0xF4E57FE6,
0xF4E67FE9,
0xF4E77FEE,
0xF4E87FF3,
0xF4E97CF8,
0xF4EA7D77,
0xF4EB7DA6,
0xF4EC7DAE,
0xF4ED7E47,
0xF4EE7E9B,
0xF4EF9EB8,
0xF4F09EB4,
0xF4F18D73,
0xF4F28D84,
0xF4F38D94,
0xF4F48D91,
0xF4F58DB1,
0xF4F68D67,
0xF4F78D6D,
0xF4F88C47,
0xF4F98C49,
0xF4FA914A,
0xF4FB9150,
0xF4FC914E,
0xF4FD914F,
0xF4FE9164,
0xF5409B7C,
0xF5419B7D,
0xF5429B7E,
0xF5439B7F,
0xF5449B80,
0xF5459B81,
0xF5469B82,
0xF5479B83,
0xF5489B84,
0xF5499B85,
0xF54A9B86,
0xF54B9B87,
0xF54C9B88,
0xF54D9B89,
0xF54E9B8A,
0xF54F9B8B,
0xF5509B8C,
0xF5519B8D,
0xF5529B8E,
0xF5539B8F,
0xF5549B90,
0xF5559B91,
0xF5569B92,
0xF5579B93,
0xF5589B94,
0xF5599B95,
0xF55A9B96,
0xF55B9B97,
0xF55C9B98,
0xF55D9B99,
0xF55E9B9A,
0xF55F9B9B,
0xF5609B9C,
0xF5619B9D,
0xF5629B9E,
0xF5639B9F,
0xF5649BA0,
0xF5659BA1,
0xF5669BA2,
0xF5679BA3,
0xF5689BA4,
0xF5699BA5,
0xF56A9BA6,
0xF56B9BA7,
0xF56C9BA8,
0xF56D9BA9,
0xF56E9BAA,
0xF56F9BAB,
0xF5709BAC,
0xF5719BAD,
0xF5729BAE,
0xF5739BAF,
0xF5749BB0,
0xF5759BB1,
0xF5769BB2,
0xF5779BB3,
0xF5789BB4,
0xF5799BB5,
0xF57A9BB6,
0xF57B9BB7,
0xF57C9BB8,
0xF57D9BB9,
0xF57E9BBA,
0xF5809BBB,
0xF5819BBC,
0xF5829BBD,
0xF5839BBE,
0xF5849BBF,
0xF5859BC0,
0xF5869BC1,
0xF5879BC2,
0xF5889BC3,
0xF5899BC4,
0xF58A9BC5,
0xF58B9BC6,
0xF58C9BC7,
0xF58D9BC8,
0xF58E9BC9,
0xF58F9BCA,
0xF5909BCB,
0xF5919BCC,
0xF5929BCD,
0xF5939BCE,
0xF5949BCF,
0xF5959BD0,
0xF5969BD1,
0xF5979BD2,
0xF5989BD3,
0xF5999BD4,
0xF59A9BD5,
0xF59B9BD6,
0xF59C9BD7,
0xF59D9BD8,
0xF59E9BD9,
0xF59F9BDA,
0xF5A09BDB,
0xF5A19162,
0xF5A29161,
0xF5A39170,
0xF5A49169,
0xF5A5916F,
0xF5A6917D,
0xF5A7917E,
0xF5A89172,
0xF5A99174,
0xF5AA9179,
0xF5AB918C,
0xF5AC9185,
0xF5AD9190,
0xF5AE918D,
0xF5AF9191,
0xF5B091A2,
0xF5B191A3,
0xF5B291AA,
0xF5B391AD,
0xF5B491AE,
0xF5B591AF,
0xF5B691B5,
0xF5B791B4,
0xF5B891BA,
0xF5B98C55,
0xF5BA9E7E,
0xF5BB8DB8,
0xF5BC8DEB,
0xF5BD8E05,
0xF5BE8E59,
0xF5BF8E69,
0xF5C08DB5,
0xF5C18DBF,
0xF5C28DBC,
0xF5C38DBA,
0xF5C48DC4,
0xF5C58DD6,
0xF5C68DD7,
0xF5C78DDA,
0xF5C88DDE,
0xF5C98DCE,
0xF5CA8DCF,
0xF5CB8DDB,
0xF5CC8DC6,
0xF5CD8DEC,
0xF5CE8DF7,
0xF5CF8DF8,
0xF5D08DE3,
0xF5D18DF9,
0xF5D28DFB,
0xF5D38DE4,
0xF5D48E09,
0xF5D58DFD,
0xF5D68E14,
0xF5D78E1D,
0xF5D88E1F,
0xF5D98E2C,
0xF5DA8E2E,
0xF5DB8E23,
0xF5DC8E2F,
0xF5DD8E3A,
0xF5DE8E40,
0xF5DF8E39,
0xF5E08E35,
0xF5E18E3D,
0xF5E28E31,
0xF5E38E49,
0xF5E48E41,
0xF5E58E42,
0xF5E68E51,
0xF5E78E52,
0xF5E88E4A,
0xF5E98E70,
0xF5EA8E76,
0xF5EB8E7C,
0xF5EC8E6F,
0xF5ED8E74,
0xF5EE8E85,
0xF5EF8E8F,
0xF5F08E94,
0xF5F18E90,
0xF5F28E9C,
0xF5F38E9E,
0xF5F48C78,
0xF5F58C82,
0xF5F68C8A,
0xF5F78C85,
0xF5F88C98,
0xF5F98C94,
0xF5FA659B,
0xF5FB89D6,
0xF5FC89DE,
0xF5FD89DA,
0xF5FE89DC,
0xF6409BDC,
0xF6419BDD,
0xF6429BDE,
0xF6439BDF,
0xF6449BE0,
0xF6459BE1,
0xF6469BE2,
0xF6479BE3,
0xF6489BE4,
0xF6499BE5,
0xF64A9BE6,
0xF64B9BE7,
0xF64C9BE8,
0xF64D9BE9,
0xF64E9BEA,
0xF64F9BEB,
0xF6509BEC,
0xF6519BED,
0xF6529BEE,
0xF6539BEF,
0xF6549BF0,
0xF6559BF1,
0xF6569BF2,
0xF6579BF3,
0xF6589BF4,
0xF6599BF5,
0xF65A9BF6,
0xF65B9BF7,
0xF65C9BF8,
0xF65D9BF9,
0xF65E9BFA,
0xF65F9BFB,
0xF6609BFC,
0xF6619BFD,
0xF6629BFE,
0xF6639BFF,
0xF6649C00,
0xF6659C01,
0xF6669C02,
0xF6679C03,
0xF6689C04,
0xF6699C05,
0xF66A9C06,
0xF66B9C07,
0xF66C9C08,
0xF66D9C09,
0xF66E9C0A,
0xF66F9C0B,
0xF6709C0C,
0xF6719C0D,
0xF6729C0E,
0xF6739C0F,
0xF6749C10,
0xF6759C11,
0xF6769C12,
0xF6779C13,
0xF6789C14,
0xF6799C15,
0xF67A9C16,
0xF67B9C17,
0xF67C9C18,
0xF67D9C19,
0xF67E9C1A,
0xF6809C1B,
0xF6819C1C,
0xF6829C1D,
0xF6839C1E,
0xF6849C1F,
0xF6859C20,
0xF6869C21,
0xF6879C22,
0xF6889C23,
0xF6899C24,
0xF68A9C25,
0xF68B9C26,
0xF68C9C27,
0xF68D9C28,
0xF68E9C29,
0xF68F9C2A,
0xF6909C2B,
0xF6919C2C,
0xF6929C2D,
0xF6939C2E,
0xF6949C2F,
0xF6959C30,
0xF6969C31,
0xF6979C32,
0xF6989C33,
0xF6999C34,
0xF69A9C35,
0xF69B9C36,
0xF69C9C37,
0xF69D9C38,
0xF69E9C39,
0xF69F9C3A,
0xF6A09C3B,
0xF6A189E5,
0xF6A289EB,
0xF6A389EF,
0xF6A48A3E,
0xF6A58B26,
0xF6A69753,
0xF6A796E9,
0xF6A896F3,
0xF6A996EF,
0xF6AA9706,
0xF6AB9701,
0xF6AC9708,
0xF6AD970F,
0xF6AE970E,
0xF6AF972A,
0xF6B0972D,
0xF6B19730,
0xF6B2973E,
0xF6B39F80,
0xF6B49F83,
0xF6B59F85,
0xF6B69F86,
0xF6B79F87,
0xF6B89F88,
0xF6B99F89,
0xF6BA9F8A,
0xF6BB9F8C,
0xF6BC9EFE,
0xF6BD9F0B,
0xF6BE9F0D,
0xF6BF96B9,
0xF6C096BC,
0xF6C196BD,
0xF6C296CE,
0xF6C396D2,
0xF6C477BF,
0xF6C596E0,
0xF6C6928E,
0xF6C792AE,
0xF6C892C8,
0xF6C9933E,
0xF6CA936A,
0xF6CB93CA,
0xF6CC938F,
0xF6CD943E,
0xF6CE946B,
0xF6CF9C7F,
0xF6D09C82,
0xF6D19C85,
0xF6D29C86,
0xF6D39C87,
0xF6D49C88,
0xF6D57A23,
0xF6D69C8B,
0xF6D79C8E,
0xF6D89C90,
0xF6D99C91,
0xF6DA9C92,
0xF6DB9C94,
0xF6DC9C95,
0xF6DD9C9A,
0xF6DE9C9B,
0xF6DF9C9E,
0xF6E09C9F,
0xF6E19CA0,
0xF6E29CA1,
0xF6E39CA2,
0xF6E49CA3,
0xF6E59CA5,
0xF6E69CA6,
0xF6E79CA7,
0xF6E89CA8,
0xF6E99CA9,
0xF6EA9CAB,
0xF6EB9CAD,
0xF6EC9CAE,
0xF6ED9CB0,
0xF6EE9CB1,
0xF6EF9CB2,
0xF6F09CB3,
0xF6F19CB4,
0xF6F29CB5,
0xF6F39CB6,
0xF6F49CB7,
0xF6F59CBA,
0xF6F69CBB,
0xF6F79CBC,
0xF6F89CBD,
0xF6F99CC4,
0xF6FA9CC5,
0xF6FB9CC6,
0xF6FC9CC7,
0xF6FD9CCA,
0xF6FE9CCB,
0xF7409C3C,
0xF7419C3D,
0xF7429C3E,
0xF7439C3F,
0xF7449C40,
0xF7459C41,
0xF7469C42,
0xF7479C43,
0xF7489C44,
0xF7499C45,
0xF74A9C46,
0xF74B9C47,
0xF74C9C48,
0xF74D9C49,
0xF74E9C4A,
0xF74F9C4B,
0xF7509C4C,
0xF7519C4D,
0xF7529C4E,
0xF7539C4F,
0xF7549C50,
0xF7559C51,
0xF7569C52,
0xF7579C53,
0xF7589C54,
0xF7599C55,
0xF75A9C56,
0xF75B9C57,
0xF75C9C58,
0xF75D9C59,
0xF75E9C5A,
0xF75F9C5B,
0xF7609C5C,
0xF7619C5D,
0xF7629C5E,
0xF7639C5F,
0xF7649C60,
0xF7659C61,
0xF7669C62,
0xF7679C63,
0xF7689C64,
0xF7699C65,
0xF76A9C66,
0xF76B9C67,
0xF76C9C68,
0xF76D9C69,
0xF76E9C6A,
0xF76F9C6B,
0xF7709C6C,
0xF7719C6D,
0xF7729C6E,
0xF7739C6F,
0xF7749C70,
0xF7759C71,
0xF7769C72,
0xF7779C73,
0xF7789C74,
0xF7799C75,
0xF77A9C76,
0xF77B9C77,
0xF77C9C78,
0xF77D9C79,
0xF77E9C7A,
0xF7809C7B,
0xF7819C7D,
0xF7829C7E,
0xF7839C80,
0xF7849C83,
0xF7859C84,
0xF7869C89,
0xF7879C8A,
0xF7889C8C,
0xF7899C8F,
0xF78A9C93,
0xF78B9C96,
0xF78C9C97,
0xF78D9C98,
0xF78E9C99,
0xF78F9C9D,
0xF7909CAA,
0xF7919CAC,
0xF7929CAF,
0xF7939CB9,
0xF7949CBE,
0xF7959CBF,
0xF7969CC0,
0xF7979CC1,
0xF7989CC2,
0xF7999CC8,
0xF79A9CC9,
0xF79B9CD1,
0xF79C9CD2,
0xF79D9CDA,
0xF79E9CDB,
0xF79F9CE0,
0xF7A09CE1,
0xF7A19CCC,
0xF7A29CCD,
0xF7A39CCE,
0xF7A49CCF,
0xF7A59CD0,
0xF7A69CD3,
0xF7A79CD4,
0xF7A89CD5,
0xF7A99CD7,
0xF7AA9CD8,
0xF7AB9CD9,
0xF7AC9CDC,
0xF7AD9CDD,
0xF7AE9CDF,
0xF7AF9CE2,
0xF7B0977C,
0xF7B19785,
0xF7B29791,
0xF7B39792,
0xF7B49794,
0xF7B597AF,
0xF7B697AB,
0xF7B797A3,
0xF7B897B2,
0xF7B997B4,
0xF7BA9AB1,
0xF7BB9AB0,
0xF7BC9AB7,
0xF7BD9E58,
0xF7BE9AB6,
0xF7BF9ABA,
0xF7C09ABC,
0xF7C19AC1,
0xF7C29AC0,
0xF7C39AC5,
0xF7C49AC2,
0xF7C59ACB,
0xF7C69ACC,
0xF7C79AD1,
0xF7C89B45,
0xF7C99B43,
0xF7CA9B47,
0xF7CB9B49,
0xF7CC9B48,
0xF7CD9B4D,
0xF7CE9B51,
0xF7CF98E8,
0xF7D0990D,
0xF7D1992E,
0xF7D29955,
0xF7D39954,
0xF7D49ADF,
0xF7D59AE1,
0xF7D69AE6,
0xF7D79AEF,
0xF7D89AEB,
0xF7D99AFB,
0xF7DA9AED,
0xF7DB9AF9,
0xF7DC9B08,
0xF7DD9B0F,
0xF7DE9B13,
0xF7DF9B1F,
0xF7E09B23,
0xF7E19EBD,
0xF7E29EBE,
0xF7E37E3B,
0xF7E49E82,
0xF7E59E87,
0xF7E69E88,
0xF7E79E8B,
0xF7E89E92,
0xF7E993D6,
0xF7EA9E9D,
0xF7EB9E9F,
0xF7EC9EDB,
0xF7ED9EDC,
0xF7EE9EDD,
0xF7EF9EE0,
0xF7F09EDF,
0xF7F19EE2,
0xF7F29EE9,
0xF7F39EE7,
0xF7F49EE5,
0xF7F59EEA,
0xF7F69EEF,
0xF7F79F22,
0xF7F89F2C,
0xF7F99F2F,
0xF7FA9F39,
0xF7FB9F37,
0xF7FC9F3D,
0xF7FD9F3E,
0xF7FE9F44,
0xF8409CE3,
0xF8419CE4,
0xF8429CE5,
0xF8439CE6,
0xF8449CE7,
0xF8459CE8,
0xF8469CE9,
0xF8479CEA,
0xF8489CEB,
0xF8499CEC,
0xF84A9CED,
0xF84B9CEE,
0xF84C9CEF,
0xF84D9CF0,
0xF84E9CF1,
0xF84F9CF2,
0xF8509CF3,
0xF8519CF4,
0xF8529CF5,
0xF8539CF6,
0xF8549CF7,
0xF8559CF8,
0xF8569CF9,
0xF8579CFA,
0xF8589CFB,
0xF8599CFC,
0xF85A9CFD,
0xF85B9CFE,
0xF85C9CFF,
0xF85D9D00,
0xF85E9D01,
0xF85F9D02,
0xF8609D03,
0xF8619D04,
0xF8629D05,
0xF8639D06,
0xF8649D07,
0xF8659D08,
0xF8669D09,
0xF8679D0A,
0xF8689D0B,
0xF8699D0C,
0xF86A9D0D,
0xF86B9D0E,
0xF86C9D0F,
0xF86D9D10,
0xF86E9D11,
0xF86F9D12,
0xF8709D13,
0xF8719D14,
0xF8729D15,
0xF8739D16,
0xF8749D17,
0xF8759D18,
0xF8769D19,
0xF8779D1A,
0xF8789D1B,
0xF8799D1C,
0xF87A9D1D,
0xF87B9D1E,
0xF87C9D1F,
0xF87D9D20,
0xF87E9D21,
0xF8809D22,
0xF8819D23,
0xF8829D24,
0xF8839D25,
0xF8849D26,
0xF8859D27,
0xF8869D28,
0xF8879D29,
0xF8889D2A,
0xF8899D2B,
0xF88A9D2C,
0xF88B9D2D,
0xF88C9D2E,
0xF88D9D2F,
0xF88E9D30,
0xF88F9D31,
0xF8909D32,
0xF8919D33,
0xF8929D34,
0xF8939D35,
0xF8949D36,
0xF8959D37,
0xF8969D38,
0xF8979D39,
0xF8989D3A,
0xF8999D3B,
0xF89A9D3C,
0xF89B9D3D,
0xF89C9D3E,
0xF89D9D3F,
0xF89E9D40,
0xF89F9D41,
0xF8A09D42,
0xF9409D43,
0xF9419D44,
0xF9429D45,
0xF9439D46,
0xF9449D47,
0xF9459D48,
0xF9469D49,
0xF9479D4A,
0xF9489D4B,
0xF9499D4C,
0xF94A9D4D,
0xF94B9D4E,
0xF94C9D4F,
0xF94D9D50,
0xF94E9D51,
0xF94F9D52,
0xF9509D53,
0xF9519D54,
0xF9529D55,
0xF9539D56,
0xF9549D57,
0xF9559D58,
0xF9569D59,
0xF9579D5A,
0xF9589D5B,
0xF9599D5C,
0xF95A9D5D,
0xF95B9D5E,
0xF95C9D5F,
0xF95D9D60,
0xF95E9D61,
0xF95F9D62,
0xF9609D63,
0xF9619D64,
0xF9629D65,
0xF9639D66,
0xF9649D67,
0xF9659D68,
0xF9669D69,
0xF9679D6A,
0xF9689D6B,
0xF9699D6C,
0xF96A9D6D,
0xF96B9D6E,
0xF96C9D6F,
0xF96D9D70,
0xF96E9D71,
0xF96F9D72,
0xF9709D73,
0xF9719D74,
0xF9729D75,
0xF9739D76,
0xF9749D77,
0xF9759D78,
0xF9769D79,
0xF9779D7A,
0xF9789D7B,
0xF9799D7C,
0xF97A9D7D,
0xF97B9D7E,
0xF97C9D7F,
0xF97D9D80,
0xF97E9D81,
0xF9809D82,
0xF9819D83,
0xF9829D84,
0xF9839D85,
0xF9849D86,
0xF9859D87,
0xF9869D88,
0xF9879D89,
0xF9889D8A,
0xF9899D8B,
0xF98A9D8C,
0xF98B9D8D,
0xF98C9D8E,
0xF98D9D8F,
0xF98E9D90,
0xF98F9D91,
0xF9909D92,
0xF9919D93,
0xF9929D94,
0xF9939D95,
0xF9949D96,
0xF9959D97,
0xF9969D98,
0xF9979D99,
0xF9989D9A,
0xF9999D9B,
0xF99A9D9C,
0xF99B9D9D,
0xF99C9D9E,
0xF99D9D9F,
0xF99E9DA0,
0xF99F9DA1,
0xF9A09DA2,
0xFA409DA3,
0xFA419DA4,
0xFA429DA5,
0xFA439DA6,
0xFA449DA7,
0xFA459DA8,
0xFA469DA9,
0xFA479DAA,
0xFA489DAB,
0xFA499DAC,
0xFA4A9DAD,
0xFA4B9DAE,
0xFA4C9DAF,
0xFA4D9DB0,
0xFA4E9DB1,
0xFA4F9DB2,
0xFA509DB3,
0xFA519DB4,
0xFA529DB5,
0xFA539DB6,
0xFA549DB7,
0xFA559DB8,
0xFA569DB9,
0xFA579DBA,
0xFA589DBB,
0xFA599DBC,
0xFA5A9DBD,
0xFA5B9DBE,
0xFA5C9DBF,
0xFA5D9DC0,
0xFA5E9DC1,
0xFA5F9DC2,
0xFA609DC3,
0xFA619DC4,
0xFA629DC5,
0xFA639DC6,
0xFA649DC7,
0xFA659DC8,
0xFA669DC9,
0xFA679DCA,
0xFA689DCB,
0xFA699DCC,
0xFA6A9DCD,
0xFA6B9DCE,
0xFA6C9DCF,
0xFA6D9DD0,
0xFA6E9DD1,
0xFA6F9DD2,
0xFA709DD3,
0xFA719DD4,
0xFA729DD5,
0xFA739DD6,
0xFA749DD7,
0xFA759DD8,
0xFA769DD9,
0xFA779DDA,
0xFA789DDB,
0xFA799DDC,
0xFA7A9DDD,
0xFA7B9DDE,
0xFA7C9DDF,
0xFA7D9DE0,
0xFA7E9DE1,
0xFA809DE2,
0xFA819DE3,
0xFA829DE4,
0xFA839DE5,
0xFA849DE6,
0xFA859DE7,
0xFA869DE8,
0xFA879DE9,
0xFA889DEA,
0xFA899DEB,
0xFA8A9DEC,
0xFA8B9DED,
0xFA8C9DEE,
0xFA8D9DEF,
0xFA8E9DF0,
0xFA8F9DF1,
0xFA909DF2,
0xFA919DF3,
0xFA929DF4,
0xFA939DF5,
0xFA949DF6,
0xFA959DF7,
0xFA969DF8,
0xFA979DF9,
0xFA989DFA,
0xFA999DFB,
0xFA9A9DFC,
0xFA9B9DFD,
0xFA9C9DFE,
0xFA9D9DFF,
0xFA9E9E00,
0xFA9F9E01,
0xFAA09E02,
0xFB409E03,
0xFB419E04,
0xFB429E05,
0xFB439E06,
0xFB449E07,
0xFB459E08,
0xFB469E09,
0xFB479E0A,
0xFB489E0B,
0xFB499E0C,
0xFB4A9E0D,
0xFB4B9E0E,
0xFB4C9E0F,
0xFB4D9E10,
0xFB4E9E11,
0xFB4F9E12,
0xFB509E13,
0xFB519E14,
0xFB529E15,
0xFB539E16,
0xFB549E17,
0xFB559E18,
0xFB569E19,
0xFB579E1A,
0xFB589E1B,
0xFB599E1C,
0xFB5A9E1D,
0xFB5B9E1E,
0xFB5C9E24,
0xFB5D9E27,
0xFB5E9E2E,
0xFB5F9E30,
0xFB609E34,
0xFB619E3B,
0xFB629E3C,
0xFB639E40,
0xFB649E4D,
0xFB659E50,
0xFB669E52,
0xFB679E53,
0xFB689E54,
0xFB699E56,
0xFB6A9E59,
0xFB6B9E5D,
0xFB6C9E5F,
0xFB6D9E60,
0xFB6E9E61,
0xFB6F9E62,
0xFB709E65,
0xFB719E6E,
0xFB729E6F,
0xFB739E72,
0xFB749E74,
0xFB759E75,
0xFB769E76,
0xFB779E77,
0xFB789E78,
0xFB799E79,
0xFB7A9E7A,
0xFB7B9E7B,
0xFB7C9E7C,
0xFB7D9E7D,
0xFB7E9E80,
0xFB809E81,
0xFB819E83,
0xFB829E84,
0xFB839E85,
0xFB849E86,
0xFB859E89,
0xFB869E8A,
0xFB879E8C,
0xFB889E8D,
0xFB899E8E,
0xFB8A9E8F,
0xFB8B9E90,
0xFB8C9E91,
0xFB8D9E94,
0xFB8E9E95,
0xFB8F9E96,
0xFB909E97,
0xFB919E98,
0xFB929E99,
0xFB939E9A,
0xFB949E9B,
0xFB959E9C,
0xFB969E9E,
0xFB979EA0,
0xFB989EA1,
0xFB999EA2,
0xFB9A9EA3,
0xFB9B9EA4,
0xFB9C9EA5,
0xFB9D9EA7,
0xFB9E9EA8,
0xFB9F9EA9,
0xFBA09EAA,
0xFC409EAB,
0xFC419EAC,
0xFC429EAD,
0xFC439EAE,
0xFC449EAF,
0xFC459EB0,
0xFC469EB1,
0xFC479EB2,
0xFC489EB3,
0xFC499EB5,
0xFC4A9EB6,
0xFC4B9EB7,
0xFC4C9EB9,
0xFC4D9EBA,
0xFC4E9EBC,
0xFC4F9EBF,
0xFC509EC0,
0xFC519EC1,
0xFC529EC2,
0xFC539EC3,
0xFC549EC5,
0xFC559EC6,
0xFC569EC7,
0xFC579EC8,
0xFC589ECA,
0xFC599ECB,
0xFC5A9ECC,
0xFC5B9ED0,
0xFC5C9ED2,
0xFC5D9ED3,
0xFC5E9ED5,
0xFC5F9ED6,
0xFC609ED7,
0xFC619ED9,
0xFC629EDA,
0xFC639EDE,
0xFC649EE1,
0xFC659EE3,
0xFC669EE4,
0xFC679EE6,
0xFC689EE8,
0xFC699EEB,
0xFC6A9EEC,
0xFC6B9EED,
0xFC6C9EEE,
0xFC6D9EF0,
0xFC6E9EF1,
0xFC6F9EF2,
0xFC709EF3,
0xFC719EF4,
0xFC729EF5,
0xFC739EF6,
0xFC749EF7,
0xFC759EF8,
0xFC769EFA,
0xFC779EFD,
0xFC789EFF,
0xFC799F00,
0xFC7A9F01,
0xFC7B9F02,
0xFC7C9F03,
0xFC7D9F04,
0xFC7E9F05,
0xFC809F06,
0xFC819F07,
0xFC829F08,
0xFC839F09,
0xFC849F0A,
0xFC859F0C,
0xFC869F0F,
0xFC879F11,
0xFC889F12,
0xFC899F14,
0xFC8A9F15,
0xFC8B9F16,
0xFC8C9F18,
0xFC8D9F1A,
0xFC8E9F1B,
0xFC8F9F1C,
0xFC909F1D,
0xFC919F1E,
0xFC929F1F,
0xFC939F21,
0xFC949F23,
0xFC959F24,
0xFC969F25,
0xFC979F26,
0xFC989F27,
0xFC999F28,
0xFC9A9F29,
0xFC9B9F2A,
0xFC9C9F2B,
0xFC9D9F2D,
0xFC9E9F2E,
0xFC9F9F30,
0xFCA09F31,
0xFD409F32,
0xFD419F33,
0xFD429F34,
0xFD439F35,
0xFD449F36,
0xFD459F38,
0xFD469F3A,
0xFD479F3C,
0xFD489F3F,
0xFD499F40,
0xFD4A9F41,
0xFD4B9F42,
0xFD4C9F43,
0xFD4D9F45,
0xFD4E9F46,
0xFD4F9F47,
0xFD509F48,
0xFD519F49,
0xFD529F4A,
0xFD539F4B,
0xFD549F4C,
0xFD559F4D,
0xFD569F4E,
0xFD579F4F,
0xFD589F52,
0xFD599F53,
0xFD5A9F54,
0xFD5B9F55,
0xFD5C9F56,
0xFD5D9F57,
0xFD5E9F58,
0xFD5F9F59,
0xFD609F5A,
0xFD619F5B,
0xFD629F5C,
0xFD639F5D,
0xFD649F5E,
0xFD659F5F,
0xFD669F60,
0xFD679F61,
0xFD689F62,
0xFD699F63,
0xFD6A9F64,
0xFD6B9F65,
0xFD6C9F66,
0xFD6D9F67,
0xFD6E9F68,
0xFD6F9F69,
0xFD709F6A,
0xFD719F6B,
0xFD729F6C,
0xFD739F6D,
0xFD749F6E,
0xFD759F6F,
0xFD769F70,
0xFD779F71,
0xFD789F72,
0xFD799F73,
0xFD7A9F74,
0xFD7B9F75,
0xFD7C9F76,
0xFD7D9F77,
0xFD7E9F78,
0xFD809F79,
0xFD819F7A,
0xFD829F7B,
0xFD839F7C,
0xFD849F7D,
0xFD859F7E,
0xFD869F81,
0xFD879F82,
0xFD889F8D,
0xFD899F8E,
0xFD8A9F8F,
0xFD8B9F90,
0xFD8C9F91,
0xFD8D9F92,
0xFD8E9F93,
0xFD8F9F94,
0xFD909F95,
0xFD919F96,
0xFD929F97,
0xFD939F98,
0xFD949F9C,
0xFD959F9D,
0xFD969F9E,
0xFD979FA1,
0xFD989FA2,
0xFD999FA3,
0xFD9A9FA4,
0xFD9B9FA5,
0xFD9CF92C,
0xFD9DF979,
0xFD9EF995,
0xFD9FF9E7,
0xFDA0F9F1,
0xFE40FA0C,
0xFE41FA0D,
0xFE42FA0E,
0xFE43FA0F,
0xFE44FA11,
0xFE45FA13,
0xFE46FA14,
0xFE47FA18,
0xFE48FA1F,
0xFE49FA20,
0xFE4AFA21,
0xFE4BFA23,
0xFE4CFA24,
0xFE4DFA27,
0xFE4EFA28,
0xFE4FFA29,
};
